Copyright 1986-2022 Xilinx, Inc. All Rights Reserved. Copyright 2022-2026 Advanced Micro Devices, Inc. All Rights Reserved.
---------------------------------------------------------------------------------------------------------------------------------------------
| Tool Version : Vivado v.2025.2.1 (win64) Build 6403652 Thu Mar 19 19:48:24 GMT 2026
| Date         : Wed Sep 23 03:49:59 2026
| Host         : Uie-laptop running 64-bit major release  (build 9200)
| Command      : report_timing_summary -file D:/Xilinx/Prj/pro/Video_Processing/build/timing_summary.rpt
| Design       : system_top
| Device       : 7z020-clg484
| Speed File   : -2  PRODUCTION 1.12 2019-11-22
| Design State : Routed
---------------------------------------------------------------------------------------------------------------------------------------------

Timing Summary Report

------------------------------------------------------------------------------------------------
| Timer Settings
| --------------
------------------------------------------------------------------------------------------------

  Enable Multi Corner Analysis               :  Yes
  Enable Pessimism Removal                   :  Yes
  Pessimism Removal Resolution               :  Nearest Common Node
  Enable Input Delay Default Clock           :  No
  Enable Preset / Clear Arcs                 :  No
  Disable Flight Delays                      :  No
  Ignore I/O Paths                           :  No
  Timing Early Launch at Borrowing Latches   :  No
  Borrow Time for Max Delay Exceptions       :  Yes
  Merge Timing Exceptions                    :  Yes
  Inter-SLR Compensation                     :  Conservative

  Corner  Analyze    Analyze    
  Name    Max Paths  Min Paths  
  ------  ---------  ---------  
  Slow    Yes        Yes        
  Fast    Yes        Yes        


------------------------------------------------------------------------------------------------
| Report Methodology
| ------------------
------------------------------------------------------------------------------------------------

Rule       Severity  Description                                                Violations  
---------  --------  ---------------------------------------------------------  ----------  
DPIR-1     Warning   Asynchronous driver check                                  165         
LUTAR-1    Warning   LUT drives async reset alert                               1           
SYNTH-5    Warning   Mapped onto distributed RAM because of timing constraints  48          
SYNTH-6    Warning   Timing of a RAM block might be sub-optimal                 92          
TIMING-9   Warning   Unknown CDC Logic                                          1           
TIMING-10  Warning   Missing property on synchronizer                           1           
TIMING-18  Warning   Missing input or output delay                              7           

Note: This report is based on the most recent report_methodology run and may not be up-to-date. Run report_methodology on the current design for the latest report.



check_timing report

Table of Contents
-----------------
1. checking no_clock (0)
2. checking constant_clock (0)
3. checking pulse_width_clock (0)
4. checking unconstrained_internal_endpoints (0)
5. checking no_input_delay (7)
6. checking no_output_delay (12)
7. checking multiple_clock (0)
8. checking generated_clocks (0)
9. checking loops (0)
10. checking partial_input_delay (0)
11. checking partial_output_delay (0)
12. checking latch_loops (0)

1. checking no_clock (0)
------------------------
 There are 0 register/latch pins with no clock.


2. checking constant_clock (0)
------------------------------
 There are 0 register/latch pins with constant_clock.


3. checking pulse_width_clock (0)
---------------------------------
 There are 0 register/latch pins which need pulse_width check


4. checking unconstrained_internal_endpoints (0)
------------------------------------------------
 There are 0 pins that are not constrained for maximum delay.

 There are 0 pins that are not constrained for maximum delay due to constant clock.


5. checking no_input_delay (7)
------------------------------
 There are 5 input ports with no input delay specified. (HIGH)

 There are 2 input ports with no input delay but user has a false path constraint. (MEDIUM)


6. checking no_output_delay (12)
--------------------------------
 There are 6 ports with no output delay specified. (HIGH)

 There are 6 ports with no output delay but user has a false path constraint (MEDIUM)

 There are 0 ports with no output delay but with a timing clock defined on it or propagating through it


7. checking multiple_clock (0)
------------------------------
 There are 0 register/latch pins with multiple clocks.


8. checking generated_clocks (0)
--------------------------------
 There are 0 generated clocks that are not connected to a clock source.


9. checking loops (0)
---------------------
 There are 0 combinational loops in the design.


10. checking partial_input_delay (0)
------------------------------------
 There are 0 input ports with partial input delay specified.


11. checking partial_output_delay (0)
-------------------------------------
 There are 0 ports with partial output delay specified.


12. checking latch_loops (0)
----------------------------
 There are 0 combinational latch loops in the design through latch input



------------------------------------------------------------------------------------------------
| Design Timing Summary
| ---------------------
------------------------------------------------------------------------------------------------

    WNS(ns)      TNS(ns)  TNS Failing Endpoints  TNS Total Endpoints      WHS(ns)      THS(ns)  THS Failing Endpoints  THS Total Endpoints     WPWS(ns)     TPWS(ns)  TPWS Failing Endpoints  TPWS Total Endpoints  
    -------      -------  ---------------------  -------------------      -------      -------  ---------------------  -------------------     --------     --------  ----------------------  --------------------  
     -0.327      -18.320                    193                24704        0.047        0.000                      0                24704        0.264        0.000                       0                  8232  


Timing constraints are not met.


------------------------------------------------------------------------------------------------
| Clock Summary
| -------------
------------------------------------------------------------------------------------------------

Clock         Waveform(ns)         Period(ns)      Frequency(MHz)
-----         ------------         ----------      --------------
clk_fpga_0    {0.000 5.000}        10.000          100.000         
eth_rxc       {0.000 4.000}        8.000           125.000         
sys_clk       {0.000 10.000}       20.000          50.000          
  clkfbout    {0.000 10.000}       20.000          50.000          
  clkfbout_1  {0.000 10.000}       20.000          50.000          
  clkout0_1   {0.000 10.000}       20.000          50.000          
  clkout1_1   {0.000 2.000}        4.000           250.000         
  clkout2     {0.000 2.500}        5.000           200.000         


------------------------------------------------------------------------------------------------
| Intra Clock Table
| -----------------
------------------------------------------------------------------------------------------------

Clock             WNS(ns)      TNS(ns)  TNS Failing Endpoints  TNS Total Endpoints      WHS(ns)      THS(ns)  THS Failing Endpoints  THS Total Endpoints     WPWS(ns)     TPWS(ns)  TPWS Failing Endpoints  TPWS Total Endpoints  
-----             -------      -------  ---------------------  -------------------      -------      -------  ---------------------  -------------------     --------     --------  ----------------------  --------------------  
clk_fpga_0          1.439        0.000                      0                13889        0.048        0.000                      0                13889        3.870        0.000                       0                  3457  
eth_rxc             0.599        0.000                      0                 4645        0.047        0.000                      0                 4645        3.500        0.000                       0                  2440  
sys_clk            14.929        0.000                      0                  199        0.121        0.000                      0                  199        7.000        0.000                       0                   156  
  clkfbout                                                                                                                                                     18.408        0.000                       0                     3  
  clkfbout_1                                                                                                                                                   18.408        0.000                       0                     3  
  clkout0_1         0.922        0.000                      0                 3740        0.082        0.000                      0                 3740        8.870        0.000                       0                  1630  
  clkout1_1        -0.327      -18.320                    193                 1942        0.121        0.000                      0                 1942        1.500        0.000                       0                   540  
  clkout2                                                                                                                                                       0.264        0.000                       0                     3  


------------------------------------------------------------------------------------------------
| Inter Clock Table
| -----------------
------------------------------------------------------------------------------------------------

From Clock    To Clock          WNS(ns)      TNS(ns)  TNS Failing Endpoints  TNS Total Endpoints      WHS(ns)      THS(ns)  THS Failing Endpoints  THS Total Endpoints  
----------    --------          -------      -------  ---------------------  -------------------      -------      -------  ---------------------  -------------------  
clkout0_1     sys_clk            16.717        0.000                      0                    1        0.399        0.000                      0                    1  
sys_clk       clkout0_1           6.544        0.000                      0                  152        0.359        0.000                      0                  152  
clkout1_1     clkout0_1           1.116        0.000                      0                  147        0.098        0.000                      0                  147  
clkout0_1     clkout1_1           0.788        0.000                      0                  104        0.137        0.000                      0                  104  


------------------------------------------------------------------------------------------------
| Other Path Groups Table
| -----------------------
------------------------------------------------------------------------------------------------

Path Group    From Clock    To Clock          WNS(ns)      TNS(ns)  TNS Failing Endpoints  TNS Total Endpoints      WHS(ns)      THS(ns)  THS Failing Endpoints  THS Total Endpoints  
----------    ----------    --------          -------      -------  ---------------------  -------------------      -------      -------  ---------------------  -------------------  


------------------------------------------------------------------------------------------------
| Timing Details
| --------------
------------------------------------------------------------------------------------------------


---------------------------------------------------------------------------------------------------
From Clock:  clk_fpga_0
  To Clock:  clk_fpga_0

Setup :            0  Failing Endpoints,  Worst Slack        1.439ns,  Total Violation        0.000ns
Hold  :            0  Failing Endpoints,  Worst Slack        0.048ns,  Total Violation        0.000ns
PW    :            0  Failing Endpoints,  Worst Slack        3.870ns,  Total Violation        0.000ns
---------------------------------------------------------------------------------------------------


Max Delay Paths
--------------------------------------------------------------------------------------
Slack (MET) :             1.439ns  (required time - arrival time)
  Source:                 u_eth/u_saver/wptr_reg[0]/C
                            (rising edge-triggered cell FDCE clocked by clk_fpga_0  {rise@0.000ns fall@5.000ns period=10.000ns})
  Destination:            u_eth/u_saver/q_data_reg_256_319_60_62/RAMA/WADR0
                            (rising edge-triggered cell RAMD64E clocked by clk_fpga_0  {rise@0.000ns fall@5.000ns period=10.000ns})
  Path Group:             clk_fpga_0
  Path Type:              Setup (Max at Slow Process Corner)
  Requirement:            10.000ns  (clk_fpga_0 rise@10.000ns - clk_fpga_0 rise@0.000ns)
  Data Path Delay:        8.405ns  (logic 0.379ns (4.509%)  route 8.026ns (95.491%))
  Logic Levels:           0  
  Clock Path Skew:        -0.064ns (DCD - SCD + CPR)
    Destination Clock Delay (DCD):    2.296ns = ( 12.296 - 10.000 ) 
    Source Clock Delay      (SCD):    2.553ns
    Clock Pessimism Removal (CPR):    0.193ns
  Clock Uncertainty:      0.154ns  ((TSJ^2 + TIJ^2)^1/2 + DJ) / 2 + PE
    Total System Jitter     (TSJ):    0.071ns
    Total Input Jitter      (TIJ):    0.300ns
    Discrete Jitter          (DJ):    0.000ns
    Phase Error              (PE):    0.000ns

    Location             Delay type                Incr(ns)  Path(ns)    Netlist Resource(s)
  -------------------------------------------------------------------    -------------------
                         (clock clk_fpga_0 rise edge)
                                                      0.000     0.000 r  
    PS7_X0Y0             PS7                          0.000     0.000 r  u_bd/design_1_i/processing_system7_0/inst/PS7_i/FCLKCLK[0]
                         net (fo=1, routed)           0.994     0.994    u_bd/design_1_i/processing_system7_0/inst/FCLK_CLK_unbuffered[0]
    BUFGCTRL_X0Y16       BUFG (Prop_bufg_I_O)         0.085     1.079 r  u_bd/design_1_i/processing_system7_0/inst/buffer_fclk_clk_0.FCLK_CLK_0_BUFG/O
                         net (fo=3458, routed)        1.474     2.553    u_eth/u_saver/FCLK_CLK0
    SLICE_X24Y38         FDCE                                         r  u_eth/u_saver/wptr_reg[0]/C
  -------------------------------------------------------------------    -------------------
    SLICE_X24Y38         FDCE (Prop_fdce_C_Q)         0.379     2.932 r  u_eth/u_saver/wptr_reg[0]/Q
                         net (fo=1176, routed)        8.026    10.958    u_eth/u_saver/q_data_reg_256_319_60_62/ADDRD0
    SLICE_X8Y26          RAMD64E                                      r  u_eth/u_saver/q_data_reg_256_319_60_62/RAMA/WADR0
  -------------------------------------------------------------------    -------------------

                         (clock clk_fpga_0 rise edge)
                                                     10.000    10.000 r  
    PS7_X0Y0             PS7                          0.000    10.000 r  u_bd/design_1_i/processing_system7_0/inst/PS7_i/FCLKCLK[0]
                         net (fo=1, routed)           0.905    10.906    u_bd/design_1_i/processing_system7_0/inst/FCLK_CLK_unbuffered[0]
    BUFGCTRL_X0Y16       BUFG (Prop_bufg_I_O)         0.077    10.983 r  u_bd/design_1_i/processing_system7_0/inst/buffer_fclk_clk_0.FCLK_CLK_0_BUFG/O
                         net (fo=3458, routed)        1.314    12.296    u_eth/u_saver/q_data_reg_256_319_60_62/WCLK
    SLICE_X8Y26          RAMD64E                                      r  u_eth/u_saver/q_data_reg_256_319_60_62/RAMA/CLK
                         clock pessimism              0.193    12.489    
                         clock uncertainty           -0.154    12.335    
    SLICE_X8Y26          RAMD64E (Setup_ramd64e_CLK_WADR0)
                                                      0.062    12.397    u_eth/u_saver/q_data_reg_256_319_60_62/RAMA
  -------------------------------------------------------------------
                         required time                         12.397    
                         arrival time                         -10.958    
  -------------------------------------------------------------------
                         slack                                  1.439    





Min Delay Paths
--------------------------------------------------------------------------------------
Slack (MET) :             0.048ns  (arrival time - required time)
  Source:                 u_eth/u_saver/cur_data_reg[24]/C
                            (rising edge-triggered cell FDCE clocked by clk_fpga_0  {rise@0.000ns fall@5.000ns period=10.000ns})
  Destination:            u_eth/u_saver/q_data_reg_448_511_24_26/RAMA/I
                            (rising edge-triggered cell RAMD64E clocked by clk_fpga_0  {rise@0.000ns fall@5.000ns period=10.000ns})
  Path Group:             clk_fpga_0
  Path Type:              Hold (Min at Fast Process Corner)
  Requirement:            0.000ns  (clk_fpga_0 rise@0.000ns - clk_fpga_0 rise@0.000ns)
  Data Path Delay:        0.208ns  (logic 0.141ns (67.835%)  route 0.067ns (32.165%))
  Logic Levels:           0  
  Clock Path Skew:        0.013ns (DCD - SCD - CPR)
    Destination Clock Delay (DCD):    1.226ns
    Source Clock Delay      (SCD):    0.928ns
    Clock Pessimism Removal (CPR):    0.285ns

    Location             Delay type                Incr(ns)  Path(ns)    Netlist Resource(s)
  -------------------------------------------------------------------    -------------------
                         (clock clk_fpga_0 rise edge)
                                                      0.000     0.000 r  
    PS7_X0Y0             PS7                          0.000     0.000 r  u_bd/design_1_i/processing_system7_0/inst/PS7_i/FCLKCLK[0]
                         net (fo=1, routed)           0.310     0.310    u_bd/design_1_i/processing_system7_0/inst/FCLK_CLK_unbuffered[0]
    BUFGCTRL_X0Y16       BUFG (Prop_bufg_I_O)         0.026     0.336 r  u_bd/design_1_i/processing_system7_0/inst/buffer_fclk_clk_0.FCLK_CLK_0_BUFG/O
                         net (fo=3458, routed)        0.592     0.928    u_eth/u_saver/FCLK_CLK0
    SLICE_X11Y36         FDCE                                         r  u_eth/u_saver/cur_data_reg[24]/C
  -------------------------------------------------------------------    -------------------
    SLICE_X11Y36         FDCE (Prop_fdce_C_Q)         0.141     1.069 r  u_eth/u_saver/cur_data_reg[24]/Q
                         net (fo=8, routed)           0.067     1.135    u_eth/u_saver/q_data_reg_448_511_24_26/DIA
    SLICE_X10Y36         RAMD64E                                      r  u_eth/u_saver/q_data_reg_448_511_24_26/RAMA/I
  -------------------------------------------------------------------    -------------------

                         (clock clk_fpga_0 rise edge)
                                                      0.000     0.000 r  
    PS7_X0Y0             PS7                          0.000     0.000 r  u_bd/design_1_i/processing_system7_0/inst/PS7_i/FCLKCLK[0]
                         net (fo=1, routed)           0.337     0.337    u_bd/design_1_i/processing_system7_0/inst/FCLK_CLK_unbuffered[0]
    BUFGCTRL_X0Y16       BUFG (Prop_bufg_I_O)         0.029     0.366 r  u_bd/design_1_i/processing_system7_0/inst/buffer_fclk_clk_0.FCLK_CLK_0_BUFG/O
                         net (fo=3458, routed)        0.860     1.226    u_eth/u_saver/q_data_reg_448_511_24_26/WCLK
    SLICE_X10Y36         RAMD64E                                      r  u_eth/u_saver/q_data_reg_448_511_24_26/RAMA/CLK
                         clock pessimism             -0.285     0.941    
    SLICE_X10Y36         RAMD64E (Hold_ramd64e_CLK_I)
                                                      0.147     1.087    u_eth/u_saver/q_data_reg_448_511_24_26/RAMA
  -------------------------------------------------------------------
                         required time                         -1.088    
                         arrival time                           1.135    
  -------------------------------------------------------------------
                         slack                                  0.048    





Pulse Width Checks
--------------------------------------------------------------------------------------
Clock Name:         clk_fpga_0
Waveform(ns):       { 0.000 5.000 }
Period(ns):         10.000
Sources:            { u_bd/design_1_i/processing_system7_0/inst/PS7_i/FCLKCLK[0] }

Check Type        Corner  Lib Pin             Reference Pin  Required(ns)  Actual(ns)  Slack(ns)  Location      Pin
Min Period        n/a     RAMB36E1/CLKBWRCLK  n/a            2.170         10.000      7.830      RAMB36_X0Y3   u_eth/u_cdc/mem_reg_0/CLKBWRCLK
Low Pulse Width   Slow    RAMD64E/CLK         n/a            1.130         5.000       3.870      SLICE_X18Y28  u_eth/u_saver/q_addr_reg_0_63_12_14/RAMA/CLK
High Pulse Width  Slow    RAMD64E/CLK         n/a            1.130         5.000       3.870      SLICE_X18Y28  u_eth/u_saver/q_addr_reg_0_63_12_14/RAMA/CLK



---------------------------------------------------------------------------------------------------
From Clock:  eth_rxc
  To Clock:  eth_rxc

Setup :            0  Failing Endpoints,  Worst Slack        0.599ns,  Total Violation        0.000ns
Hold  :            0  Failing Endpoints,  Worst Slack        0.047ns,  Total Violation        0.000ns
PW    :            0  Failing Endpoints,  Worst Slack        3.500ns,  Total Violation        0.000ns
---------------------------------------------------------------------------------------------------


Max Delay Paths
--------------------------------------------------------------------------------------
Slack (MET) :             0.599ns  (required time - arrival time)
  Source:                 u_eth/u_cdc/wbin_reg[2]/C
                            (rising edge-triggered cell FDCE clocked by eth_rxc  {rise@0.000ns fall@4.000ns period=8.000ns})
  Destination:            u_eth/u_lm/drop_words_reg[20]/CE
                            (rising edge-triggered cell FDCE clocked by eth_rxc  {rise@0.000ns fall@4.000ns period=8.000ns})
  Path Group:             eth_rxc
  Path Type:              Setup (Max at Slow Process Corner)
  Requirement:            8.000ns  (eth_rxc rise@8.000ns - eth_rxc rise@0.000ns)
  Data Path Delay:        7.019ns  (logic 2.626ns (37.414%)  route 4.393ns (62.586%))
  Logic Levels:           7  (CARRY4=4 LUT4=2 LUT5=1)
  Clock Path Skew:        -0.179ns (DCD - SCD + CPR)
    Destination Clock Delay (DCD):    4.423ns = ( 12.423 - 8.000 ) 
    Source Clock Delay      (SCD):    4.848ns
    Clock Pessimism Removal (CPR):    0.246ns
  Clock Uncertainty:      0.035ns  ((TSJ^2 + TIJ^2)^1/2 + DJ) / 2 + PE
    Total System Jitter     (TSJ):    0.071ns
    Total Input Jitter      (TIJ):    0.000ns
    Discrete Jitter          (DJ):    0.000ns
    Phase Error              (PE):    0.000ns

    Location             Delay type                Incr(ns)  Path(ns)    Netlist Resource(s)
  -------------------------------------------------------------------    -------------------
                         (clock eth_rxc rise edge)    0.000     0.000 r  
    Y19                                               0.000     0.000 r  eth_rxc (IN)
                         net (fo=0)                   0.000     0.000    eth_rxc
    Y19                  IBUF (Prop_ibuf_I_O)         1.430     1.430 r  eth_rxc_IBUF_inst/O
                         net (fo=2, routed)           1.873     3.303    u_eth/u_rgmii/u_rgmii_rx/rgmii_rxc
    BUFGCTRL_X0Y0        BUFG (Prop_bufg_I_O)         0.085     3.388 r  u_eth/u_rgmii/u_rgmii_rx/BUFG_inst/O
                         net (fo=2434, routed)        1.460     4.848    u_eth/u_cdc/gmii_rx_clk
    SLICE_X30Y20         FDCE                                         r  u_eth/u_cdc/wbin_reg[2]/C
  -------------------------------------------------------------------    -------------------
    SLICE_X30Y20         FDCE (Prop_fdce_C_Q)         0.433     5.281 r  u_eth/u_cdc/wbin_reg[2]/Q
                         net (fo=11, routed)          0.605     5.885    u_eth/u_cdc/wbin_reg[2]
    SLICE_X28Y18         CARRY4 (Prop_carry4_S[1]_CO[3])
                                                      0.562     6.447 r  u_eth/u_cdc/wgray_reg[4]_i_2/CO[3]
                         net (fo=1, routed)           0.000     6.447    u_eth/u_cdc/wgray_reg[4]_i_2_n_0
    SLICE_X28Y19         CARRY4 (Prop_carry4_CI_O[1])
                                                      0.265     6.712 r  u_eth/u_cdc/wgray_reg[8]_i_2/O[1]
                         net (fo=4, routed)           0.717     7.429    u_eth/u_cdc/b1_in__0[6]
    SLICE_X29Y20         LUT5 (Prop_lut5_I2_O)        0.250     7.679 r  u_eth/u_cdc/full_d_i_10/O
                         net (fo=1, routed)           0.334     8.013    u_eth/u_cdc/full_d_i_10_n_0
    SLICE_X27Y20         LUT4 (Prop_lut4_I3_O)        0.105     8.118 r  u_eth/u_cdc/full_d_i_6/O
                         net (fo=1, routed)           0.000     8.118    u_eth/u_cdc/full_d_i_6_n_0
    SLICE_X27Y20         CARRY4 (Prop_carry4_S[1]_CO[3])
                                                      0.457     8.575 r  u_eth/u_cdc/full_d_reg_i_2/CO[3]
                         net (fo=1, routed)           0.000     8.575    u_eth/u_cdc/full_d_reg_i_2_n_0
    SLICE_X27Y21         CARRY4 (Prop_carry4_CI_CO[0])
                                                      0.245     8.820 r  u_eth/u_cdc/full_d_reg_i_1/CO[0]
                         net (fo=6, routed)           0.698     9.519    u_eth/u_reasm/wr_full
    SLICE_X28Y26         LUT4 (Prop_lut4_I0_O)        0.309     9.828 r  u_eth/u_reasm/drop_words[0]_i_1/O
                         net (fo=32, routed)          2.039    11.867    u_eth/u_lm/drop_words0
    SLICE_X56Y83         FDCE                                         r  u_eth/u_lm/drop_words_reg[20]/CE
  -------------------------------------------------------------------    -------------------

                         (clock eth_rxc rise edge)    8.000     8.000 r  
    Y19                                               0.000     8.000 r  eth_rxc (IN)
                         net (fo=0)                   0.000     8.000    eth_rxc
    Y19                  IBUF (Prop_ibuf_I_O)         1.364     9.364 r  eth_rxc_IBUF_inst/O
                         net (fo=2, routed)           1.701    11.065    u_eth/u_rgmii/u_rgmii_rx/rgmii_rxc
    BUFGCTRL_X0Y0        BUFG (Prop_bufg_I_O)         0.077    11.142 r  u_eth/u_rgmii/u_rgmii_rx/BUFG_inst/O
                         net (fo=2434, routed)        1.281    12.423    u_eth/u_lm/gmii_rx_clk
    SLICE_X56Y83         FDCE                                         r  u_eth/u_lm/drop_words_reg[20]/C
                         clock pessimism              0.246    12.669    
                         clock uncertainty           -0.035    12.633    
    SLICE_X56Y83         FDCE (Setup_fdce_C_CE)      -0.168    12.465    u_eth/u_lm/drop_words_reg[20]
  -------------------------------------------------------------------
                         required time                         12.465    
                         arrival time                         -11.867    
  -------------------------------------------------------------------
                         slack                                  0.599    





Min Delay Paths
--------------------------------------------------------------------------------------
Slack (MET) :             0.047ns  (arrival time - required time)
  Source:                 u_eth/u_icmp_fifo/rptr_reg_rep[9]/C
                            (rising edge-triggered cell FDCE clocked by eth_rxc  {rise@0.000ns fall@4.000ns period=8.000ns})
  Destination:            u_eth/u_icmp_fifo/mem_reg/ADDRBWRADDR[12]
                            (rising edge-triggered cell RAMB18E1 clocked by eth_rxc  {rise@0.000ns fall@4.000ns period=8.000ns})
  Path Group:             eth_rxc
  Path Type:              Hold (Min at Fast Process Corner)
  Requirement:            0.000ns  (eth_rxc rise@0.000ns - eth_rxc rise@0.000ns)
  Data Path Delay:        0.285ns  (logic 0.141ns (49.503%)  route 0.144ns (50.497%))
  Logic Levels:           0  
  Clock Path Skew:        0.055ns (DCD - SCD - CPR)
    Destination Clock Delay (DCD):    2.135ns
    Source Clock Delay      (SCD):    1.578ns
    Clock Pessimism Removal (CPR):    0.502ns

    Location             Delay type                Incr(ns)  Path(ns)    Netlist Resource(s)
  -------------------------------------------------------------------    -------------------
                         (clock eth_rxc rise edge)    0.000     0.000 r  
    Y19                                               0.000     0.000 r  eth_rxc (IN)
                         net (fo=0)                   0.000     0.000    eth_rxc
    Y19                  IBUF (Prop_ibuf_I_O)         0.266     0.266 r  eth_rxc_IBUF_inst/O
                         net (fo=2, routed)           0.674     0.940    u_eth/u_rgmii/u_rgmii_rx/rgmii_rxc
    BUFGCTRL_X0Y0        BUFG (Prop_bufg_I_O)         0.026     0.966 r  u_eth/u_rgmii/u_rgmii_rx/BUFG_inst/O
                         net (fo=2434, routed)        0.612     1.578    u_eth/u_icmp_fifo/gmii_rx_clk
    SLICE_X105Y6         FDCE                                         r  u_eth/u_icmp_fifo/rptr_reg_rep[9]/C
  -------------------------------------------------------------------    -------------------
    SLICE_X105Y6         FDCE (Prop_fdce_C_Q)         0.141     1.719 r  u_eth/u_icmp_fifo/rptr_reg_rep[9]/Q
                         net (fo=1, routed)           0.144     1.863    u_eth/u_icmp_fifo/rptr_reg_rep[9]
    RAMB18_X5Y2          RAMB18E1                                     r  u_eth/u_icmp_fifo/mem_reg/ADDRBWRADDR[12]
  -------------------------------------------------------------------    -------------------

                         (clock eth_rxc rise edge)    0.000     0.000 r  
    Y19                                               0.000     0.000 r  eth_rxc (IN)
                         net (fo=0)                   0.000     0.000    eth_rxc
    Y19                  IBUF (Prop_ibuf_I_O)         0.454     0.454 r  eth_rxc_IBUF_inst/O
                         net (fo=2, routed)           0.731     1.185    u_eth/u_rgmii/u_rgmii_rx/rgmii_rxc
    BUFGCTRL_X0Y0        BUFG (Prop_bufg_I_O)         0.029     1.214 r  u_eth/u_rgmii/u_rgmii_rx/BUFG_inst/O
                         net (fo=2434, routed)        0.921     2.135    u_eth/u_icmp_fifo/gmii_rx_clk
    RAMB18_X5Y2          RAMB18E1                                     r  u_eth/u_icmp_fifo/mem_reg/CLKBWRCLK
                         clock pessimism             -0.502     1.633    
    RAMB18_X5Y2          RAMB18E1 (Hold_ramb18e1_CLKBWRCLK_ADDRBWRADDR[12])
                                                      0.183     1.816    u_eth/u_icmp_fifo/mem_reg
  -------------------------------------------------------------------
                         required time                         -1.816    
                         arrival time                           1.863    
  -------------------------------------------------------------------
                         slack                                  0.047    





Pulse Width Checks
--------------------------------------------------------------------------------------
Clock Name:         eth_rxc
Waveform(ns):       { 0.000 4.000 }
Period(ns):         8.000
Sources:            { eth_rxc }

Check Type        Corner  Lib Pin             Reference Pin  Required(ns)  Actual(ns)  Slack(ns)  Location      Pin
Min Period        n/a     RAMB18E1/CLKARDCLK  n/a            2.472         8.000       5.528      RAMB18_X5Y2   u_eth/u_icmp_fifo/mem_reg/CLKARDCLK
Low Pulse Width   Slow    FDCE/C              n/a            0.500         4.000       3.500      SLICE_X28Y27  u_eth/flush_pend_reg/C
High Pulse Width  Slow    FDCE/C              n/a            0.500         4.000       3.500      SLICE_X28Y27  u_eth/flush_pend_reg/C



---------------------------------------------------------------------------------------------------
From Clock:  sys_clk
  To Clock:  sys_clk

Setup :            0  Failing Endpoints,  Worst Slack       14.929ns,  Total Violation        0.000ns
Hold  :            0  Failing Endpoints,  Worst Slack        0.121ns,  Total Violation        0.000ns
PW    :            0  Failing Endpoints,  Worst Slack        7.000ns,  Total Violation        0.000ns
---------------------------------------------------------------------------------------------------


Max Delay Paths
--------------------------------------------------------------------------------------
Slack (MET) :             14.929ns  (required time - arrival time)
  Source:                 u_pl/sec_div_reg[20]/C
                            (rising edge-triggered cell FDCE clocked by sys_clk  {rise@0.000ns fall@10.000ns period=20.000ns})
  Destination:            u_pl/fps_acc_reg[5]/CE
                            (rising edge-triggered cell FDCE clocked by sys_clk  {rise@0.000ns fall@10.000ns period=20.000ns})
  Path Group:             sys_clk
  Path Type:              Setup (Max at Slow Process Corner)
  Requirement:            20.000ns  (sys_clk rise@20.000ns - sys_clk rise@0.000ns)
  Data Path Delay:        4.860ns  (logic 1.007ns (20.720%)  route 3.853ns (79.280%))
  Logic Levels:           5  (LUT3=1 LUT4=1 LUT5=1 LUT6=2)
  Clock Path Skew:        -0.040ns (DCD - SCD + CPR)
    Destination Clock Delay (DCD):    4.404ns = ( 24.404 - 20.000 ) 
    Source Clock Delay      (SCD):    4.818ns
    Clock Pessimism Removal (CPR):    0.374ns
  Clock Uncertainty:      0.035ns  ((TSJ^2 + TIJ^2)^1/2 + DJ) / 2 + PE
    Total System Jitter     (TSJ):    0.071ns
    Total Input Jitter      (TIJ):    0.000ns
    Discrete Jitter          (DJ):    0.000ns
    Phase Error              (PE):    0.000ns

    Location             Delay type                Incr(ns)  Path(ns)    Netlist Resource(s)
  -------------------------------------------------------------------    -------------------
                         (clock sys_clk rise edge)    0.000     0.000 r  
    W17                                               0.000     0.000 r  sys_clk (IN)
                         net (fo=0)                   0.000     0.000    sys_clk
    W17                  IBUF (Prop_ibuf_I_O)         1.415     1.415 r  sys_clk_IBUF_inst/O
                         net (fo=1, routed)           1.873     3.288    sys_clk_IBUF
    BUFGCTRL_X0Y4        BUFG (Prop_bufg_I_O)         0.085     3.373 r  sys_clk_IBUF_BUFG_inst/O
                         net (fo=155, routed)         1.445     4.818    u_pl/sys_clk_IBUF_BUFG
    SLICE_X67Y90         FDCE                                         r  u_pl/sec_div_reg[20]/C
  -------------------------------------------------------------------    -------------------
    SLICE_X67Y90         FDCE (Prop_fdce_C_Q)         0.348     5.166 r  u_pl/sec_div_reg[20]/Q
                         net (fo=2, routed)           0.846     6.012    u_pl/sec_div_reg_n_0_[20]
    SLICE_X67Y90         LUT4 (Prop_lut4_I3_O)        0.239     6.251 f  u_pl/sec_div[25]_i_8/O
                         net (fo=1, routed)           0.651     6.902    u_pl/sec_div[25]_i_8_n_0
    SLICE_X67Y89         LUT5 (Prop_lut5_I4_O)        0.105     7.007 f  u_pl/sec_div[25]_i_7/O
                         net (fo=1, routed)           0.465     7.472    u_pl/sec_div[25]_i_7_n_0
    SLICE_X67Y87         LUT6 (Prop_lut6_I5_O)        0.105     7.577 f  u_pl/sec_div[25]_i_4/O
                         net (fo=1, routed)           0.204     7.781    u_pl/sec_div[25]_i_4_n_0
    SLICE_X67Y87         LUT6 (Prop_lut6_I0_O)        0.105     7.886 r  u_pl/sec_div[25]_i_2/O
                         net (fo=42, routed)          0.692     8.578    u_pl/fps_q[0]
    SLICE_X65Y86         LUT3 (Prop_lut3_I2_O)        0.105     8.683 r  u_pl/fps_acc[7]_i_1/O
                         net (fo=8, routed)           0.995     9.678    u_pl/fps_acc[0]
    SLICE_X66Y76         FDCE                                         r  u_pl/fps_acc_reg[5]/CE
  -------------------------------------------------------------------    -------------------

                         (clock sys_clk rise edge)   20.000    20.000 r  
    W17                                               0.000    20.000 r  sys_clk (IN)
                         net (fo=0)                   0.000    20.000    sys_clk
    W17                  IBUF (Prop_ibuf_I_O)         1.349    21.349 r  sys_clk_IBUF_inst/O
                         net (fo=1, routed)           1.701    23.050    sys_clk_IBUF
    BUFGCTRL_X0Y4        BUFG (Prop_bufg_I_O)         0.077    23.127 r  sys_clk_IBUF_BUFG_inst/O
                         net (fo=155, routed)         1.277    24.404    u_pl/sys_clk_IBUF_BUFG
    SLICE_X66Y76         FDCE                                         r  u_pl/fps_acc_reg[5]/C
                         clock pessimism              0.374    24.778    
                         clock uncertainty           -0.035    24.743    
    SLICE_X66Y76         FDCE (Setup_fdce_C_CE)      -0.136    24.607    u_pl/fps_acc_reg[5]
  -------------------------------------------------------------------
                         required time                         24.607    
                         arrival time                          -9.678    
  -------------------------------------------------------------------
                         slack                                 14.929    





Min Delay Paths
--------------------------------------------------------------------------------------
Slack (MET) :             0.121ns  (arrival time - required time)
  Source:                 u_pl/vt0_reg/C
                            (rising edge-triggered cell FDRE clocked by sys_clk  {rise@0.000ns fall@10.000ns period=20.000ns})
  Destination:            u_pl/vt1_reg/D
                            (rising edge-triggered cell FDRE clocked by sys_clk  {rise@0.000ns fall@10.000ns period=20.000ns})
  Path Group:             sys_clk
  Path Type:              Hold (Min at Fast Process Corner)
  Requirement:            0.000ns  (sys_clk rise@0.000ns - sys_clk rise@0.000ns)
  Data Path Delay:        0.196ns  (logic 0.141ns (71.838%)  route 0.055ns (28.162%))
  Logic Levels:           0  
  Clock Path Skew:        0.000ns (DCD - SCD - CPR)
    Destination Clock Delay (DCD):    2.045ns
    Source Clock Delay      (SCD):    1.529ns
    Clock Pessimism Removal (CPR):    0.516ns

    Location             Delay type                Incr(ns)  Path(ns)    Netlist Resource(s)
  -------------------------------------------------------------------    -------------------
                         (clock sys_clk rise edge)    0.000     0.000 r  
    W17                                               0.000     0.000 r  sys_clk (IN)
                         net (fo=0)                   0.000     0.000    sys_clk
    W17                  IBUF (Prop_ibuf_I_O)         0.252     0.252 r  sys_clk_IBUF_inst/O
                         net (fo=1, routed)           0.674     0.926    sys_clk_IBUF
    BUFGCTRL_X0Y4        BUFG (Prop_bufg_I_O)         0.026     0.952 r  sys_clk_IBUF_BUFG_inst/O
                         net (fo=155, routed)         0.577     1.529    u_pl/sys_clk_IBUF_BUFG
    SLICE_X65Y86         FDRE                                         r  u_pl/vt0_reg/C
  -------------------------------------------------------------------    -------------------
    SLICE_X65Y86         FDRE (Prop_fdre_C_Q)         0.141     1.670 r  u_pl/vt0_reg/Q
                         net (fo=1, routed)           0.055     1.725    u_pl/vt0
    SLICE_X65Y86         FDRE                                         r  u_pl/vt1_reg/D
  -------------------------------------------------------------------    -------------------

                         (clock sys_clk rise edge)    0.000     0.000 r  
    W17                                               0.000     0.000 r  sys_clk (IN)
                         net (fo=0)                   0.000     0.000    sys_clk
    W17                  IBUF (Prop_ibuf_I_O)         0.440     0.440 r  sys_clk_IBUF_inst/O
                         net (fo=1, routed)           0.731     1.171    sys_clk_IBUF
    BUFGCTRL_X0Y4        BUFG (Prop_bufg_I_O)         0.029     1.200 r  sys_clk_IBUF_BUFG_inst/O
                         net (fo=155, routed)         0.845     2.045    u_pl/sys_clk_IBUF_BUFG
    SLICE_X65Y86         FDRE                                         r  u_pl/vt1_reg/C
                         clock pessimism             -0.516     1.529    
    SLICE_X65Y86         FDRE (Hold_fdre_C_D)         0.075     1.604    u_pl/vt1_reg
  -------------------------------------------------------------------
                         required time                         -1.604    
                         arrival time                           1.725    
  -------------------------------------------------------------------
                         slack                                  0.121    





Pulse Width Checks
--------------------------------------------------------------------------------------
Clock Name:         sys_clk
Waveform(ns):       { 0.000 10.000 }
Period(ns):         20.000
Sources:            { sys_clk }

Check Type        Corner  Lib Pin            Reference Pin  Required(ns)  Actual(ns)  Slack(ns)  Location         Pin
Min Period        n/a     BUFG/I             n/a            1.592         20.000      18.408     BUFGCTRL_X0Y4    sys_clk_IBUF_BUFG_inst/I
Max Period        n/a     MMCME2_ADV/CLKIN1  n/a            100.000       20.000      80.000     MMCME2_ADV_X0Y0  u_idelay_clkgen/u_mmcm/CLKIN1
Low Pulse Width   Slow    MMCME2_ADV/CLKIN1  n/a            3.000         10.000      7.000      MMCME2_ADV_X0Y0  u_idelay_clkgen/u_mmcm/CLKIN1
High Pulse Width  Slow    MMCME2_ADV/CLKIN1  n/a            3.000         10.000      7.000      MMCME2_ADV_X0Y0  u_idelay_clkgen/u_mmcm/CLKIN1



---------------------------------------------------------------------------------------------------
From Clock:  clkfbout
  To Clock:  clkfbout

Setup :           NA  Failing Endpoints,  Worst Slack           NA  ,  Total Violation           NA
Hold  :           NA  Failing Endpoints,  Worst Slack           NA  ,  Total Violation           NA
PW    :            0  Failing Endpoints,  Worst Slack       18.408ns,  Total Violation        0.000ns
---------------------------------------------------------------------------------------------------


Pulse Width Checks
--------------------------------------------------------------------------------------
Clock Name:         clkfbout
Waveform(ns):       { 0.000 10.000 }
Period(ns):         20.000
Sources:            { u_idelay_clkgen/u_mmcm/CLKFBOUT }

Check Type  Corner  Lib Pin             Reference Pin  Required(ns)  Actual(ns)  Slack(ns)  Location         Pin
Min Period  n/a     BUFG/I              n/a            1.592         20.000      18.408     BUFGCTRL_X0Y5    u_idelay_clkgen/u_bufg_fb/I
Max Period  n/a     MMCME2_ADV/CLKFBIN  n/a            100.000       20.000      80.000     MMCME2_ADV_X0Y0  u_idelay_clkgen/u_mmcm/CLKFBIN



---------------------------------------------------------------------------------------------------
From Clock:  clkfbout_1
  To Clock:  clkfbout_1

Setup :           NA  Failing Endpoints,  Worst Slack           NA  ,  Total Violation           NA
Hold  :           NA  Failing Endpoints,  Worst Slack           NA  ,  Total Violation           NA
PW    :            0  Failing Endpoints,  Worst Slack       18.408ns,  Total Violation        0.000ns
---------------------------------------------------------------------------------------------------


Pulse Width Checks
--------------------------------------------------------------------------------------
Clock Name:         clkfbout_1
Waveform(ns):       { 0.000 10.000 }
Period(ns):         20.000
Sources:            { u_pl/u_clk/u_mmcm/CLKFBOUT }

Check Type  Corner  Lib Pin             Reference Pin  Required(ns)  Actual(ns)  Slack(ns)  Location         Pin
Min Period  n/a     BUFG/I              n/a            1.592         20.000      18.408     BUFGCTRL_X0Y6    u_pl/u_clk/u_bufg_fb/I
Max Period  n/a     MMCME2_ADV/CLKFBIN  n/a            100.000       20.000      80.000     MMCME2_ADV_X1Y0  u_pl/u_clk/u_mmcm/CLKFBIN



---------------------------------------------------------------------------------------------------
From Clock:  clkout0_1
  To Clock:  clkout0_1

Setup :            0  Failing Endpoints,  Worst Slack        0.922ns,  Total Violation        0.000ns
Hold  :            0  Failing Endpoints,  Worst Slack        0.082ns,  Total Violation        0.000ns
PW    :            0  Failing Endpoints,  Worst Slack        8.870ns,  Total Violation        0.000ns
---------------------------------------------------------------------------------------------------


Max Delay Paths
--------------------------------------------------------------------------------------
Slack (MET) :             0.922ns  (required time - arrival time)
  Source:                 u_pl/y_d_reg[14][1]/C
                            (rising edge-triggered cell FDCE clocked by clkout0_1  {rise@0.000ns fall@10.000ns period=20.000ns})
  Destination:            u_pl/u_osd/g_reg[3]/D
                            (rising edge-triggered cell FDCE clocked by clkout0_1  {rise@0.000ns fall@10.000ns period=20.000ns})
  Path Group:             clkout0_1
  Path Type:              Setup (Max at Slow Process Corner)
  Requirement:            20.000ns  (clkout0_1 rise@20.000ns - clkout0_1 rise@0.000ns)
  Data Path Delay:        18.953ns  (logic 6.617ns (34.913%)  route 12.336ns (65.087%))
  Logic Levels:           27  (CARRY4=10 LUT1=1 LUT2=1 LUT3=1 LUT4=3 LUT5=4 LUT6=7)
  Clock Path Skew:        -0.063ns (DCD - SCD + CPR)
    Destination Clock Delay (DCD):    4.432ns = ( 24.432 - 20.000 ) 
    Source Clock Delay      (SCD):    4.741ns
    Clock Pessimism Removal (CPR):    0.246ns
  Clock Uncertainty:      0.094ns  ((TSJ^2 + DJ^2)^1/2) / 2 + PE
    Total System Jitter     (TSJ):    0.071ns
    Discrete Jitter          (DJ):    0.175ns
    Phase Error              (PE):    0.000ns

    Location             Delay type                Incr(ns)  Path(ns)    Netlist Resource(s)
  -------------------------------------------------------------------    -------------------
                         (clock clkout0_1 rise edge)
                                                      0.000     0.000 r  
    W17                                               0.000     0.000 r  sys_clk (IN)
                         net (fo=0)                   0.000     0.000    sys_clk
    W17                  IBUF (Prop_ibuf_I_O)         1.415     1.415 r  sys_clk_IBUF_inst/O
                         net (fo=1, routed)           1.873     3.288    sys_clk_IBUF
    BUFGCTRL_X0Y4        BUFG (Prop_bufg_I_O)         0.085     3.373 r  sys_clk_IBUF_BUFG_inst/O
                         net (fo=155, routed)         1.550     4.923    u_pl/u_clk/sys_clk_IBUF_BUFG
    MMCME2_ADV_X1Y0      MMCME2_ADV (Prop_mmcme2_adv_CLKIN1_CLKOUT0)
                                                     -3.232     1.691 r  u_pl/u_clk/u_mmcm/CLKOUT0
                         net (fo=1, routed)           1.597     3.288    u_pl/u_clk/clkout0
    BUFGCTRL_X0Y1        BUFG (Prop_bufg_I_O)         0.085     3.373 r  u_pl/u_clk/u_bufg_pix/O
                         net (fo=1631, routed)        1.368     4.741    u_pl/clk_pix
    SLICE_X51Y69         FDCE                                         r  u_pl/y_d_reg[14][1]/C
  -------------------------------------------------------------------    -------------------
    SLICE_X51Y69         FDCE (Prop_fdce_C_Q)         0.379     5.120 r  u_pl/y_d_reg[14][1]/Q
                         net (fo=2, routed)           0.423     5.544    u_pl/u_osd/S[0]
    SLICE_X50Y69         CARRY4 (Prop_carry4_S[0]_CO[3])
                                                      0.528     6.072 r  u_pl/u_osd/g0_b4__0_i_6/CO[3]
                         net (fo=1, routed)           0.000     6.072    u_pl/u_osd/g0_b4__0_i_6_n_0
    SLICE_X50Y70         CARRY4 (Prop_carry4_CI_O[1])
                                                      0.257     6.329 r  u_pl/u_osd/g0_b4__0_i_20/O[1]
                         net (fo=8, routed)           0.533     6.862    u_pl/u_osd/g0_b4__0_i_20_n_6
    SLICE_X47Y69         LUT2 (Prop_lut2_I0_O)        0.245     7.107 r  u_pl/u_osd/g0_b4__0_i_49/O
                         net (fo=1, routed)           0.000     7.107    u_pl/u_osd/g0_b4__0_i_49_n_0
    SLICE_X47Y69         CARRY4 (Prop_carry4_S[2]_CO[3])
                                                      0.332     7.439 r  u_pl/u_osd/g0_b4__0_i_25/CO[3]
                         net (fo=1, routed)           0.000     7.439    u_pl/u_osd/g0_b4__0_i_25_n_0
    SLICE_X47Y70         CARRY4 (Prop_carry4_CI_O[3])
                                                      0.260     7.699 f  u_pl/u_osd/g0_b4__0_i_16/O[3]
                         net (fo=15, routed)          0.464     8.163    u_pl/u_osd/g0_b4__0_i_16_n_4
    SLICE_X46Y70         LUT1 (Prop_lut1_I0_O)        0.257     8.420 r  u_pl/u_osd/g0_b4__0_i_96/O
                         net (fo=1, routed)           0.000     8.420    u_pl/u_osd/g0_b4__0_i_96_n_0
    SLICE_X46Y70         CARRY4 (Prop_carry4_S[1]_CO[3])
                                                      0.444     8.864 r  u_pl/u_osd/g0_b4__0_i_89/CO[3]
                         net (fo=1, routed)           0.000     8.864    u_pl/u_osd/g0_b4__0_i_89_n_0
    SLICE_X46Y71         CARRY4 (Prop_carry4_CI_O[1])
                                                      0.257     9.121 r  u_pl/u_osd/g0_b4__0_i_78/O[1]
                         net (fo=4, routed)           0.674     9.795    u_pl/u_osd/g0_b4__0_i_78_n_6
    SLICE_X45Y71         LUT3 (Prop_lut3_I2_O)        0.259    10.054 r  u_pl/u_osd/g0_b4__0_i_71/O
                         net (fo=1, routed)           0.499    10.553    u_pl/u_osd/g0_b4__0_i_71_n_0
    SLICE_X48Y70         CARRY4 (Prop_carry4_DI[3]_CO[3])
                                                      0.480    11.033 r  u_pl/u_osd/g0_b4__0_i_51/CO[3]
                         net (fo=1, routed)           0.000    11.033    u_pl/u_osd/g0_b4__0_i_51_n_0
    SLICE_X48Y71         CARRY4 (Prop_carry4_CI_CO[3])
                                                      0.098    11.131 r  u_pl/u_osd/g0_b4__0_i_33/CO[3]
                         net (fo=1, routed)           0.000    11.131    u_pl/u_osd/g0_b4__0_i_33_n_0
    SLICE_X48Y72         CARRY4 (Prop_carry4_CI_O[0])
                                                      0.180    11.311 r  u_pl/u_osd/g0_b4__0_i_18/O[0]
                         net (fo=11, routed)          0.514    11.825    u_pl/u_osd/g0_b4__0_i_18_n_7
    SLICE_X49Y71         LUT4 (Prop_lut4_I3_O)        0.249    12.074 r  u_pl/u_osd/g0_b4__0_i_40/O
                         net (fo=1, routed)           0.000    12.074    u_pl/u_osd/g0_b4__0_i_40_n_0
    SLICE_X49Y71         CARRY4 (Prop_carry4_S[3]_CO[3])
                                                      0.332    12.406 r  u_pl/u_osd/g0_b4__0_i_19/CO[3]
                         net (fo=10, routed)          0.836    13.241    u_pl/u_osd/g0_b4__0_i_19_n_0
    SLICE_X51Y73         LUT4 (Prop_lut4_I2_O)        0.108    13.349 r  u_pl/u_osd/g0_b0_i_123/O
                         net (fo=19, routed)          1.084    14.433    u_pl/u_osd/y_d_reg[14][10]_1
    SLICE_X55Y75         LUT5 (Prop_lut5_I0_O)        0.267    14.700 r  u_pl/u_osd/g0_b0_i_70/O
                         net (fo=45, routed)          0.875    15.575    u_pl/u_osd/g0_b0_i_82_0
    SLICE_X56Y76         LUT5 (Prop_lut5_I1_O)        0.105    15.680 f  u_pl/u_osd/g0_b0_i_208/O
                         net (fo=1, routed)           0.682    16.362    u_pl/u_ang/g0_b0_i_37_0
    SLICE_X57Y76         LUT6 (Prop_lut6_I2_O)        0.105    16.467 f  u_pl/u_ang/g0_b0_i_111/O
                         net (fo=4, routed)           0.680    17.147    u_pl/u_ang/g0_b0_i_211_0
    SLICE_X58Y75         LUT6 (Prop_lut6_I1_O)        0.105    17.252 r  u_pl/u_ang/g0_b0_i_36/O
                         net (fo=1, routed)           0.874    18.126    u_pl/u_lm_x/r[7]_i_34_5
    SLICE_X58Y75         LUT6 (Prop_lut6_I0_O)        0.105    18.231 r  u_pl/u_lm_x/g0_b0_i_11/O
                         net (fo=18, routed)          0.673    18.904    u_pl/u_lm_x/g0_b0_i_11_n_0
    SLICE_X59Y72         LUT6 (Prop_lut6_I4_O)        0.105    19.009 r  u_pl/u_lm_x/g0_b0_i_4/O
                         net (fo=31, routed)          0.899    19.908    u_pl/u_lm_x/u_osd/glyph_idx_return[1]
    SLICE_X58Y71         LUT5 (Prop_lut5_I3_O)        0.119    20.027 f  u_pl/u_lm_x/g0_b1__0/O
                         net (fo=1, routed)           0.458    20.485    u_pl/u_lm_x/g0_b1__0_n_0
    SLICE_X59Y71         LUT4 (Prop_lut4_I1_O)        0.287    20.772 f  u_pl/u_lm_x/r[7]_i_86/O
                         net (fo=1, routed)           0.451    21.223    u_pl/u_lm_x/r[7]_i_86_n_0
    SLICE_X61Y69         LUT5 (Prop_lut5_I0_O)        0.277    21.500 f  u_pl/u_lm_x/r[7]_i_65/O
                         net (fo=1, routed)           0.344    21.845    u_pl/u_lm_x/r[7]_i_65_n_0
    SLICE_X61Y69         LUT6 (Prop_lut6_I1_O)        0.267    22.112 f  u_pl/u_lm_x/r[7]_i_27/O
                         net (fo=1, routed)           0.346    22.457    u_pl/u_lm_x/r[7]_i_27_n_0
    SLICE_X61Y69         LUT6 (Prop_lut6_I0_O)        0.105    22.562 f  u_pl/u_lm_x/r[7]_i_6__0/O
                         net (fo=19, routed)          1.026    23.589    u_pl/u_lm_x/r[7]_i_6__0_n_0
    SLICE_X67Y45         LUT6 (Prop_lut6_I5_O)        0.105    23.694 r  u_pl/u_lm_x/g[3]_i_1/O
                         net (fo=1, routed)           0.000    23.694    u_pl/u_osd/g_reg[7]_0[2]
    SLICE_X67Y45         FDCE                                         r  u_pl/u_osd/g_reg[3]/D
  -------------------------------------------------------------------    -------------------

                         (clock clkout0_1 rise edge)
                                                     20.000    20.000 r  
    W17                                               0.000    20.000 r  sys_clk (IN)
                         net (fo=0)                   0.000    20.000    sys_clk
    W17                  IBUF (Prop_ibuf_I_O)         1.349    21.349 r  sys_clk_IBUF_inst/O
                         net (fo=1, routed)           1.701    23.050    sys_clk_IBUF
    BUFGCTRL_X0Y4        BUFG (Prop_bufg_I_O)         0.077    23.127 r  sys_clk_IBUF_BUFG_inst/O
                         net (fo=155, routed)         1.384    24.511    u_pl/u_clk/sys_clk_IBUF_BUFG
    MMCME2_ADV_X1Y0      MMCME2_ADV (Prop_mmcme2_adv_CLKIN1_CLKOUT0)
                                                     -2.915    21.596 r  u_pl/u_clk/u_mmcm/CLKOUT0
                         net (fo=1, routed)           1.454    23.050    u_pl/u_clk/clkout0
    BUFGCTRL_X0Y1        BUFG (Prop_bufg_I_O)         0.077    23.127 r  u_pl/u_clk/u_bufg_pix/O
                         net (fo=1631, routed)        1.305    24.432    u_pl/u_osd/clk_pix
    SLICE_X67Y45         FDCE                                         r  u_pl/u_osd/g_reg[3]/C
                         clock pessimism              0.246    24.678    
                         clock uncertainty           -0.094    24.584    
    SLICE_X67Y45         FDCE (Setup_fdce_C_D)        0.032    24.616    u_pl/u_osd/g_reg[3]
  -------------------------------------------------------------------
                         required time                         24.616    
                         arrival time                         -23.694    
  -------------------------------------------------------------------
                         slack                                  0.922    





Min Delay Paths
--------------------------------------------------------------------------------------
Slack (MET) :             0.082ns  (arrival time - required time)
  Source:                 u_pl/cy_q2_reg[7]/C
                            (rising edge-triggered cell FDCE clocked by clkout0_1  {rise@0.000ns fall@10.000ns period=20.000ns})
  Destination:            u_pl/cy_q3_reg[7]/D
                            (rising edge-triggered cell FDCE clocked by clkout0_1  {rise@0.000ns fall@10.000ns period=20.000ns})
  Path Group:             clkout0_1
  Path Type:              Hold (Min at Fast Process Corner)
  Requirement:            0.000ns  (clkout0_1 rise@0.000ns - clkout0_1 rise@0.000ns)
  Data Path Delay:        0.410ns  (logic 0.164ns (39.955%)  route 0.246ns (60.045%))
  Logic Levels:           0  
  Clock Path Skew:        0.262ns (DCD - SCD - CPR)
    Destination Clock Delay (DCD):    2.015ns
    Source Clock Delay      (SCD):    1.500ns
    Clock Pessimism Removal (CPR):    0.253ns

    Location             Delay type                Incr(ns)  Path(ns)    Netlist Resource(s)
  -------------------------------------------------------------------    -------------------
                         (clock clkout0_1 rise edge)
                                                      0.000     0.000 r  
    W17                                               0.000     0.000 r  sys_clk (IN)
                         net (fo=0)                   0.000     0.000    sys_clk
    W17                  IBUF (Prop_ibuf_I_O)         0.252     0.252 r  sys_clk_IBUF_inst/O
                         net (fo=1, routed)           0.674     0.926    sys_clk_IBUF
    BUFGCTRL_X0Y4        BUFG (Prop_bufg_I_O)         0.026     0.952 r  sys_clk_IBUF_BUFG_inst/O
                         net (fo=155, routed)         0.595     1.547    u_pl/u_clk/sys_clk_IBUF_BUFG
    MMCME2_ADV_X1Y0      MMCME2_ADV (Prop_mmcme2_adv_CLKIN1_CLKOUT0)
                                                     -1.150     0.397 r  u_pl/u_clk/u_mmcm/CLKOUT0
                         net (fo=1, routed)           0.529     0.926    u_pl/u_clk/clkout0
    BUFGCTRL_X0Y1        BUFG (Prop_bufg_I_O)         0.026     0.952 r  u_pl/u_clk/u_bufg_pix/O
                         net (fo=1631, routed)        0.548     1.500    u_pl/clk_pix
    SLICE_X42Y71         FDCE                                         r  u_pl/cy_q2_reg[7]/C
  -------------------------------------------------------------------    -------------------
    SLICE_X42Y71         FDCE (Prop_fdce_C_Q)         0.164     1.664 r  u_pl/cy_q2_reg[7]/Q
                         net (fo=1, routed)           0.246     1.910    u_pl/cy_q2[7]
    SLICE_X51Y66         FDCE                                         r  u_pl/cy_q3_reg[7]/D
  -------------------------------------------------------------------    -------------------

                         (clock clkout0_1 rise edge)
                                                      0.000     0.000 r  
    W17                                               0.000     0.000 r  sys_clk (IN)
                         net (fo=0)                   0.000     0.000    sys_clk
    W17                  IBUF (Prop_ibuf_I_O)         0.440     0.440 r  sys_clk_IBUF_inst/O
                         net (fo=1, routed)           0.731     1.171    sys_clk_IBUF
    BUFGCTRL_X0Y4        BUFG (Prop_bufg_I_O)         0.029     1.200 r  sys_clk_IBUF_BUFG_inst/O
                         net (fo=155, routed)         0.862     2.062    u_pl/u_clk/sys_clk_IBUF_BUFG
    MMCME2_ADV_X1Y0      MMCME2_ADV (Prop_mmcme2_adv_CLKIN1_CLKOUT0)
                                                     -1.467     0.595 r  u_pl/u_clk/u_mmcm/CLKOUT0
                         net (fo=1, routed)           0.576     1.171    u_pl/u_clk/clkout0
    BUFGCTRL_X0Y1        BUFG (Prop_bufg_I_O)         0.029     1.200 r  u_pl/u_clk/u_bufg_pix/O
                         net (fo=1631, routed)        0.815     2.015    u_pl/clk_pix
    SLICE_X51Y66         FDCE                                         r  u_pl/cy_q3_reg[7]/C
                         clock pessimism             -0.253     1.762    
    SLICE_X51Y66         FDCE (Hold_fdce_C_D)         0.066     1.828    u_pl/cy_q3_reg[7]
  -------------------------------------------------------------------
                         required time                         -1.828    
                         arrival time                           1.910    
  -------------------------------------------------------------------
                         slack                                  0.082    





Pulse Width Checks
--------------------------------------------------------------------------------------
Clock Name:         clkout0_1
Waveform(ns):       { 0.000 10.000 }
Period(ns):         20.000
Sources:            { u_pl/u_clk/u_mmcm/CLKOUT0 }

Check Type        Corner  Lib Pin             Reference Pin  Required(ns)  Actual(ns)  Slack(ns)  Location         Pin
Min Period        n/a     DSP48E1/CLK         n/a            3.272         20.000      16.728     DSP48_X2Y31      u_pl/u_zmap/yr_m_reg/CLK
Max Period        n/a     MMCME2_ADV/CLKOUT0  n/a            213.360       20.000      193.360    MMCME2_ADV_X1Y0  u_pl/u_clk/u_mmcm/CLKOUT0
Low Pulse Width   Slow    RAMS64E/CLK         n/a            1.130         10.000      8.870      SLICE_X62Y45     u_pl/u_pipe/u_blur/lb1_reg_0_255_0_0/RAMS64E_A/CLK
High Pulse Width  Slow    RAMS64E/CLK         n/a            1.130         10.000      8.870      SLICE_X62Y45     u_pl/u_pipe/u_blur/lb1_reg_0_255_0_0/RAMS64E_A/CLK



---------------------------------------------------------------------------------------------------
From Clock:  clkout1_1
  To Clock:  clkout1_1

Setup :          193  Failing Endpoints,  Worst Slack       -0.327ns,  Total Violation      -18.320ns
Hold  :            0  Failing Endpoints,  Worst Slack        0.121ns,  Total Violation        0.000ns
PW    :            0  Failing Endpoints,  Worst Slack        1.500ns,  Total Violation        0.000ns
---------------------------------------------------------------------------------------------------


Max Delay Paths
--------------------------------------------------------------------------------------
Slack (VIOLATED) :        -0.327ns  (required time - arrival time)
  Source:                 u_pl/u_rd/u_sched/a_q_reg[13]/C
                            (rising edge-triggered cell FDCE clocked by clkout1_1  {rise@0.000ns fall@2.000ns period=4.000ns})
  Destination:            u_pl/u_rd/u_fb/lo_reg_0_35/ADDRBWRADDR[13]
                            (rising edge-triggered cell RAMB36E1 clocked by clkout1_1  {rise@0.000ns fall@2.000ns period=4.000ns})
  Path Group:             clkout1_1
  Path Type:              Setup (Max at Slow Process Corner)
  Requirement:            4.000ns  (clkout1_1 rise@4.000ns - clkout1_1 rise@0.000ns)
  Data Path Delay:        3.719ns  (logic 0.589ns (15.838%)  route 3.130ns (84.162%))
  Logic Levels:           2  (LUT6=2)
  Clock Path Skew:        -0.044ns (DCD - SCD + CPR)
    Destination Clock Delay (DCD):    4.515ns = ( 8.515 - 4.000 ) 
    Source Clock Delay      (SCD):    4.804ns
    Clock Pessimism Removal (CPR):    0.246ns
  Clock Uncertainty:      0.074ns  ((TSJ^2 + DJ^2)^1/2) / 2 + PE
    Total System Jitter     (TSJ):    0.071ns
    Discrete Jitter          (DJ):    0.131ns
    Phase Error              (PE):    0.000ns

    Location             Delay type                Incr(ns)  Path(ns)    Netlist Resource(s)
  -------------------------------------------------------------------    -------------------
                         (clock clkout1_1 rise edge)
                                                      0.000     0.000 r  
    W17                                               0.000     0.000 r  sys_clk (IN)
                         net (fo=0)                   0.000     0.000    sys_clk
    W17                  IBUF (Prop_ibuf_I_O)         1.415     1.415 r  sys_clk_IBUF_inst/O
                         net (fo=1, routed)           1.873     3.288    sys_clk_IBUF
    BUFGCTRL_X0Y4        BUFG (Prop_bufg_I_O)         0.085     3.373 r  sys_clk_IBUF_BUFG_inst/O
                         net (fo=155, routed)         1.550     4.923    u_pl/u_clk/sys_clk_IBUF_BUFG
    MMCME2_ADV_X1Y0      MMCME2_ADV (Prop_mmcme2_adv_CLKIN1_CLKOUT1)
                                                     -3.232     1.691 r  u_pl/u_clk/u_mmcm/CLKOUT1
                         net (fo=1, routed)           1.597     3.288    u_pl/u_clk/clkout1
    BUFGCTRL_X0Y2        BUFG (Prop_bufg_I_O)         0.085     3.373 r  u_pl/u_clk/u_bufg_5x/O
                         net (fo=538, routed)         1.431     4.804    u_pl/u_rd/u_sched/clk_pix5x
    SLICE_X67Y72         FDCE                                         r  u_pl/u_rd/u_sched/a_q_reg[13]/C
  -------------------------------------------------------------------    -------------------
    SLICE_X67Y72         FDCE (Prop_fdce_C_Q)         0.379     5.183 r  u_pl/u_rd/u_sched/a_q_reg[13]/Q
                         net (fo=2, routed)           0.635     5.818    u_pl/u_rd/u_sched/a_q[13]
    SLICE_X64Y71         LUT6 (Prop_lut6_I3_O)        0.105     5.923 r  u_pl/u_rd/u_sched/lo_reg_0_0_i_35/O
                         net (fo=6, routed)           0.562     6.486    u_pl/u_rd/u_sched/lo_reg_0_0_i_35_n_0
    SLICE_X65Y69         LUT6 (Prop_lut6_I5_O)        0.105     6.591 r  u_pl/u_rd/u_sched/lo_reg_0_0_i_18/O
                         net (fo=20, routed)          1.932     8.523    u_pl/u_rd/u_fb/ADDRBWRADDR[13]
    RAMB36_X4Y4          RAMB36E1                                     r  u_pl/u_rd/u_fb/lo_reg_0_35/ADDRBWRADDR[13]
  -------------------------------------------------------------------    -------------------

                         (clock clkout1_1 rise edge)
                                                      4.000     4.000 r  
    W17                                               0.000     4.000 r  sys_clk (IN)
                         net (fo=0)                   0.000     4.000    sys_clk
    W17                  IBUF (Prop_ibuf_I_O)         1.349     5.349 r  sys_clk_IBUF_inst/O
                         net (fo=1, routed)           1.701     7.050    sys_clk_IBUF
    BUFGCTRL_X0Y4        BUFG (Prop_bufg_I_O)         0.077     7.127 r  sys_clk_IBUF_BUFG_inst/O
                         net (fo=155, routed)         1.384     8.511    u_pl/u_clk/sys_clk_IBUF_BUFG
    MMCME2_ADV_X1Y0      MMCME2_ADV (Prop_mmcme2_adv_CLKIN1_CLKOUT1)
                                                     -2.915     5.596 r  u_pl/u_clk/u_mmcm/CLKOUT1
                         net (fo=1, routed)           1.454     7.050    u_pl/u_clk/clkout1
    BUFGCTRL_X0Y2        BUFG (Prop_bufg_I_O)         0.077     7.127 r  u_pl/u_clk/u_bufg_5x/O
                         net (fo=538, routed)         1.387     8.515    u_pl/u_rd/u_fb/clk_pix5x
    RAMB36_X4Y4          RAMB36E1                                     r  u_pl/u_rd/u_fb/lo_reg_0_35/CLKBWRCLK
                         clock pessimism              0.246     8.761    
                         clock uncertainty           -0.074     8.686    
    RAMB36_X4Y4          RAMB36E1 (Setup_ramb36e1_CLKBWRCLK_ADDRBWRADDR[13])
                                                     -0.490     8.196    u_pl/u_rd/u_fb/lo_reg_0_35
  -------------------------------------------------------------------
                         required time                          8.196    
                         arrival time                          -8.523    
  -------------------------------------------------------------------
                         slack                                 -0.327    





Min Delay Paths
--------------------------------------------------------------------------------------
Slack (MET) :             0.121ns  (arrival time - required time)
  Source:                 u_pl/u_rd/u_sched/lane_q_reg[0]/C
                            (rising edge-triggered cell FDCE clocked by clkout1_1  {rise@0.000ns fall@2.000ns period=4.000ns})
  Destination:            u_pl/u_rd/u_sched/lane_w_reg[0]/D
                            (rising edge-triggered cell FDCE clocked by clkout1_1  {rise@0.000ns fall@2.000ns period=4.000ns})
  Path Group:             clkout1_1
  Path Type:              Hold (Min at Fast Process Corner)
  Requirement:            0.000ns  (clkout1_1 rise@0.000ns - clkout1_1 rise@0.000ns)
  Data Path Delay:        0.464ns  (logic 0.141ns (30.382%)  route 0.323ns (69.618%))
  Logic Levels:           0  
  Clock Path Skew:        0.284ns (DCD - SCD - CPR)
    Destination Clock Delay (DCD):    2.042ns
    Source Clock Delay      (SCD):    1.505ns
    Clock Pessimism Removal (CPR):    0.253ns

    Location             Delay type                Incr(ns)  Path(ns)    Netlist Resource(s)
  -------------------------------------------------------------------    -------------------
                         (clock clkout1_1 rise edge)
                                                      0.000     0.000 r  
    W17                                               0.000     0.000 r  sys_clk (IN)
                         net (fo=0)                   0.000     0.000    sys_clk
    W17                  IBUF (Prop_ibuf_I_O)         0.252     0.252 r  sys_clk_IBUF_inst/O
                         net (fo=1, routed)           0.674     0.926    sys_clk_IBUF
    BUFGCTRL_X0Y4        BUFG (Prop_bufg_I_O)         0.026     0.952 r  sys_clk_IBUF_BUFG_inst/O
                         net (fo=155, routed)         0.595     1.547    u_pl/u_clk/sys_clk_IBUF_BUFG
    MMCME2_ADV_X1Y0      MMCME2_ADV (Prop_mmcme2_adv_CLKIN1_CLKOUT1)
                                                     -1.150     0.397 r  u_pl/u_clk/u_mmcm/CLKOUT1
                         net (fo=1, routed)           0.529     0.926    u_pl/u_clk/clkout1
    BUFGCTRL_X0Y2        BUFG (Prop_bufg_I_O)         0.026     0.952 r  u_pl/u_clk/u_bufg_5x/O
                         net (fo=538, routed)         0.553     1.505    u_pl/u_rd/u_sched/clk_pix5x
    SLICE_X48Y63         FDCE                                         r  u_pl/u_rd/u_sched/lane_q_reg[0]/C
  -------------------------------------------------------------------    -------------------
    SLICE_X48Y63         FDCE (Prop_fdce_C_Q)         0.141     1.646 r  u_pl/u_rd/u_sched/lane_q_reg[0]/Q
                         net (fo=1, routed)           0.323     1.969    u_pl/u_rd/u_sched/lane_q[0]
    SLICE_X58Y66         FDCE                                         r  u_pl/u_rd/u_sched/lane_w_reg[0]/D
  -------------------------------------------------------------------    -------------------

                         (clock clkout1_1 rise edge)
                                                      0.000     0.000 r  
    W17                                               0.000     0.000 r  sys_clk (IN)
                         net (fo=0)                   0.000     0.000    sys_clk
    W17                  IBUF (Prop_ibuf_I_O)         0.440     0.440 r  sys_clk_IBUF_inst/O
                         net (fo=1, routed)           0.731     1.171    sys_clk_IBUF
    BUFGCTRL_X0Y4        BUFG (Prop_bufg_I_O)         0.029     1.200 r  sys_clk_IBUF_BUFG_inst/O
                         net (fo=155, routed)         0.862     2.062    u_pl/u_clk/sys_clk_IBUF_BUFG
    MMCME2_ADV_X1Y0      MMCME2_ADV (Prop_mmcme2_adv_CLKIN1_CLKOUT1)
                                                     -1.467     0.595 r  u_pl/u_clk/u_mmcm/CLKOUT1
                         net (fo=1, routed)           0.576     1.171    u_pl/u_clk/clkout1
    BUFGCTRL_X0Y2        BUFG (Prop_bufg_I_O)         0.029     1.200 r  u_pl/u_clk/u_bufg_5x/O
                         net (fo=538, routed)         0.842     2.042    u_pl/u_rd/u_sched/clk_pix5x
    SLICE_X58Y66         FDCE                                         r  u_pl/u_rd/u_sched/lane_w_reg[0]/C
                         clock pessimism             -0.253     1.789    
    SLICE_X58Y66         FDCE (Hold_fdce_C_D)         0.059     1.848    u_pl/u_rd/u_sched/lane_w_reg[0]
  -------------------------------------------------------------------
                         required time                         -1.848    
                         arrival time                           1.969    
  -------------------------------------------------------------------
                         slack                                  0.121    





Pulse Width Checks
--------------------------------------------------------------------------------------
Clock Name:         clkout1_1
Waveform(ns):       { 0.000 2.000 }
Period(ns):         4.000
Sources:            { u_pl/u_clk/u_mmcm/CLKOUT1 }

Check Type        Corner  Lib Pin             Reference Pin  Required(ns)  Actual(ns)  Slack(ns)  Location         Pin
Min Period        n/a     RAMB36E1/CLKBWRCLK  n/a            2.170         4.000       1.830      RAMB36_X4Y12     u_pl/u_rd/u_fb/hi_reg_0/CLKBWRCLK
Max Period        n/a     MMCME2_ADV/CLKOUT1  n/a            213.360       4.000       209.360    MMCME2_ADV_X1Y0  u_pl/u_clk/u_mmcm/CLKOUT1
Low Pulse Width   Slow    FDRE/C              n/a            0.500         2.000       1.500      SLICE_X65Y65     u_pl/u_rd/u_fb/sel_hi_reg/C
High Pulse Width  Slow    FDRE/C              n/a            0.500         2.000       1.500      SLICE_X65Y65     u_pl/u_rd/u_fb/sel_hi_reg/C



---------------------------------------------------------------------------------------------------
From Clock:  clkout2
  To Clock:  clkout2

Setup :           NA  Failing Endpoints,  Worst Slack           NA  ,  Total Violation           NA
Hold  :           NA  Failing Endpoints,  Worst Slack           NA  ,  Total Violation           NA
PW    :            0  Failing Endpoints,  Worst Slack        0.264ns,  Total Violation        0.000ns
---------------------------------------------------------------------------------------------------


Pulse Width Checks
--------------------------------------------------------------------------------------
Clock Name:         clkout2
Waveform(ns):       { 0.000 2.500 }
Period(ns):         5.000
Sources:            { u_idelay_clkgen/u_mmcm/CLKOUT2 }

Check Type  Corner  Lib Pin            Reference Pin  Required(ns)  Actual(ns)  Slack(ns)  Location         Pin
Min Period  n/a     IDELAYCTRL/REFCLK  n/a            2.438         5.000       2.562      IDELAYCTRL_X1Y0  u_eth/u_rgmii/u_rgmii_rx/IDELAYCTRL_inst/REFCLK
Max Period  n/a     IDELAYCTRL/REFCLK  n/a            5.264         5.000       0.264      IDELAYCTRL_X1Y0  u_eth/u_rgmii/u_rgmii_rx/IDELAYCTRL_inst/REFCLK



---------------------------------------------------------------------------------------------------
From Clock:  clkout0_1
  To Clock:  sys_clk

Setup :            0  Failing Endpoints,  Worst Slack       16.717ns,  Total Violation        0.000ns
Hold  :            0  Failing Endpoints,  Worst Slack        0.399ns,  Total Violation        0.000ns
---------------------------------------------------------------------------------------------------


Max Delay Paths
--------------------------------------------------------------------------------------
Slack (MET) :             16.717ns  (required time - arrival time)
  Source:                 u_pl/vs_pix_d1_reg/C
                            (rising edge-triggered cell FDRE clocked by clkout0_1  {rise@0.000ns fall@10.000ns period=20.000ns})
  Destination:            u_pl/vt0_reg/D
                            (rising edge-triggered cell FDRE clocked by sys_clk  {rise@0.000ns fall@10.000ns period=20.000ns})
  Path Group:             sys_clk
  Path Type:              Setup (Max at Slow Process Corner)
  Requirement:            20.000ns  (sys_clk rise@20.000ns - clkout0_1 rise@0.000ns)
  Data Path Delay:        2.803ns  (logic 0.484ns (17.268%)  route 2.319ns (82.732%))
  Logic Levels:           1  (LUT2=1)
  Clock Path Skew:        -0.142ns (DCD - SCD + CPR)
    Destination Clock Delay (DCD):    4.414ns = ( 24.414 - 20.000 ) 
    Source Clock Delay      (SCD):    4.802ns
    Clock Pessimism Removal (CPR):    0.246ns
  Clock Uncertainty:      0.259ns  ((TSJ^2 + DJ^2)^1/2) / 2 + PE
    Total System Jitter     (TSJ):    0.071ns
    Discrete Jitter          (DJ):    0.175ns
    Phase Error              (PE):    0.165ns

    Location             Delay type                Incr(ns)  Path(ns)    Netlist Resource(s)
  -------------------------------------------------------------------    -------------------
                         (clock clkout0_1 rise edge)
                                                      0.000     0.000 r  
    W17                                               0.000     0.000 r  sys_clk (IN)
                         net (fo=0)                   0.000     0.000    sys_clk
    W17                  IBUF (Prop_ibuf_I_O)         1.415     1.415 r  sys_clk_IBUF_inst/O
                         net (fo=1, routed)           1.873     3.288    sys_clk_IBUF
    BUFGCTRL_X0Y4        BUFG (Prop_bufg_I_O)         0.085     3.373 r  sys_clk_IBUF_BUFG_inst/O
                         net (fo=155, routed)         1.550     4.923    u_pl/u_clk/sys_clk_IBUF_BUFG
    MMCME2_ADV_X1Y0      MMCME2_ADV (Prop_mmcme2_adv_CLKIN1_CLKOUT0)
                                                     -3.232     1.691 r  u_pl/u_clk/u_mmcm/CLKOUT0
                         net (fo=1, routed)           1.597     3.288    u_pl/u_clk/clkout0
    BUFGCTRL_X0Y1        BUFG (Prop_bufg_I_O)         0.085     3.373 r  u_pl/u_clk/u_bufg_pix/O
                         net (fo=1631, routed)        1.429     4.802    u_pl/clk_pix
    SLICE_X65Y73         FDRE                                         r  u_pl/vs_pix_d1_reg/C
  -------------------------------------------------------------------    -------------------
    SLICE_X65Y73         FDRE (Prop_fdre_C_Q)         0.379     5.181 f  u_pl/vs_pix_d1_reg/Q
                         net (fo=1, routed)           1.477     6.659    u_pl/vs_pix_d1
    SLICE_X67Y76         LUT2 (Prop_lut2_I1_O)        0.105     6.764 r  u_pl/vt0_i_1/O
                         net (fo=1, routed)           0.842     7.605    u_pl/vs_tick
    SLICE_X65Y86         FDRE                                         r  u_pl/vt0_reg/D
  -------------------------------------------------------------------    -------------------

                         (clock sys_clk rise edge)   20.000    20.000 r  
    W17                                               0.000    20.000 r  sys_clk (IN)
                         net (fo=0)                   0.000    20.000    sys_clk
    W17                  IBUF (Prop_ibuf_I_O)         1.349    21.349 r  sys_clk_IBUF_inst/O
                         net (fo=1, routed)           1.701    23.050    sys_clk_IBUF
    BUFGCTRL_X0Y4        BUFG (Prop_bufg_I_O)         0.077    23.127 r  sys_clk_IBUF_BUFG_inst/O
                         net (fo=155, routed)         1.287    24.414    u_pl/sys_clk_IBUF_BUFG
    SLICE_X65Y86         FDRE                                         r  u_pl/vt0_reg/C
                         clock pessimism              0.246    24.660    
                         clock uncertainty           -0.259    24.401    
    SLICE_X65Y86         FDRE (Setup_fdre_C_D)       -0.079    24.322    u_pl/vt0_reg
  -------------------------------------------------------------------
                         required time                         24.322    
                         arrival time                          -7.605    
  -------------------------------------------------------------------
                         slack                                 16.717    





Min Delay Paths
--------------------------------------------------------------------------------------
Slack (MET) :             0.399ns  (arrival time - required time)
  Source:                 u_pl/vs_pix_d0_reg/C
                            (rising edge-triggered cell FDRE clocked by clkout0_1  {rise@0.000ns fall@10.000ns period=20.000ns})
  Destination:            u_pl/vt0_reg/D
                            (rising edge-triggered cell FDRE clocked by sys_clk  {rise@0.000ns fall@10.000ns period=20.000ns})
  Path Group:             sys_clk
  Path Type:              Hold (Min at Fast Process Corner)
  Requirement:            0.000ns  (sys_clk rise@0.000ns - clkout0_1 rise@0.000ns)
  Data Path Delay:        0.998ns  (logic 0.186ns (18.641%)  route 0.812ns (81.359%))
  Logic Levels:           1  (LUT2=1)
  Clock Path Skew:        0.276ns (DCD - SCD - CPR)
    Destination Clock Delay (DCD):    2.045ns
    Source Clock Delay      (SCD):    1.521ns
    Clock Pessimism Removal (CPR):    0.248ns
  Clock Uncertainty:      0.259ns  ((TSJ^2 + DJ^2)^1/2) / 2 + PE
    Total System Jitter     (TSJ):    0.071ns
    Discrete Jitter          (DJ):    0.175ns
    Phase Error              (PE):    0.165ns

    Location             Delay type                Incr(ns)  Path(ns)    Netlist Resource(s)
  -------------------------------------------------------------------    -------------------
                         (clock clkout0_1 rise edge)
                                                      0.000     0.000 r  
    W17                                               0.000     0.000 r  sys_clk (IN)
                         net (fo=0)                   0.000     0.000    sys_clk
    W17                  IBUF (Prop_ibuf_I_O)         0.252     0.252 r  sys_clk_IBUF_inst/O
                         net (fo=1, routed)           0.674     0.926    sys_clk_IBUF
    BUFGCTRL_X0Y4        BUFG (Prop_bufg_I_O)         0.026     0.952 r  sys_clk_IBUF_BUFG_inst/O
                         net (fo=155, routed)         0.595     1.547    u_pl/u_clk/sys_clk_IBUF_BUFG
    MMCME2_ADV_X1Y0      MMCME2_ADV (Prop_mmcme2_adv_CLKIN1_CLKOUT0)
                                                     -1.150     0.397 r  u_pl/u_clk/u_mmcm/CLKOUT0
                         net (fo=1, routed)           0.529     0.926    u_pl/u_clk/clkout0
    BUFGCTRL_X0Y1        BUFG (Prop_bufg_I_O)         0.026     0.952 r  u_pl/u_clk/u_bufg_pix/O
                         net (fo=1631, routed)        0.569     1.521    u_pl/clk_pix
    SLICE_X65Y73         FDRE                                         r  u_pl/vs_pix_d0_reg/C
  -------------------------------------------------------------------    -------------------
    SLICE_X65Y73         FDRE (Prop_fdre_C_Q)         0.141     1.662 r  u_pl/vs_pix_d0_reg/Q
                         net (fo=2, routed)           0.441     2.103    u_pl/vs_pix_d0
    SLICE_X67Y76         LUT2 (Prop_lut2_I0_O)        0.045     2.148 r  u_pl/vt0_i_1/O
                         net (fo=1, routed)           0.371     2.519    u_pl/vs_tick
    SLICE_X65Y86         FDRE                                         r  u_pl/vt0_reg/D
  -------------------------------------------------------------------    -------------------

                         (clock sys_clk rise edge)    0.000     0.000 r  
    W17                                               0.000     0.000 r  sys_clk (IN)
                         net (fo=0)                   0.000     0.000    sys_clk
    W17                  IBUF (Prop_ibuf_I_O)         0.440     0.440 r  sys_clk_IBUF_inst/O
                         net (fo=1, routed)           0.731     1.171    sys_clk_IBUF
    BUFGCTRL_X0Y4        BUFG (Prop_bufg_I_O)         0.029     1.200 r  sys_clk_IBUF_BUFG_inst/O
                         net (fo=155, routed)         0.845     2.045    u_pl/sys_clk_IBUF_BUFG
    SLICE_X65Y86         FDRE                                         r  u_pl/vt0_reg/C
                         clock pessimism             -0.248     1.797    
                         clock uncertainty            0.259     2.056    
    SLICE_X65Y86         FDRE (Hold_fdre_C_D)         0.063     2.119    u_pl/vt0_reg
  -------------------------------------------------------------------
                         required time                         -2.119    
                         arrival time                           2.519    
  -------------------------------------------------------------------
                         slack                                  0.399    





---------------------------------------------------------------------------------------------------
From Clock:  sys_clk
  To Clock:  clkout0_1

Setup :            0  Failing Endpoints,  Worst Slack        6.544ns,  Total Violation        0.000ns
Hold  :            0  Failing Endpoints,  Worst Slack        0.359ns,  Total Violation        0.000ns
---------------------------------------------------------------------------------------------------


Max Delay Paths
--------------------------------------------------------------------------------------
Slack (MET) :             6.544ns  (required time - arrival time)
  Source:                 u_pl/u_ang/angle_reg[6]/C
                            (rising edge-triggered cell FDRE clocked by sys_clk  {rise@0.000ns fall@10.000ns period=20.000ns})
  Destination:            u_pl/u_osd/g_reg[3]/D
                            (rising edge-triggered cell FDCE clocked by clkout0_1  {rise@0.000ns fall@10.000ns period=20.000ns})
  Path Group:             clkout0_1
  Path Type:              Setup (Max at Slow Process Corner)
  Requirement:            20.000ns  (clkout0_1 rise@20.000ns - sys_clk rise@0.000ns)
  Data Path Delay:        13.158ns  (logic 4.182ns (31.784%)  route 8.976ns (68.216%))
  Logic Levels:           18  (CARRY4=4 LUT2=1 LUT4=2 LUT5=3 LUT6=8)
  Clock Path Skew:        -0.071ns (DCD - SCD + CPR)
    Destination Clock Delay (DCD):    4.432ns = ( 24.432 - 20.000 ) 
    Source Clock Delay      (SCD):    4.749ns
    Clock Pessimism Removal (CPR):    0.246ns
  Clock Uncertainty:      0.259ns  ((TSJ^2 + DJ^2)^1/2) / 2 + PE
    Total System Jitter     (TSJ):    0.071ns
    Discrete Jitter          (DJ):    0.175ns
    Phase Error              (PE):    0.165ns

    Location             Delay type                Incr(ns)  Path(ns)    Netlist Resource(s)
  -------------------------------------------------------------------    -------------------
                         (clock sys_clk rise edge)    0.000     0.000 r  
    W17                                               0.000     0.000 r  sys_clk (IN)
                         net (fo=0)                   0.000     0.000    sys_clk
    W17                  IBUF (Prop_ibuf_I_O)         1.415     1.415 r  sys_clk_IBUF_inst/O
                         net (fo=1, routed)           1.873     3.288    sys_clk_IBUF
    BUFGCTRL_X0Y4        BUFG (Prop_bufg_I_O)         0.085     3.373 r  sys_clk_IBUF_BUFG_inst/O
                         net (fo=155, routed)         1.376     4.749    u_pl/u_ang/sys_clk_IBUF_BUFG
    SLICE_X42Y72         FDRE                                         r  u_pl/u_ang/angle_reg[6]/C
  -------------------------------------------------------------------    -------------------
    SLICE_X42Y72         FDRE (Prop_fdre_C_Q)         0.433     5.182 r  u_pl/u_ang/angle_reg[6]/Q
                         net (fo=98, routed)          0.645     5.827    u_pl/u_ang/angle_reg[6]_1
    SLICE_X45Y73         LUT2 (Prop_lut2_I0_O)        0.105     5.932 r  u_pl/u_ang/g0_b0_i_361/O
                         net (fo=1, routed)           0.000     5.932    u_pl/u_ang/g0_b0_i_361_n_0
    SLICE_X45Y73         CARRY4 (Prop_carry4_S[1]_CO[3])
                                                      0.457     6.389 r  u_pl/u_ang/g0_b0_i_315/CO[3]
                         net (fo=1, routed)           0.000     6.389    u_pl/u_ang/g0_b0_i_315_n_0
    SLICE_X45Y74         CARRY4 (Prop_carry4_CI_O[0])
                                                      0.180     6.569 r  u_pl/u_ang/g0_b0_i_245/O[0]
                         net (fo=14, routed)          0.660     7.229    u_pl/u_ang/g0_b0_i_245_n_7
    SLICE_X44Y73         LUT4 (Prop_lut4_I1_O)        0.249     7.478 r  u_pl/u_ang/g0_b0_i_368/O
                         net (fo=1, routed)           0.000     7.478    u_pl/u_ang/g0_b0_i_368_n_0
    SLICE_X44Y73         CARRY4 (Prop_carry4_S[1]_CO[3])
                                                      0.457     7.935 r  u_pl/u_ang/g0_b0_i_316/CO[3]
                         net (fo=1, routed)           0.000     7.935    u_pl/u_ang/g0_b0_i_316_n_0
    SLICE_X44Y74         CARRY4 (Prop_carry4_CI_CO[2])
                                                      0.190     8.125 f  u_pl/u_ang/g0_b0_i_246/CO[2]
                         net (fo=2, routed)           0.341     8.466    u_pl/u_ang/g0_b0_i_246_n_1
    SLICE_X45Y75         LUT5 (Prop_lut5_I3_O)        0.264     8.730 r  u_pl/u_ang/g0_b0_i_287/O
                         net (fo=2, routed)           0.939     9.670    u_pl/u_ang/g0_b0_i_287_n_0
    SLICE_X51Y75         LUT6 (Prop_lut6_I3_O)        0.267     9.937 f  u_pl/u_ang/g0_b0_i_211/O
                         net (fo=1, routed)           0.638    10.575    u_pl/u_ang/g0_b0_i_211_n_0
    SLICE_X57Y76         LUT6 (Prop_lut6_I5_O)        0.105    10.680 f  u_pl/u_ang/g0_b0_i_111/O
                         net (fo=4, routed)           0.680    11.360    u_pl/u_ang/g0_b0_i_211_0
    SLICE_X58Y75         LUT6 (Prop_lut6_I1_O)        0.105    11.465 r  u_pl/u_ang/g0_b0_i_36/O
                         net (fo=1, routed)           0.874    12.339    u_pl/u_lm_x/r[7]_i_34_5
    SLICE_X58Y75         LUT6 (Prop_lut6_I0_O)        0.105    12.444 r  u_pl/u_lm_x/g0_b0_i_11/O
                         net (fo=18, routed)          0.673    13.116    u_pl/u_lm_x/g0_b0_i_11_n_0
    SLICE_X59Y72         LUT6 (Prop_lut6_I4_O)        0.105    13.221 r  u_pl/u_lm_x/g0_b0_i_4/O
                         net (fo=31, routed)          0.899    14.121    u_pl/u_lm_x/u_osd/glyph_idx_return[1]
    SLICE_X58Y71         LUT5 (Prop_lut5_I3_O)        0.119    14.240 f  u_pl/u_lm_x/g0_b1__0/O
                         net (fo=1, routed)           0.458    14.698    u_pl/u_lm_x/g0_b1__0_n_0
    SLICE_X59Y71         LUT4 (Prop_lut4_I1_O)        0.287    14.985 f  u_pl/u_lm_x/r[7]_i_86/O
                         net (fo=1, routed)           0.451    15.436    u_pl/u_lm_x/r[7]_i_86_n_0
    SLICE_X61Y69         LUT5 (Prop_lut5_I0_O)        0.277    15.713 f  u_pl/u_lm_x/r[7]_i_65/O
                         net (fo=1, routed)           0.344    16.058    u_pl/u_lm_x/r[7]_i_65_n_0
    SLICE_X61Y69         LUT6 (Prop_lut6_I1_O)        0.267    16.325 f  u_pl/u_lm_x/r[7]_i_27/O
                         net (fo=1, routed)           0.346    16.670    u_pl/u_lm_x/r[7]_i_27_n_0
    SLICE_X61Y69         LUT6 (Prop_lut6_I0_O)        0.105    16.775 f  u_pl/u_lm_x/r[7]_i_6__0/O
                         net (fo=19, routed)          1.026    17.802    u_pl/u_lm_x/r[7]_i_6__0_n_0
    SLICE_X67Y45         LUT6 (Prop_lut6_I5_O)        0.105    17.907 r  u_pl/u_lm_x/g[3]_i_1/O
                         net (fo=1, routed)           0.000    17.907    u_pl/u_osd/g_reg[7]_0[2]
    SLICE_X67Y45         FDCE                                         r  u_pl/u_osd/g_reg[3]/D
  -------------------------------------------------------------------    -------------------

                         (clock clkout0_1 rise edge)
                                                     20.000    20.000 r  
    W17                                               0.000    20.000 r  sys_clk (IN)
                         net (fo=0)                   0.000    20.000    sys_clk
    W17                  IBUF (Prop_ibuf_I_O)         1.349    21.349 r  sys_clk_IBUF_inst/O
                         net (fo=1, routed)           1.701    23.050    sys_clk_IBUF
    BUFGCTRL_X0Y4        BUFG (Prop_bufg_I_O)         0.077    23.127 r  sys_clk_IBUF_BUFG_inst/O
                         net (fo=155, routed)         1.384    24.511    u_pl/u_clk/sys_clk_IBUF_BUFG
    MMCME2_ADV_X1Y0      MMCME2_ADV (Prop_mmcme2_adv_CLKIN1_CLKOUT0)
                                                     -2.915    21.596 r  u_pl/u_clk/u_mmcm/CLKOUT0
                         net (fo=1, routed)           1.454    23.050    u_pl/u_clk/clkout0
    BUFGCTRL_X0Y1        BUFG (Prop_bufg_I_O)         0.077    23.127 r  u_pl/u_clk/u_bufg_pix/O
                         net (fo=1631, routed)        1.305    24.432    u_pl/u_osd/clk_pix
    SLICE_X67Y45         FDCE                                         r  u_pl/u_osd/g_reg[3]/C
                         clock pessimism              0.246    24.678    
                         clock uncertainty           -0.259    24.419    
    SLICE_X67Y45         FDCE (Setup_fdce_C_D)        0.032    24.451    u_pl/u_osd/g_reg[3]
  -------------------------------------------------------------------
                         required time                         24.451    
                         arrival time                         -17.907    
  -------------------------------------------------------------------
                         slack                                  6.544    





Min Delay Paths
--------------------------------------------------------------------------------------
Slack (MET) :             0.359ns  (arrival time - required time)
  Source:                 u_pl/u_ang/angle_reg[8]/C
                            (rising edge-triggered cell FDRE clocked by sys_clk  {rise@0.000ns fall@10.000ns period=20.000ns})
  Destination:            u_pl/u_zmap/rot_s0_reg/D
                            (rising edge-triggered cell FDRE clocked by clkout0_1  {rise@0.000ns fall@10.000ns period=20.000ns})
  Path Group:             clkout0_1
  Path Type:              Hold (Min at Fast Process Corner)
  Requirement:            0.000ns  (clkout0_1 rise@0.000ns - sys_clk rise@0.000ns)
  Data Path Delay:        0.892ns  (logic 0.208ns (23.318%)  route 0.684ns (76.682%))
  Logic Levels:           1  (LUT4=1)
  Clock Path Skew:        0.265ns (DCD - SCD - CPR)
    Destination Clock Delay (DCD):    2.013ns
    Source Clock Delay      (SCD):    1.500ns
    Clock Pessimism Removal (CPR):    0.248ns
  Clock Uncertainty:      0.259ns  ((TSJ^2 + DJ^2)^1/2) / 2 + PE
    Total System Jitter     (TSJ):    0.071ns
    Discrete Jitter          (DJ):    0.175ns
    Phase Error              (PE):    0.165ns

    Location             Delay type                Incr(ns)  Path(ns)    Netlist Resource(s)
  -------------------------------------------------------------------    -------------------
                         (clock sys_clk rise edge)    0.000     0.000 r  
    W17                                               0.000     0.000 r  sys_clk (IN)
                         net (fo=0)                   0.000     0.000    sys_clk
    W17                  IBUF (Prop_ibuf_I_O)         0.252     0.252 r  sys_clk_IBUF_inst/O
                         net (fo=1, routed)           0.674     0.926    sys_clk_IBUF
    BUFGCTRL_X0Y4        BUFG (Prop_bufg_I_O)         0.026     0.952 r  sys_clk_IBUF_BUFG_inst/O
                         net (fo=155, routed)         0.548     1.500    u_pl/u_ang/sys_clk_IBUF_BUFG
    SLICE_X42Y72         FDRE                                         r  u_pl/u_ang/angle_reg[8]/C
  -------------------------------------------------------------------    -------------------
    SLICE_X42Y72         FDRE (Prop_fdre_C_Q)         0.164     1.664 r  u_pl/u_ang/angle_reg[8]/Q
                         net (fo=41, routed)          0.360     2.024    u_pl/u_ang/angle_reg[8]_0
    SLICE_X41Y72         LUT4 (Prop_lut4_I0_O)        0.044     2.068 r  u_pl/u_ang/rot_s0_i_1/O
                         net (fo=1, routed)           0.324     2.392    u_pl/u_zmap/rotate_en
    SLICE_X40Y72         FDRE                                         r  u_pl/u_zmap/rot_s0_reg/D
  -------------------------------------------------------------------    -------------------

                         (clock clkout0_1 rise edge)
                                                      0.000     0.000 r  
    W17                                               0.000     0.000 r  sys_clk (IN)
                         net (fo=0)                   0.000     0.000    sys_clk
    W17                  IBUF (Prop_ibuf_I_O)         0.440     0.440 r  sys_clk_IBUF_inst/O
                         net (fo=1, routed)           0.731     1.171    sys_clk_IBUF
    BUFGCTRL_X0Y4        BUFG (Prop_bufg_I_O)         0.029     1.200 r  sys_clk_IBUF_BUFG_inst/O
                         net (fo=155, routed)         0.862     2.062    u_pl/u_clk/sys_clk_IBUF_BUFG
    MMCME2_ADV_X1Y0      MMCME2_ADV (Prop_mmcme2_adv_CLKIN1_CLKOUT0)
                                                     -1.467     0.595 r  u_pl/u_clk/u_mmcm/CLKOUT0
                         net (fo=1, routed)           0.576     1.171    u_pl/u_clk/clkout0
    BUFGCTRL_X0Y1        BUFG (Prop_bufg_I_O)         0.029     1.200 r  u_pl/u_clk/u_bufg_pix/O
                         net (fo=1631, routed)        0.813     2.013    u_pl/u_zmap/clk_pix
    SLICE_X40Y72         FDRE                                         r  u_pl/u_zmap/rot_s0_reg/C
                         clock pessimism             -0.248     1.765    
                         clock uncertainty            0.259     2.024    
    SLICE_X40Y72         FDRE (Hold_fdre_C_D)         0.008     2.032    u_pl/u_zmap/rot_s0_reg
  -------------------------------------------------------------------
                         required time                         -2.032    
                         arrival time                           2.392    
  -------------------------------------------------------------------
                         slack                                  0.359    





---------------------------------------------------------------------------------------------------
From Clock:  clkout1_1
  To Clock:  clkout0_1

Setup :            0  Failing Endpoints,  Worst Slack        1.116ns,  Total Violation        0.000ns
Hold  :            0  Failing Endpoints,  Worst Slack        0.098ns,  Total Violation        0.000ns
---------------------------------------------------------------------------------------------------


Max Delay Paths
--------------------------------------------------------------------------------------
Slack (MET) :             1.116ns  (required time - arrival time)
  Source:                 u_pl/u_rd/u_sched/p10_reg[9]/C
                            (rising edge-triggered cell FDCE clocked by clkout1_1  {rise@0.000ns fall@2.000ns period=4.000ns})
  Destination:            u_pl/u_rd/tb_r_reg[9]/D
                            (rising edge-triggered cell FDCE clocked by clkout0_1  {rise@0.000ns fall@10.000ns period=20.000ns})
  Path Group:             clkout0_1
  Path Type:              Setup (Max at Slow Process Corner)
  Requirement:            4.000ns  (clkout0_1 rise@20.000ns - clkout1_1 rise@16.000ns)
  Data Path Delay:        2.286ns  (logic 0.379ns (16.582%)  route 1.907ns (83.418%))
  Logic Levels:           0  
  Clock Path Skew:        -0.310ns (DCD - SCD + CPR)
    Destination Clock Delay (DCD):    4.412ns = ( 24.412 - 20.000 ) 
    Source Clock Delay      (SCD):    4.818ns = ( 20.818 - 16.000 ) 
    Clock Pessimism Removal (CPR):    0.095ns
  Clock Uncertainty:      0.214ns  ((TSJ^2 + DJ^2)^1/2) / 2 + PE
    Total System Jitter     (TSJ):    0.071ns
    Discrete Jitter          (DJ):    0.175ns
    Phase Error              (PE):    0.120ns

    Location             Delay type                Incr(ns)  Path(ns)    Netlist Resource(s)
  -------------------------------------------------------------------    -------------------
                         (clock clkout1_1 rise edge)
                                                     16.000    16.000 r  
    W17                                               0.000    16.000 r  sys_clk (IN)
                         net (fo=0)                   0.000    16.000    sys_clk
    W17                  IBUF (Prop_ibuf_I_O)         1.415    17.415 r  sys_clk_IBUF_inst/O
                         net (fo=1, routed)           1.873    19.288    sys_clk_IBUF
    BUFGCTRL_X0Y4        BUFG (Prop_bufg_I_O)         0.085    19.373 r  sys_clk_IBUF_BUFG_inst/O
                         net (fo=155, routed)         1.550    20.923    u_pl/u_clk/sys_clk_IBUF_BUFG
    MMCME2_ADV_X1Y0      MMCME2_ADV (Prop_mmcme2_adv_CLKIN1_CLKOUT1)
                                                     -3.232    17.691 r  u_pl/u_clk/u_mmcm/CLKOUT1
                         net (fo=1, routed)           1.597    19.288    u_pl/u_clk/clkout1
    BUFGCTRL_X0Y2        BUFG (Prop_bufg_I_O)         0.085    19.373 r  u_pl/u_clk/u_bufg_5x/O
                         net (fo=538, routed)         1.445    20.818    u_pl/u_rd/u_sched/clk_pix5x
    SLICE_X88Y83         FDCE                                         r  u_pl/u_rd/u_sched/p10_reg[9]/C
  -------------------------------------------------------------------    -------------------
    SLICE_X88Y83         FDCE (Prop_fdce_C_Q)         0.379    21.197 r  u_pl/u_rd/u_sched/p10_reg[9]/Q
                         net (fo=1, routed)           1.907    23.104    u_pl/u_rd/p10[9]
    SLICE_X60Y61         FDCE                                         r  u_pl/u_rd/tb_r_reg[9]/D
  -------------------------------------------------------------------    -------------------

                         (clock clkout0_1 rise edge)
                                                     20.000    20.000 r  
    W17                                               0.000    20.000 r  sys_clk (IN)
                         net (fo=0)                   0.000    20.000    sys_clk
    W17                  IBUF (Prop_ibuf_I_O)         1.349    21.349 r  sys_clk_IBUF_inst/O
                         net (fo=1, routed)           1.701    23.050    sys_clk_IBUF
    BUFGCTRL_X0Y4        BUFG (Prop_bufg_I_O)         0.077    23.127 r  sys_clk_IBUF_BUFG_inst/O
                         net (fo=155, routed)         1.384    24.511    u_pl/u_clk/sys_clk_IBUF_BUFG
    MMCME2_ADV_X1Y0      MMCME2_ADV (Prop_mmcme2_adv_CLKIN1_CLKOUT0)
                                                     -2.915    21.596 r  u_pl/u_clk/u_mmcm/CLKOUT0
                         net (fo=1, routed)           1.454    23.050    u_pl/u_clk/clkout0
    BUFGCTRL_X0Y1        BUFG (Prop_bufg_I_O)         0.077    23.127 r  u_pl/u_clk/u_bufg_pix/O
                         net (fo=1631, routed)        1.285    24.412    u_pl/u_rd/clk_pix
    SLICE_X60Y61         FDCE                                         r  u_pl/u_rd/tb_r_reg[9]/C
                         clock pessimism              0.095    24.508    
                         clock uncertainty           -0.214    24.293    
    SLICE_X60Y61         FDCE (Setup_fdce_C_D)       -0.074    24.219    u_pl/u_rd/tb_r_reg[9]
  -------------------------------------------------------------------
                         required time                         24.219    
                         arrival time                         -23.104    
  -------------------------------------------------------------------
                         slack                                  1.116    





Min Delay Paths
--------------------------------------------------------------------------------------
Slack (MET) :             0.098ns  (arrival time - required time)
  Source:                 u_pl/u_rd/u_sched/p00_reg[14]/C
                            (rising edge-triggered cell FDCE clocked by clkout1_1  {rise@0.000ns fall@2.000ns period=4.000ns})
  Destination:            u_pl/u_rd/ta_r_reg[14]/D
                            (rising edge-triggered cell FDCE clocked by clkout0_1  {rise@0.000ns fall@10.000ns period=20.000ns})
  Path Group:             clkout0_1
  Path Type:              Hold (Min at Fast Process Corner)
  Requirement:            0.000ns  (clkout0_1 rise@0.000ns - clkout1_1 rise@0.000ns)
  Data Path Delay:        0.689ns  (logic 0.141ns (20.456%)  route 0.548ns (79.544%))
  Logic Levels:           0  
  Clock Path Skew:        0.317ns (DCD - SCD - CPR)
    Destination Clock Delay (DCD):    2.021ns
    Source Clock Delay      (SCD):    1.506ns
    Clock Pessimism Removal (CPR):    0.198ns
  Clock Uncertainty:      0.214ns  ((TSJ^2 + DJ^2)^1/2) / 2 + PE
    Total System Jitter     (TSJ):    0.071ns
    Discrete Jitter          (DJ):    0.175ns
    Phase Error              (PE):    0.120ns

    Location             Delay type                Incr(ns)  Path(ns)    Netlist Resource(s)
  -------------------------------------------------------------------    -------------------
                         (clock clkout1_1 rise edge)
                                                      0.000     0.000 r  
    W17                                               0.000     0.000 r  sys_clk (IN)
                         net (fo=0)                   0.000     0.000    sys_clk
    W17                  IBUF (Prop_ibuf_I_O)         0.252     0.252 r  sys_clk_IBUF_inst/O
                         net (fo=1, routed)           0.674     0.926    sys_clk_IBUF
    BUFGCTRL_X0Y4        BUFG (Prop_bufg_I_O)         0.026     0.952 r  sys_clk_IBUF_BUFG_inst/O
                         net (fo=155, routed)         0.595     1.547    u_pl/u_clk/sys_clk_IBUF_BUFG
    MMCME2_ADV_X1Y0      MMCME2_ADV (Prop_mmcme2_adv_CLKIN1_CLKOUT1)
                                                     -1.150     0.397 r  u_pl/u_clk/u_mmcm/CLKOUT1
                         net (fo=1, routed)           0.529     0.926    u_pl/u_clk/clkout1
    BUFGCTRL_X0Y2        BUFG (Prop_bufg_I_O)         0.026     0.952 r  u_pl/u_clk/u_bufg_5x/O
                         net (fo=538, routed)         0.554     1.506    u_pl/u_rd/u_sched/clk_pix5x
    SLICE_X53Y93         FDCE                                         r  u_pl/u_rd/u_sched/p00_reg[14]/C
  -------------------------------------------------------------------    -------------------
    SLICE_X53Y93         FDCE (Prop_fdce_C_Q)         0.141     1.647 r  u_pl/u_rd/u_sched/p00_reg[14]/Q
                         net (fo=1, routed)           0.548     2.195    u_pl/u_rd/p00[14]
    SLICE_X50Y59         FDCE                                         r  u_pl/u_rd/ta_r_reg[14]/D
  -------------------------------------------------------------------    -------------------

                         (clock clkout0_1 rise edge)
                                                      0.000     0.000 r  
    W17                                               0.000     0.000 r  sys_clk (IN)
                         net (fo=0)                   0.000     0.000    sys_clk
    W17                  IBUF (Prop_ibuf_I_O)         0.440     0.440 r  sys_clk_IBUF_inst/O
                         net (fo=1, routed)           0.731     1.171    sys_clk_IBUF
    BUFGCTRL_X0Y4        BUFG (Prop_bufg_I_O)         0.029     1.200 r  sys_clk_IBUF_BUFG_inst/O
                         net (fo=155, routed)         0.862     2.062    u_pl/u_clk/sys_clk_IBUF_BUFG
    MMCME2_ADV_X1Y0      MMCME2_ADV (Prop_mmcme2_adv_CLKIN1_CLKOUT0)
                                                     -1.467     0.595 r  u_pl/u_clk/u_mmcm/CLKOUT0
                         net (fo=1, routed)           0.576     1.171    u_pl/u_clk/clkout0
    BUFGCTRL_X0Y1        BUFG (Prop_bufg_I_O)         0.029     1.200 r  u_pl/u_clk/u_bufg_pix/O
                         net (fo=1631, routed)        0.821     2.021    u_pl/u_rd/clk_pix
    SLICE_X50Y59         FDCE                                         r  u_pl/u_rd/ta_r_reg[14]/C
                         clock pessimism             -0.198     1.823    
                         clock uncertainty            0.214     2.037    
    SLICE_X50Y59         FDCE (Hold_fdce_C_D)         0.060     2.097    u_pl/u_rd/ta_r_reg[14]
  -------------------------------------------------------------------
                         required time                         -2.097    
                         arrival time                           2.195    
  -------------------------------------------------------------------
                         slack                                  0.098    





---------------------------------------------------------------------------------------------------
From Clock:  clkout0_1
  To Clock:  clkout1_1

Setup :            0  Failing Endpoints,  Worst Slack        0.788ns,  Total Violation        0.000ns
Hold  :            0  Failing Endpoints,  Worst Slack        0.137ns,  Total Violation        0.000ns
---------------------------------------------------------------------------------------------------


Max Delay Paths
--------------------------------------------------------------------------------------
Slack (MET) :             0.788ns  (required time - arrival time)
  Source:                 u_pl/u_rd/wordp1_q_reg[2]/C
                            (rising edge-triggered cell FDCE clocked by clkout0_1  {rise@0.000ns fall@10.000ns period=20.000ns})
  Destination:            u_pl/u_rd/u_sched/a1_q_reg[2]/D
                            (rising edge-triggered cell FDCE clocked by clkout1_1  {rise@0.000ns fall@2.000ns period=4.000ns})
  Path Group:             clkout1_1
  Path Type:              Setup (Max at Slow Process Corner)
  Requirement:            4.000ns  (clkout1_1 rise@4.000ns - clkout0_1 rise@0.000ns)
  Data Path Delay:        2.644ns  (logic 0.379ns (14.334%)  route 2.265ns (85.666%))
  Logic Levels:           0  
  Clock Path Skew:        -0.306ns (DCD - SCD + CPR)
    Destination Clock Delay (DCD):    4.407ns = ( 8.407 - 4.000 ) 
    Source Clock Delay      (SCD):    4.809ns
    Clock Pessimism Removal (CPR):    0.095ns
  Clock Uncertainty:      0.214ns  ((TSJ^2 + DJ^2)^1/2) / 2 + PE
    Total System Jitter     (TSJ):    0.071ns
    Discrete Jitter          (DJ):    0.175ns
    Phase Error              (PE):    0.120ns

    Location             Delay type                Incr(ns)  Path(ns)    Netlist Resource(s)
  -------------------------------------------------------------------    -------------------
                         (clock clkout0_1 rise edge)
                                                      0.000     0.000 r  
    W17                                               0.000     0.000 r  sys_clk (IN)
                         net (fo=0)                   0.000     0.000    sys_clk
    W17                  IBUF (Prop_ibuf_I_O)         1.415     1.415 r  sys_clk_IBUF_inst/O
                         net (fo=1, routed)           1.873     3.288    sys_clk_IBUF
    BUFGCTRL_X0Y4        BUFG (Prop_bufg_I_O)         0.085     3.373 r  sys_clk_IBUF_BUFG_inst/O
                         net (fo=155, routed)         1.550     4.923    u_pl/u_clk/sys_clk_IBUF_BUFG
    MMCME2_ADV_X1Y0      MMCME2_ADV (Prop_mmcme2_adv_CLKIN1_CLKOUT0)
                                                     -3.232     1.691 r  u_pl/u_clk/u_mmcm/CLKOUT0
                         net (fo=1, routed)           1.597     3.288    u_pl/u_clk/clkout0
    BUFGCTRL_X0Y1        BUFG (Prop_bufg_I_O)         0.085     3.373 r  u_pl/u_clk/u_bufg_pix/O
                         net (fo=1631, routed)        1.436     4.809    u_pl/u_rd/clk_pix
    SLICE_X67Y68         FDCE                                         r  u_pl/u_rd/wordp1_q_reg[2]/C
  -------------------------------------------------------------------    -------------------
    SLICE_X67Y68         FDCE (Prop_fdce_C_Q)         0.379     5.188 r  u_pl/u_rd/wordp1_q_reg[2]/Q
                         net (fo=4, routed)           2.265     7.453    u_pl/u_rd/u_sched/Q[1]
    SLICE_X81Y75         FDCE                                         r  u_pl/u_rd/u_sched/a1_q_reg[2]/D
  -------------------------------------------------------------------    -------------------

                         (clock clkout1_1 rise edge)
                                                      4.000     4.000 r  
    W17                                               0.000     4.000 r  sys_clk (IN)
                         net (fo=0)                   0.000     4.000    sys_clk
    W17                  IBUF (Prop_ibuf_I_O)         1.349     5.349 r  sys_clk_IBUF_inst/O
                         net (fo=1, routed)           1.701     7.050    sys_clk_IBUF
    BUFGCTRL_X0Y4        BUFG (Prop_bufg_I_O)         0.077     7.127 r  sys_clk_IBUF_BUFG_inst/O
                         net (fo=155, routed)         1.384     8.511    u_pl/u_clk/sys_clk_IBUF_BUFG
    MMCME2_ADV_X1Y0      MMCME2_ADV (Prop_mmcme2_adv_CLKIN1_CLKOUT1)
                                                     -2.915     5.596 r  u_pl/u_clk/u_mmcm/CLKOUT1
                         net (fo=1, routed)           1.454     7.050    u_pl/u_clk/clkout1
    BUFGCTRL_X0Y2        BUFG (Prop_bufg_I_O)         0.077     7.127 r  u_pl/u_clk/u_bufg_5x/O
                         net (fo=538, routed)         1.280     8.407    u_pl/u_rd/u_sched/clk_pix5x
    SLICE_X81Y75         FDCE                                         r  u_pl/u_rd/u_sched/a1_q_reg[2]/C
                         clock pessimism              0.095     8.503    
                         clock uncertainty           -0.214     8.288    
    SLICE_X81Y75         FDCE (Setup_fdce_C_D)       -0.047     8.241    u_pl/u_rd/u_sched/a1_q_reg[2]
  -------------------------------------------------------------------
                         required time                          8.241    
                         arrival time                          -7.453    
  -------------------------------------------------------------------
                         slack                                  0.788    





Min Delay Paths
--------------------------------------------------------------------------------------
Slack (MET) :             0.137ns  (arrival time - required time)
  Source:                 u_pl/u_rd/fx_q_reg[5]/C
                            (rising edge-triggered cell FDCE clocked by clkout0_1  {rise@0.000ns fall@10.000ns period=20.000ns})
  Destination:            u_pl/u_rd/u_sched/fx_q_reg[5]/D
                            (rising edge-triggered cell FDCE clocked by clkout1_1  {rise@0.000ns fall@2.000ns period=4.000ns})
  Path Group:             clkout1_1
  Path Type:              Hold (Min at Fast Process Corner)
  Requirement:            0.000ns  (clkout1_1 rise@0.000ns - clkout0_1 rise@0.000ns)
  Data Path Delay:        0.715ns  (logic 0.141ns (19.729%)  route 0.574ns (80.271%))
  Logic Levels:           0  
  Clock Path Skew:        0.317ns (DCD - SCD - CPR)
    Destination Clock Delay (DCD):    2.021ns
    Source Clock Delay      (SCD):    1.506ns
    Clock Pessimism Removal (CPR):    0.198ns
  Clock Uncertainty:      0.214ns  ((TSJ^2 + DJ^2)^1/2) / 2 + PE
    Total System Jitter     (TSJ):    0.071ns
    Discrete Jitter          (DJ):    0.175ns
    Phase Error              (PE):    0.120ns

    Location             Delay type                Incr(ns)  Path(ns)    Netlist Resource(s)
  -------------------------------------------------------------------    -------------------
                         (clock clkout0_1 rise edge)
                                                      0.000     0.000 r  
    W17                                               0.000     0.000 r  sys_clk (IN)
                         net (fo=0)                   0.000     0.000    sys_clk
    W17                  IBUF (Prop_ibuf_I_O)         0.252     0.252 r  sys_clk_IBUF_inst/O
                         net (fo=1, routed)           0.674     0.926    sys_clk_IBUF
    BUFGCTRL_X0Y4        BUFG (Prop_bufg_I_O)         0.026     0.952 r  sys_clk_IBUF_BUFG_inst/O
                         net (fo=155, routed)         0.595     1.547    u_pl/u_clk/sys_clk_IBUF_BUFG
    MMCME2_ADV_X1Y0      MMCME2_ADV (Prop_mmcme2_adv_CLKIN1_CLKOUT0)
                                                     -1.150     0.397 r  u_pl/u_clk/u_mmcm/CLKOUT0
                         net (fo=1, routed)           0.529     0.926    u_pl/u_clk/clkout0
    BUFGCTRL_X0Y1        BUFG (Prop_bufg_I_O)         0.026     0.952 r  u_pl/u_clk/u_bufg_pix/O
                         net (fo=1631, routed)        0.554     1.506    u_pl/u_rd/clk_pix
    SLICE_X40Y65         FDCE                                         r  u_pl/u_rd/fx_q_reg[5]/C
  -------------------------------------------------------------------    -------------------
    SLICE_X40Y65         FDCE (Prop_fdce_C_Q)         0.141     1.647 r  u_pl/u_rd/fx_q_reg[5]/Q
                         net (fo=1, routed)           0.574     2.220    u_pl/u_rd/u_sched/fx_q_reg[7]_0[5]
    SLICE_X47Y63         FDCE                                         r  u_pl/u_rd/u_sched/fx_q_reg[5]/D
  -------------------------------------------------------------------    -------------------

                         (clock clkout1_1 rise edge)
                                                      0.000     0.000 r  
    W17                                               0.000     0.000 r  sys_clk (IN)
                         net (fo=0)                   0.000     0.000    sys_clk
    W17                  IBUF (Prop_ibuf_I_O)         0.440     0.440 r  sys_clk_IBUF_inst/O
                         net (fo=1, routed)           0.731     1.171    sys_clk_IBUF
    BUFGCTRL_X0Y4        BUFG (Prop_bufg_I_O)         0.029     1.200 r  sys_clk_IBUF_BUFG_inst/O
                         net (fo=155, routed)         0.862     2.062    u_pl/u_clk/sys_clk_IBUF_BUFG
    MMCME2_ADV_X1Y0      MMCME2_ADV (Prop_mmcme2_adv_CLKIN1_CLKOUT1)
                                                     -1.467     0.595 r  u_pl/u_clk/u_mmcm/CLKOUT1
                         net (fo=1, routed)           0.576     1.171    u_pl/u_clk/clkout1
    BUFGCTRL_X0Y2        BUFG (Prop_bufg_I_O)         0.029     1.200 r  u_pl/u_clk/u_bufg_5x/O
                         net (fo=538, routed)         0.821     2.021    u_pl/u_rd/u_sched/clk_pix5x
    SLICE_X47Y63         FDCE                                         r  u_pl/u_rd/u_sched/fx_q_reg[5]/C
                         clock pessimism             -0.198     1.823    
                         clock uncertainty            0.214     2.037    
    SLICE_X47Y63         FDCE (Hold_fdce_C_D)         0.046     2.083    u_pl/u_rd/u_sched/fx_q_reg[5]
  -------------------------------------------------------------------
                         required time                         -2.083    
                         arrival time                           2.220    
  -------------------------------------------------------------------
                         slack                                  0.137    





