Copyright 1986-2022 Xilinx, Inc. All Rights Reserved. Copyright 2022-2026 Advanced Micro Devices, Inc. All Rights Reserved.
---------------------------------------------------------------------------------------------------------------------------------------------
| Tool Version : Vivado v.2025.2.1 (win64) Build 6403652 Thu Mar 19 19:48:24 GMT 2026
| Date         : Mon Oct  5 18:11:04 2026
| Host         : Uie-laptop running 64-bit major release  (build 9200)
| Command      : report_control_sets -verbose -file system_top_control_sets_placed.rpt
| Design       : system_top
| Device       : xc7z020
---------------------------------------------------------------------------------------------------------------------------------------------

Control Set Information

Table of Contents
-----------------
1. Summary
2. Histogram
3. Flip-Flop Distribution
4. Detailed Control Set Information

1. Summary
----------

+----------------------------------------------------------+-------+
|                          Status                          | Count |
+----------------------------------------------------------+-------+
| Total control sets                                       |   335 |
|    Minimum number of control sets                        |   335 |
|    Addition due to synthesis replication                 |     0 |
|    Addition due to physical synthesis replication        |     0 |
| Unused register locations in slices containing registers |   444 |
+----------------------------------------------------------+-------+
* Control sets can be merged at opt_design using control_set_merge or merge_equivalent_drivers
** Run report_qor_suggestions for automated merging and remapping suggestions


2. Histogram
------------

+--------------------+-------+
|       Fanout       | Count |
+--------------------+-------+
| Total control sets |   335 |
| >= 0 to < 4        |     3 |
| >= 4 to < 6        |    21 |
| >= 6 to < 8        |     4 |
| >= 8 to < 10       |    46 |
| >= 10 to < 12      |     2 |
| >= 12 to < 14      |    14 |
| >= 14 to < 16      |     4 |
| >= 16              |   241 |
+--------------------+-------+
* Control sets can be remapped at either synth_design or opt_design


3. Flip-Flop Distribution
-------------------------

+--------------+-----------------------+------------------------+-----------------+--------------+
| Clock Enable | Synchronous Set/Reset | Asynchronous Set/Reset | Total Registers | Total Slices |
+--------------+-----------------------+------------------------+-----------------+--------------+
| No           | No                    | No                     |             518 |          177 |
| No           | No                    | Yes                    |            1794 |          656 |
| No           | Yes                   | No                     |             312 |          100 |
| Yes          | No                    | No                     |             672 |          172 |
| Yes          | No                    | Yes                    |            4554 |         1559 |
| Yes          | Yes                   | No                     |             338 |          109 |
+--------------+-----------------------+------------------------+-----------------+--------------+


4. Detailed Control Set Information
-----------------------------------

+------------------------------------------------------+---------------------------------------------------------------------------------------------------------------------------------------------------------------+------------------------------------------------------------------------------------------------------------------------------------------------------+------------------+----------------+--------------+
|                     Clock Signal                     |                                                                         Enable Signal                                                                         |                                                                   Set/Reset Signal                                                                   | Slice Load Count | Bel Load Count | Bels / Slice |
+------------------------------------------------------+---------------------------------------------------------------------------------------------------------------------------------------------------------------+------------------------------------------------------------------------------------------------------------------------------------------------------+------------------+----------------+--------------+
|  u_eth/u_rgmii/u_rgmii_rx/gmii_rx_clk                | u_eth/u_reasm/rok4[51]_i_1_n_0                                                                                                                                | u_idelay_clkgen/u_mmcm_0                                                                                                                             |                1 |              1 |         1.00 |
|  u_bd/design_1_i/processing_system7_0/inst/FCLK_CLK0 | u_bd/design_1_i/axi_gp0_ic/s00_couplers/auto_pc/inst/gen_axilite.gen_b2s_conv.axilite_b2s/WR.aw_channel_0/aw_cmd_fsm_0/FSM_sequential_state_reg[0]_1          | u_bd/design_1_i/axi_gp0_ic/s00_couplers/auto_pc/inst/gen_axilite.gen_b2s_conv.axilite_b2s/WR.aw_channel_0/aw_cmd_fsm_0/FSM_sequential_state_reg[0]_0 |                1 |              1 |         1.00 |
|  u_bd/design_1_i/processing_system7_0/inst/FCLK_CLK0 | u_bd/design_1_i/axi_gp0_ic/s00_couplers/auto_pc/inst/gen_axilite.gen_b2s_conv.axilite_b2s/WR.b_channel_0/bid_fifo_0/sel                                       |                                                                                                                                                      |                1 |              2 |         2.00 |
|  u_bd/design_1_i/processing_system7_0/inst/FCLK_CLK0 | u_bd/design_1_i/axi_gpio_1/U0/AXI_LITE_IPIF_I/I_SLAVE_ATTACHMENT/start2                                                                                       | u_bd/design_1_i/axi_gpio_1/U0/AXI_LITE_IPIF_I/I_SLAVE_ATTACHMENT/I_DECODER/cs_ce_clr                                                                 |                1 |              4 |         4.00 |
|  u_bd/design_1_i/processing_system7_0/inst/FCLK_CLK0 | u_eth/u_saver/outst[3]_i_1_n_0                                                                                                                                | u_bd/bbstub_FCLK_RESET0_N                                                                                                                            |                1 |              4 |         4.00 |
|  u_bd/design_1_i/processing_system7_0/inst/FCLK_CLK0 | u_bd/design_1_i/axi_gpio_2/U0/AXI_LITE_IPIF_I/I_SLAVE_ATTACHMENT/start2                                                                                       | u_bd/design_1_i/axi_gpio_2/U0/AXI_LITE_IPIF_I/I_SLAVE_ATTACHMENT/I_DECODER/cs_ce_clr                                                                 |                1 |              4 |         4.00 |
|  u_bd/design_1_i/processing_system7_0/inst/FCLK_CLK0 |                                                                                                                                                               | u_bd/design_1_i/axi_gpio_0/U0/AXI_LITE_IPIF_I/I_SLAVE_ATTACHMENT/clear                                                                               |                1 |              4 |         4.00 |
|  u_bd/design_1_i/processing_system7_0/inst/FCLK_CLK0 | u_bd/design_1_i/axi_gpio_1/U0/AXI_LITE_IPIF_I/I_SLAVE_ATTACHMENT/bus2ip_addr_i[8]_i_1_n_0                                                                     | u_bd/design_1_i/axi_gpio_1/U0/AXI_LITE_IPIF_I/I_SLAVE_ATTACHMENT/SR[0]                                                                               |                1 |              4 |         4.00 |
|  u_bd/design_1_i/processing_system7_0/inst/FCLK_CLK0 |                                                                                                                                                               | u_bd/design_1_i/axi_gp0_ic/s00_couplers/auto_pc/inst/gen_axilite.gen_b2s_conv.axilite_b2s/SI_REG/aw.aw_pipe/aresetn_d_reg[0]_0                       |                1 |              4 |         4.00 |
|  u_bd/design_1_i/processing_system7_0/inst/FCLK_CLK0 |                                                                                                                                                               | u_bd/design_1_i/axi_gpio_1/U0/AXI_LITE_IPIF_I/I_SLAVE_ATTACHMENT/clear                                                                               |                1 |              4 |         4.00 |
|  u_bd/design_1_i/processing_system7_0/inst/FCLK_CLK0 |                                                                                                                                                               | u_bd/design_1_i/axi_gp0_ic/s00_couplers/auto_pc/inst/gen_axilite.gen_b2s_conv.axilite_b2s/SI_REG/aw.aw_pipe/aresetn_d_reg[1]_inv_0                   |                4 |              4 |         1.00 |
|  u_bd/design_1_i/processing_system7_0/inst/FCLK_CLK0 | u_bd/design_1_i/axi_gpio_2/U0/AXI_LITE_IPIF_I/I_SLAVE_ATTACHMENT/bus2ip_addr_i[8]_i_1_n_0                                                                     | u_bd/design_1_i/axi_gpio_2/U0/AXI_LITE_IPIF_I/I_SLAVE_ATTACHMENT/SR[0]                                                                               |                1 |              4 |         4.00 |
|  u_bd/design_1_i/processing_system7_0/inst/FCLK_CLK0 |                                                                                                                                                               | u_bd/design_1_i/axi_gpio_2/U0/AXI_LITE_IPIF_I/I_SLAVE_ATTACHMENT/clear                                                                               |                2 |              4 |         2.00 |
|  u_bd/design_1_i/processing_system7_0/inst/FCLK_CLK0 | u_bd/design_1_i/axi_gp0_ic/s00_couplers/auto_pc/inst/gen_axilite.gen_b2s_conv.axilite_b2s/RD.ar_channel_0/ar_cmd_fsm_0/m_axi_arready_2                        | u_bd/design_1_i/axi_gp0_ic/s00_couplers/auto_pc/inst/gen_axilite.gen_b2s_conv.axilite_b2s/RD.ar_channel_0/ar_cmd_fsm_0/FSM_sequential_state_reg[1]_0 |                1 |              4 |         4.00 |
|  u_bd/design_1_i/processing_system7_0/inst/FCLK_CLK0 | u_bd/design_1_i/axi_gpio_0/U0/AXI_LITE_IPIF_I/I_SLAVE_ATTACHMENT/start2                                                                                       | u_bd/design_1_i/axi_gpio_0/U0/AXI_LITE_IPIF_I/I_SLAVE_ATTACHMENT/I_DECODER/cs_ce_clr                                                                 |                1 |              4 |         4.00 |
|  u_bd/design_1_i/processing_system7_0/inst/FCLK_CLK0 | u_bd/design_1_i/axi_gpio_0/U0/AXI_LITE_IPIF_I/I_SLAVE_ATTACHMENT/bus2ip_addr_i[8]_i_1_n_0                                                                     | u_bd/design_1_i/axi_gpio_0/U0/AXI_LITE_IPIF_I/I_SLAVE_ATTACHMENT/SR[0]                                                                               |                1 |              4 |         4.00 |
|  u_eth/u_rgmii/u_rgmii_rx/gmii_rx_clk                | u_eth/u_icmp/u_icmp_tx/real_add_cnt0                                                                                                                          | u_idelay_clkgen/u_mmcm_0                                                                                                                             |                2 |              5 |         2.50 |
|  u_eth/u_rgmii/u_rgmii_rx/gmii_rx_clk                | u_eth/u_arp/u_arp_tx/data_cnt[4]_i_1_n_0                                                                                                                      | u_idelay_clkgen/u_mmcm_0                                                                                                                             |                2 |              5 |         2.50 |
|  u_eth/u_rgmii/u_rgmii_rx/gmii_rx_clk                | u_eth/u_icmp/u_icmp_rx/cnt0                                                                                                                                   | u_idelay_clkgen/u_mmcm_0                                                                                                                             |                5 |              5 |         1.00 |
|  u_pl/u_clk/clk_pix                                  | u_pl/u_life/miss[4]_i_1_n_0                                                                                                                                   | u_pl/u_clk/u_mmcm_0                                                                                                                                  |                2 |              5 |         2.50 |
|  u_eth/u_rgmii/u_rgmii_rx/gmii_rx_clk                | u_eth/u_icmp/u_icmp_tx/cnt0                                                                                                                                   | u_idelay_clkgen/u_mmcm_0                                                                                                                             |                3 |              5 |         1.67 |
|  u_bd/design_1_i/processing_system7_0/inst/FCLK_CLK0 | u_bd/design_1_i/axi_gp0_ic/s00_couplers/auto_pc/inst/gen_axilite.gen_b2s_conv.axilite_b2s/RD.r_channel_0/transaction_fifo_0/cnt_read[4]_i_1_n_0               | u_bd/design_1_i/axi_gp0_ic/s00_couplers/auto_pc/inst/gen_axilite.gen_b2s_conv.axilite_b2s/areset_d1                                                  |                2 |              5 |         2.50 |
|  u_bd/design_1_i/processing_system7_0/inst/FCLK_CLK0 | u_bd/design_1_i/axi_gp0_ic/s00_couplers/auto_pc/inst/gen_axilite.gen_b2s_conv.axilite_b2s/RD.r_channel_0/rd_data_fifo_0/cnt_read[4]_i_1__0_n_0                | u_bd/design_1_i/axi_gp0_ic/s00_couplers/auto_pc/inst/gen_axilite.gen_b2s_conv.axilite_b2s/areset_d1                                                  |                2 |              5 |         2.50 |
|  u_eth/u_rgmii/u_rgmii_rx/gmii_rx_clk                | u_eth/u_arp/u_arp_rx/cnt[0]                                                                                                                                   | u_idelay_clkgen/u_mmcm_0                                                                                                                             |                3 |              5 |         1.67 |
|  u_eth/u_rgmii/u_rgmii_rx/gmii_rx_clk                | u_eth/u_arp/u_arp_tx/cnt[5]_i_1__3_n_0                                                                                                                        | u_idelay_clkgen/u_mmcm_0                                                                                                                             |                3 |              6 |         2.00 |
|  u_eth/u_rgmii/u_rgmii_rx/gmii_rx_clk                | u_eth/u_icmp/u_icmp_rx/icmp_dly_reg_0_sn_1                                                                                                                    | u_idelay_clkgen/u_mmcm_0                                                                                                                             |                2 |              6 |         3.00 |
|  u_bd/design_1_i/processing_system7_0/inst/FCLK_CLK0 | u_pl/u_row/sk_r__0[0]                                                                                                                                         | u_bd/bbstub_FCLK_RESET0_N                                                                                                                            |                3 |              7 |         2.33 |
|  u_bd/design_1_i/processing_system7_0/inst/FCLK_CLK0 | u_pl/u_row/sk_w__0[0]                                                                                                                                         | u_bd/bbstub_FCLK_RESET0_N                                                                                                                            |                3 |              7 |         2.33 |
|  u_eth/u_rgmii/u_rgmii_rx/gmii_rx_clk                | u_eth/u_icmp/u_icmp_rx/icmp_type0                                                                                                                             | u_idelay_clkgen/u_mmcm_0                                                                                                                             |                2 |              8 |         4.00 |
|  u_eth/u_rgmii/u_rgmii_rx/gmii_rx_clk                | u_eth/u_icmp/u_icmp_rx/rec_data[7]_i_1_n_0                                                                                                                    | u_idelay_clkgen/u_mmcm_0                                                                                                                             |                2 |              8 |         4.00 |
|  u_eth/u_rgmii/u_rgmii_rx/gmii_rx_clk                | u_eth/u_icmp/u_icmp_rx/icmp_seq[15]_i_1_n_0                                                                                                                   | u_idelay_clkgen/u_mmcm_0                                                                                                                             |                5 |              8 |         1.60 |
|  u_eth/u_rgmii/u_rgmii_rx/gmii_rx_clk                | u_eth/u_icmp/u_icmp_rx/total_length[7]_i_1_n_0                                                                                                                | u_idelay_clkgen/u_mmcm_0                                                                                                                             |                2 |              8 |         4.00 |
|  u_pl/u_clk/clk_pix                                  | u_pl/u_pipe/u_bin/de_out_reg_6                                                                                                                                |                                                                                                                                                      |                2 |              8 |         4.00 |
|  u_eth/u_rgmii/u_rgmii_rx/gmii_rx_clk                | u_eth/u_reasm/off[15]_i_1_n_0                                                                                                                                 | u_idelay_clkgen/u_mmcm_0                                                                                                                             |                4 |              8 |         2.00 |
|  u_eth/u_rgmii/u_rgmii_rx/gmii_rx_clk                | u_eth/u_icmp/u_icmp_tx/gmii_tx_en0                                                                                                                            | u_idelay_clkgen/u_mmcm_0                                                                                                                             |                6 |              8 |         1.33 |
|  u_eth/u_rgmii/u_rgmii_rx/gmii_rx_clk                | u_eth/u_reasm/off[23]_i_1_n_0                                                                                                                                 | u_idelay_clkgen/u_mmcm_0                                                                                                                             |                3 |              8 |         2.67 |
|  u_eth/u_rgmii/u_rgmii_rx/gmii_rx_clk                | u_eth/u_rgmii/u_rgmii_rx/FSM_onehot_state_reg[2][0]                                                                                                           | u_idelay_clkgen/u_mmcm_0                                                                                                                             |                3 |              8 |         2.67 |
|  u_pl/u_clk/clk_pix                                  | u_pl/u_pipe/u_bin/de_out_reg_5                                                                                                                                |                                                                                                                                                      |                2 |              8 |         4.00 |
|  u_eth/u_rgmii/u_rgmii_rx/gmii_rx_clk                | u_eth/u_reasm/pix_lo[0]                                                                                                                                       | u_idelay_clkgen/u_mmcm_0                                                                                                                             |                2 |              8 |         4.00 |
|  u_pl/u_clk/clk_pix                                  | u_pl/u_clk/rst_pix_n                                                                                                                                          |                                                                                                                                                      |                4 |              8 |         2.00 |
|  u_pl/u_clk/clk_pix                                  | u_pl/u_fpsr/fps_q[7]_i_1_n_0                                                                                                                                  | u_pl/u_clk/u_mmcm_0                                                                                                                                  |                4 |              8 |         2.00 |
|  u_pl/u_clk/clk_pix                                  | u_pl/u_fpsr/acc[0]                                                                                                                                            | u_pl/u_clk/u_mmcm_0                                                                                                                                  |                1 |              8 |         8.00 |
|  u_pl/u_clk/clk_pix                                  | u_pl/u_pipe/u_bin/xd_reg[12][7]_0                                                                                                                             |                                                                                                                                                      |                2 |              8 |         4.00 |
|  u_pl/u_clk/clk_pix                                  | u_pl/u_pipe/u_bin/xd_reg[12][9]                                                                                                                               |                                                                                                                                                      |                2 |              8 |         4.00 |
|  u_pl/u_clk/clk_pix                                  | u_pl/u_pipe/u_bin/xd_reg[12][8]                                                                                                                               |                                                                                                                                                      |                2 |              8 |         4.00 |
|  u_pl/u_clk/clk_pix                                  | u_pl/u_pipe/u_bin/de_out_reg_7                                                                                                                                |                                                                                                                                                      |                2 |              8 |         4.00 |
|  u_pl/u_clk/clk_pix                                  | u_pl/u_pipe/u_bin/de_out_reg_8                                                                                                                                |                                                                                                                                                      |                2 |              8 |         4.00 |
|  u_pl/u_clk/clk_pix                                  | u_pl/u_pipe/u_bin/xd_reg[12][7]                                                                                                                               |                                                                                                                                                      |                2 |              8 |         4.00 |
|  u_eth/u_rgmii/u_rgmii_rx/gmii_rx_clk                | u_eth/u_lm/settle[7]_i_1_n_0                                                                                                                                  | u_idelay_clkgen/u_mmcm_0                                                                                                                             |                2 |              8 |         4.00 |
|  u_eth/u_rgmii/u_rgmii_rx/gmii_rx_clk                | u_eth/u_arp/u_arp_tx/gmii_txd[7]_i_1_n_0                                                                                                                      | u_idelay_clkgen/u_mmcm_0                                                                                                                             |                6 |              8 |         1.33 |
|  u_eth/u_rgmii/u_rgmii_rx/gmii_rx_clk                | u_eth/u_icmp/u_icmp_rx/total_length[15]_i_1_n_0                                                                                                               | u_idelay_clkgen/u_mmcm_0                                                                                                                             |                2 |              8 |         4.00 |
|  u_eth/u_rgmii/u_rgmii_rx/gmii_rx_clk                | u_eth/u_rx_par/b14[7]_i_1_n_0                                                                                                                                 | u_idelay_clkgen/u_mmcm_0                                                                                                                             |                2 |              8 |         4.00 |
|  u_eth/u_rgmii/u_rgmii_rx/gmii_rx_clk                | u_eth/u_rx_par/b20[7]_i_1_n_0                                                                                                                                 | u_idelay_clkgen/u_mmcm_0                                                                                                                             |                3 |              8 |         2.67 |
|  u_eth/u_rgmii/u_rgmii_rx/gmii_rx_clk                | u_eth/u_rx_par/b21[7]_i_1_n_0                                                                                                                                 | u_idelay_clkgen/u_mmcm_0                                                                                                                             |                3 |              8 |         2.67 |
|  u_eth/u_rgmii/u_rgmii_rx/gmii_rx_clk                | u_eth/u_icmp/u_icmp_rx/eth_type[15]_i_1__0_n_0                                                                                                                | u_idelay_clkgen/u_mmcm_0                                                                                                                             |                3 |              8 |         2.67 |
|  u_eth/u_rgmii/u_rgmii_rx/gmii_rx_clk                | u_eth/u_rx_par/dport[15]_i_1_n_0                                                                                                                              | u_idelay_clkgen/u_mmcm_0                                                                                                                             |                2 |              8 |         4.00 |
|  u_eth/u_rgmii/u_rgmii_rx/gmii_rx_clk                | u_eth/u_rx_par/p_data[7]_i_1_n_0                                                                                                                              | u_idelay_clkgen/u_mmcm_0                                                                                                                             |                2 |              8 |         4.00 |
|  u_eth/u_rgmii/u_rgmii_rx/gmii_rx_clk                | u_eth/u_rx_par/proto_chk[7]_i_1_n_0                                                                                                                           | u_idelay_clkgen/u_mmcm_0                                                                                                                             |                2 |              8 |         4.00 |
|  u_eth/u_rgmii/u_rgmii_rx/gmii_rx_clk                | u_eth/u_rx_par/udp_len[15]_i_1_n_0                                                                                                                            | u_idelay_clkgen/u_mmcm_0                                                                                                                             |                2 |              8 |         4.00 |
|  u_eth/u_rgmii/u_rgmii_rx/gmii_rx_clk                | u_eth/u_reasm/off[31]_i_1_n_0                                                                                                                                 | u_idelay_clkgen/u_mmcm_0                                                                                                                             |                3 |              8 |         2.67 |
|  u_eth/u_rgmii/u_rgmii_rx/gmii_rx_clk                | u_eth/u_rx_par/proto_chk[15]_i_1_n_0                                                                                                                          | u_idelay_clkgen/u_mmcm_0                                                                                                                             |                1 |              8 |         8.00 |
|  u_eth/u_rgmii/u_rgmii_rx/gmii_rx_clk                | u_eth/u_icmp/u_icmp_rx/icmp_rx_data_d00                                                                                                                       | u_idelay_clkgen/u_mmcm_0                                                                                                                             |                3 |              8 |         2.67 |
|  u_eth/u_rgmii/u_rgmii_rx/gmii_rx_clk                | u_eth/u_rx_par/b23[7]_i_1_n_0                                                                                                                                 | u_idelay_clkgen/u_mmcm_0                                                                                                                             |                2 |              8 |         4.00 |
|  u_eth/u_rgmii/u_rgmii_rx/gmii_rx_clk                | u_eth/u_icmp/u_icmp_rx/icmp_id[15]_i_1_n_0                                                                                                                    | u_idelay_clkgen/u_mmcm_0                                                                                                                             |                3 |              8 |         2.67 |
|  u_eth/u_rgmii/u_rgmii_rx/gmii_rx_clk                | u_eth/u_icmp/u_icmp_rx/icmp_id[7]_i_1_n_0                                                                                                                     | u_idelay_clkgen/u_mmcm_0                                                                                                                             |                5 |              8 |         1.60 |
|  u_eth/u_rgmii/u_rgmii_rx/gmii_rx_clk                | u_eth/u_arp/u_arp_rx/eth_type[11]                                                                                                                             | u_idelay_clkgen/u_mmcm_0                                                                                                                             |                3 |              8 |         2.67 |
|  u_eth/u_rgmii/u_rgmii_rx/gmii_rx_clk                | u_eth/u_arp/u_arp_rx/op_data[0]                                                                                                                               | u_idelay_clkgen/u_mmcm_0                                                                                                                             |                2 |              8 |         4.00 |
|  u_eth/u_rgmii/u_rgmii_rx/gmii_rx_clk                | u_eth/u_icmp/u_icmp_rx/icmp_seq[7]_i_1_n_0                                                                                                                    | u_idelay_clkgen/u_mmcm_0                                                                                                                             |                5 |              8 |         1.60 |
|  u_eth/u_rgmii/u_rgmii_rx/gmii_rx_clk                | u_eth/u_reasm/off[7]_i_1_n_0                                                                                                                                  | u_idelay_clkgen/u_mmcm_0                                                                                                                             |                4 |              8 |         2.00 |
|  u_eth/u_rgmii/u_rgmii_rx/gmii_rx_clk                | u_eth/u_arp/u_arp_rx/op_data[15]                                                                                                                              | u_idelay_clkgen/u_mmcm_0                                                                                                                             |                2 |              8 |         4.00 |
|  u_bd/design_1_i/processing_system7_0/inst/FCLK_CLK0 | u_bd/design_1_i/axi_gp0_ic/s00_couplers/auto_pc/inst/gen_axilite.gen_b2s_conv.axilite_b2s/WR.b_channel_0/mhandshake_r                                         | u_bd/design_1_i/axi_gp0_ic/s00_couplers/auto_pc/inst/gen_axilite.gen_b2s_conv.axilite_b2s/WR.b_channel_0/bid_fifo_0/SR[0]                            |                2 |              8 |         4.00 |
|  sys_clk_IBUF_BUFG                                   | u_pl/u_split_x/short_pulse_reg                                                                                                                                |                                                                                                                                                      |                5 |              9 |         1.80 |
|  u_eth/u_rgmii/u_rgmii_rx/gmii_rx_clk                | u_eth/u_reasm/frame_abort_reg_0[0]                                                                                                                            | u_idelay_clkgen/u_mmcm_0                                                                                                                             |                2 |              9 |         4.50 |
|  u_eth/u_rgmii/u_rgmii_rx/gmii_rx_clk                | u_eth/u_reasm/frame_abort_i_1_n_0                                                                                                                             | u_idelay_clkgen/u_mmcm_0                                                                                                                             |                3 |              9 |         3.00 |
|  u_bd/design_1_i/processing_system7_0/inst/FCLK_CLK0 |                                                                                                                                                               | u_bd/design_1_i/axi_gp0_ic/s00_couplers/auto_pc/inst/gen_axilite.gen_b2s_conv.axilite_b2s/areset_d1                                                  |                5 |             10 |         2.00 |
|  u_pl/u_clk/clk_pix                                  | u_pl/u_t/u_t/E[0]                                                                                                                                             | u_pl/u_clk/u_mmcm_0                                                                                                                                  |                6 |             10 |         1.67 |
|  u_bd/design_1_i/processing_system7_0/inst/FCLK_CLK0 | u_bd/design_1_i/axi_gp0_ic/s00_couplers/auto_pc/inst/gen_axilite.gen_b2s_conv.axilite_b2s/RD.ar_channel_0/ar_cmd_fsm_0/sel_first_reg[0]                       |                                                                                                                                                      |                3 |             12 |         4.00 |
|  u_pl/u_clk/clk_pix                                  | u_pl/u_pipe/u_sharp/run_reg[0]_0[0]                                                                                                                           | u_pl/u_clk/u_mmcm_0                                                                                                                                  |                3 |             12 |         4.00 |
|  u_pl/u_clk/clk_pix                                  | u_pl/u_pipe/u_blur/run_reg[0]_0[0]                                                                                                                            | u_pl/u_clk/u_mmcm_0                                                                                                                                  |                3 |             12 |         4.00 |
|  u_pl/u_clk/clk_pix                                  | u_pl/u_t/u_t/v_cnt[0]                                                                                                                                         | u_pl/u_clk/u_mmcm_0                                                                                                                                  |                4 |             12 |         3.00 |
|  u_eth/u_rgmii/u_rgmii_rx/gmii_rx_clk                | u_eth/u_icmp_fifo/wptr[0]_i_1__0_n_0                                                                                                                          | u_idelay_clkgen/u_mmcm_0                                                                                                                             |                3 |             12 |         4.00 |
|  u_bd/design_1_i/processing_system7_0/inst/FCLK_CLK0 | u_bd/design_1_i/axi_gp0_ic/s00_couplers/auto_pc/inst/gen_axilite.gen_b2s_conv.axilite_b2s/WR.aw_channel_0/aw_cmd_fsm_0/m_valid_i_reg[0]                       |                                                                                                                                                      |                4 |             12 |         3.00 |
|  u_pl/u_clk/clk_pix                                  | u_pl/u_pipe/u_morph/run_reg[0]_0[0]                                                                                                                           | u_pl/u_clk/u_mmcm_0                                                                                                                                  |                3 |             12 |         4.00 |
|  u_bd/design_1_i/processing_system7_0/inst/FCLK_CLK0 | u_bd/design_1_i/axi_gp0_ic/s00_couplers/auto_pc/inst/gen_axilite.gen_b2s_conv.axilite_b2s/RD.ar_channel_0/ar_cmd_fsm_0/E[0]                                   |                                                                                                                                                      |                4 |             12 |         3.00 |
|  u_bd/design_1_i/processing_system7_0/inst/FCLK_CLK0 | u_pl/u_row/burst_idx[0]                                                                                                                                       | u_bd/bbstub_FCLK_RESET0_N                                                                                                                            |                4 |             12 |         3.00 |
|  u_bd/design_1_i/processing_system7_0/inst/FCLK_CLK0 | u_bd/design_1_i/axi_gp0_ic/s00_couplers/auto_pc/inst/gen_axilite.gen_b2s_conv.axilite_b2s/WR.aw_channel_0/cmd_translator_0/incr_cmd_0/axaddr_incr[11]_i_1_n_0 |                                                                                                                                                      |                2 |             12 |         6.00 |
|  u_pl/u_clk/clk_pix                                  | u_pl/u_pipe/u_sobel/run_reg[0]_0[0]                                                                                                                           | u_pl/u_clk/u_mmcm_0                                                                                                                                  |                3 |             12 |         4.00 |
|  u_bd/design_1_i/processing_system7_0/inst/FCLK_CLK0 | u_bd/design_1_i/axi_gp0_ic/s00_couplers/auto_pc/inst/gen_axilite.gen_b2s_conv.axilite_b2s/RD.r_channel_0/r_push_r                                             |                                                                                                                                                      |                4 |             13 |         3.25 |
|  u_pl/u_clk/clk_pix                                  | u_pl/u_split_ctrl/swp[12]_i_1_n_0                                                                                                                             | u_pl/u_clk/u_mmcm_0                                                                                                                                  |                6 |             13 |         2.17 |
|  u_bd/design_1_i/processing_system7_0/inst/FCLK_CLK0 |                                                                                                                                                               | u_bd/design_1_i/axi_gp0_ic/xbar/inst/gen_sasd.crossbar_sasd_0/addr_arbiter_inst/SR[0]                                                                |                5 |             13 |         2.60 |
|  u_bd/design_1_i/processing_system7_0/inst/FCLK_CLK0 | u_bd/design_1_i/axi_gp0_ic/s00_couplers/auto_pc/inst/gen_axilite.gen_b2s_conv.axilite_b2s/SI_REG/b.b_pipe/p_1_in                                              |                                                                                                                                                      |                2 |             14 |         7.00 |
|  u_bd/design_1_i/processing_system7_0/inst/FCLK_CLK0 | u_bd/design_1_i/axi_gp0_ic/s00_couplers/auto_pc/inst/gen_axilite.gen_b2s_conv.axilite_b2s/SI_REG/b.b_pipe/s_ready_i_reg_0                                     |                                                                                                                                                      |                2 |             14 |         7.00 |
|  u_bd/design_1_i/processing_system7_0/inst/FCLK_CLK0 | u_pl/u_cmt/active_reg_0[0]                                                                                                                                    | u_bd/bbstub_FCLK_RESET0_N                                                                                                                            |                5 |             14 |         2.80 |
|  u_bd/design_1_i/processing_system7_0/inst/FCLK_CLK0 | u_bd/design_1_i/axi_gp0_ic/xbar/inst/gen_sasd.crossbar_sasd_0/reg_slice_r/aa_rready                                                                           |                                                                                                                                                      |                4 |             15 |         3.75 |
|  u_eth/u_rgmii/u_rgmii_rx/gmii_rx_clk                | u_eth/u_lm/stall_ms[0]_i_1_n_0                                                                                                                                | u_idelay_clkgen/u_mmcm_0                                                                                                                             |                4 |             16 |         4.00 |
|  u_eth/u_rgmii/u_rgmii_rx/gmii_rx_clk                | u_eth/u_rx_mac/cnt[15]_i_1__0_n_0                                                                                                                             | u_idelay_clkgen/u_mmcm_0                                                                                                                             |                4 |             16 |         4.00 |
|  u_pl/u_clk/clk_pix                                  | u_pl/u_pipe/u_inv/DI[0]                                                                                                                                       | u_pl/u_clk/u_mmcm_0                                                                                                                                  |               11 |             16 |         1.45 |
|  u_eth/u_rgmii/u_rgmii_rx/gmii_rx_clk                | u_eth/u_icmp/u_icmp_tx/ip_head[5][15]_i_1_n_0                                                                                                                 |                                                                                                                                                      |               12 |             16 |         1.33 |
|  u_eth/u_rgmii/u_rgmii_rx/gmii_rx_clk                | u_eth/u_icmp/u_icmp_tx/ip_head[2][15]_i_2_n_0                                                                                                                 | u_eth/u_icmp/u_icmp_tx/ip_head[2][15]_i_1_n_0                                                                                                        |                4 |             16 |         4.00 |
|  u_pl/u_clk/clk_pix                                  | u_pl/p_0_out__0                                                                                                                                               | u_pl/u_clk/u_mmcm_0                                                                                                                                  |               11 |             16 |         1.45 |
|  u_eth/u_rgmii/u_rgmii_rx/gmii_rx_clk                | u_eth/u_icmp/u_icmp_tx/E[0]                                                                                                                                   | u_idelay_clkgen/u_mmcm_0                                                                                                                             |                5 |             16 |         3.20 |
|  u_pl/u_clk/clk_pix                                  | u_pl/de_d_reg_n_0_[2]                                                                                                                                         | u_pl/u_clk/u_mmcm_0                                                                                                                                  |                6 |             16 |         2.67 |
|  u_bd/design_1_i/processing_system7_0/inst/FCLK_CLK0 | u_bd/design_1_i/axi_gp0_ic/s00_couplers/auto_pc/inst/gen_axilite.gen_b2s_conv.axilite_b2s/WR.aw_channel_0/aw_cmd_fsm_0/m_axi_awready_0                        |                                                                                                                                                      |                3 |             16 |         5.33 |
|  u_eth/u_rgmii/u_rgmii_rx/gmii_rx_clk                | u_eth/u_lm/gap_max[15]_i_1_n_0                                                                                                                                | u_idelay_clkgen/u_mmcm_0                                                                                                                             |                5 |             16 |         3.20 |
|  u_eth/u_rgmii/u_rgmii_rx/gmii_rx_clk                | u_eth/u_lm/gap_min[15]_i_1_n_0                                                                                                                                | u_idelay_clkgen/u_mmcm_0                                                                                                                             |                5 |             16 |         3.20 |
|  u_pl/u_clk/clk_pix                                  | u_pl/u_pipe/u_blur/E[0]                                                                                                                                       | u_pl/u_clk/u_mmcm_0                                                                                                                                  |               11 |             16 |         1.45 |
|  u_eth/u_rgmii/u_rgmii_rx/gmii_rx_clk                | u_eth/u_rx_par/pay_end[0]                                                                                                                                     | u_idelay_clkgen/u_mmcm_0                                                                                                                             |                4 |             16 |         4.00 |
|  u_pl/u_clk/clk_pix                                  | u_pl/u_t/u_t/de_reg_1[0]                                                                                                                                      | u_pl/u_clk/u_mmcm_0                                                                                                                                  |                5 |             16 |         3.20 |
|  u_eth/u_rgmii/u_rgmii_rx/gmii_rx_clk                | u_eth/u_icmp/u_icmp_tx/data_cnt0                                                                                                                              | u_idelay_clkgen/u_mmcm_0                                                                                                                             |                4 |             16 |         4.00 |
|  u_eth/u_rgmii/u_rgmii_rx/gmii_rx_clk                | u_eth/u_rx_mac/m_valid_reg_1[0]                                                                                                                               | u_idelay_clkgen/u_mmcm_0                                                                                                                             |                5 |             16 |         3.20 |
|  u_bd/design_1_i/processing_system7_0/inst/FCLK_CLK0 | u_eth/u_saver/cur_data__0[63]                                                                                                                                 | u_bd/bbstub_FCLK_RESET0_N                                                                                                                            |                8 |             16 |         2.00 |
|  u_bd/design_1_i/processing_system7_0/inst/FCLK_CLK0 | u_eth/u_saver/cur_data__0[30]                                                                                                                                 | u_bd/bbstub_FCLK_RESET0_N                                                                                                                            |                4 |             16 |         4.00 |
|  u_bd/design_1_i/processing_system7_0/inst/FCLK_CLK0 | u_eth/u_saver/cur_data__0[45]                                                                                                                                 | u_bd/bbstub_FCLK_RESET0_N                                                                                                                            |                6 |             16 |         2.67 |
|  u_bd/design_1_i/processing_system7_0/inst/FCLK_CLK0 | u_eth/u_saver/cur_data__0[15]                                                                                                                                 | u_bd/bbstub_FCLK_RESET0_N                                                                                                                            |                6 |             16 |         2.67 |
|  u_eth/u_rgmii/u_rgmii_rx/gmii_rx_clk                | u_eth/u_reasm/rows_hit[15]_i_1_n_0                                                                                                                            | u_idelay_clkgen/u_mmcm_0                                                                                                                             |                4 |             16 |         4.00 |
|  u_pl/u_clk/clk_pix                                  | u_pl/u_lat_x/bus_edge                                                                                                                                         | u_pl/u_clk/u_mmcm_0                                                                                                                                  |                5 |             16 |         3.20 |
|  u_eth/u_rgmii/u_rgmii_rx/gmii_rx_clk                | u_eth/u_icmp/u_icmp_rx/icmp_data_length0                                                                                                                      | u_idelay_clkgen/u_mmcm_0                                                                                                                             |                5 |             16 |         3.20 |
|  u_eth/u_rgmii/u_rgmii_rx/gmii_rx_clk                | u_eth/u_icmp/u_icmp_rx/icmp_rx_cnt0                                                                                                                           | u_idelay_clkgen/u_mmcm_0                                                                                                                             |                3 |             16 |         5.33 |
|  u_bd/design_1_i/processing_system7_0/inst/FCLK_CLK0 | u_pl/u_lat/n_meas[0]_i_1_n_0                                                                                                                                  | u_bd/bbstub_FCLK_RESET0_N                                                                                                                            |                4 |             16 |         4.00 |
|  u_eth/u_rgmii/u_rgmii_rx/gmii_rx_clk                | u_eth/u_icmp/u_icmp_rx/rec_pkt_done0                                                                                                                          | u_idelay_clkgen/u_mmcm_0                                                                                                                             |                2 |             16 |         8.00 |
|  u_eth/u_rgmii/u_rgmii_rx/gmii_rx_clk                | u_eth/u_icmp/u_icmp_rx/rec_pkt_done_reg_0                                                                                                                     | u_idelay_clkgen/u_mmcm_0                                                                                                                             |                5 |             16 |         3.20 |
|  u_bd/design_1_i/processing_system7_0/inst/FCLK_CLK0 | u_pl/u_row/r_pix__0[0]                                                                                                                                        | u_bd/bbstub_FCLK_RESET0_N                                                                                                                            |                4 |             17 |         4.25 |
|  u_bd/design_1_i/processing_system7_0/inst/FCLK_CLK0 | u_pl/u_row/fb_wr_addr[16]_i_1_n_0                                                                                                                             | u_bd/bbstub_FCLK_RESET0_N                                                                                                                            |                5 |             17 |         3.40 |
|  u_eth/u_rgmii/u_rgmii_rx/gmii_rx_clk                | u_eth/u_lm/gap_cnt[16]_i_1_n_0                                                                                                                                | u_idelay_clkgen/u_mmcm_0                                                                                                                             |                3 |             17 |         5.67 |
|  u_bd/design_1_i/processing_system7_0/inst/FCLK_CLK0 | u_eth/u_saver/cur_dirty                                                                                                                                       | u_bd/bbstub_FCLK_RESET0_N                                                                                                                            |                3 |             17 |         5.67 |
|  u_pl/u_clk/clk_pix                                  | u_pl/u_raw/g_ring.look                                                                                                                                        | u_pl/u_clk/u_mmcm_0                                                                                                                                  |                7 |             17 |         2.43 |
|  u_bd/design_1_i/processing_system7_0/inst/FCLK_CLK0 | u_pl/u_lat/lat_ms[13]_i_1_n_0                                                                                                                                 | u_bd/bbstub_FCLK_RESET0_N                                                                                                                            |                8 |             17 |         2.12 |
|  u_pl/u_clk/clk_pix                                  | u_pl/u_pipe/u_bin/E[0]                                                                                                                                        | u_pl/u_clk/u_mmcm_0                                                                                                                                  |               11 |             17 |         1.55 |
|  u_bd/design_1_i/processing_system7_0/inst/FCLK_CLK0 | u_pl/u_aw/waddr_pix[18]_i_1_n_0                                                                                                                               | u_bd/bbstub_FCLK_RESET0_N                                                                                                                            |                5 |             17 |         3.40 |
|  u_bd/design_1_i/processing_system7_0/inst/FCLK_CLK0 | u_eth/u_saver/wptr[9]_i_1_n_0                                                                                                                                 | u_bd/bbstub_FCLK_RESET0_N                                                                                                                            |                5 |             18 |         3.60 |
|  u_eth/u_rgmii/u_rgmii_rx/gmii_rx_clk                | u_eth/u_reasm/cov[18]_i_1_n_0                                                                                                                                 | u_idelay_clkgen/u_mmcm_0                                                                                                                             |                6 |             19 |         3.17 |
|  u_bd/design_1_i/processing_system7_0/inst/FCLK_CLK0 | u_bd/design_1_i/axi_gp0_ic/xbar/inst/gen_sasd.crossbar_sasd_0/addr_arbiter_inst/p_0_in1_in                                                                    | u_bd/design_1_i/axi_gp0_ic/xbar/inst/gen_sasd.crossbar_sasd_0/addr_arbiter_inst/SR[0]                                                                |                8 |             19 |         2.38 |
|  u_eth/u_rgmii/u_rgmii_rx/gmii_rx_clk                | u_eth/u_reasm/pend[18]_i_1_n_0                                                                                                                                | u_idelay_clkgen/u_mmcm_0                                                                                                                             |                9 |             19 |         2.11 |
|  u_eth/u_rgmii/u_rgmii_rx/gmii_rx_clk                | u_eth/u_icmp/u_icmp_tx/check_buffer0                                                                                                                          | u_idelay_clkgen/u_mmcm_0                                                                                                                             |                9 |             20 |         2.22 |
|  u_bd/design_1_i/processing_system7_0/inst/FCLK_CLK0 | u_pl/sp_bus[0]                                                                                                                                                | u_bd/bbstub_FCLK_RESET0_N                                                                                                                            |                9 |             20 |         2.22 |
|  u_bd/design_1_i/processing_system7_0/inst/FCLK_CLK0 | u_pl/u_zoom_axi/bus_edge                                                                                                                                      | u_bd/bbstub_FCLK_RESET0_N                                                                                                                            |                6 |             20 |         3.33 |
|  u_pl/u_clk/clk_pix                                  | u_pl/u_t/u_t/frame_start                                                                                                                                      | u_pl/u_clk/u_mmcm_0                                                                                                                                  |                6 |             21 |         3.50 |
|  u_bd/design_1_i/processing_system7_0/inst/FCLK_CLK0 | u_bd/design_1_i/axi_gp0_ic/s00_couplers/auto_pc/inst/gen_axilite.gen_b2s_conv.axilite_b2s/RD.ar_channel_0/ar_cmd_fsm_0/m_axi_arready_2                        |                                                                                                                                                      |                8 |             21 |         2.62 |
|  sys_clk_IBUF_BUFG                                   | u_pl/u_k1/acnt[0]_i_1_n_0                                                                                                                                     |                                                                                                                                                      |                6 |             21 |         3.50 |
|  u_pl/u_clk/clk_pix                                  | u_pl/u_split_x/bus_edge                                                                                                                                       | u_pl/u_clk/u_mmcm_0                                                                                                                                  |                9 |             21 |         2.33 |
|  sys_clk_IBUF_BUFG                                   | u_pl/u_k1/cnt[20]_i_1__0_n_0                                                                                                                                  |                                                                                                                                                      |                6 |             21 |         3.50 |
|  sys_clk_IBUF_BUFG                                   | u_pl/u_k2/acnt[0]_i_1__0_n_0                                                                                                                                  |                                                                                                                                                      |                6 |             21 |         3.50 |
|  sys_clk_IBUF_BUFG                                   | u_pl/u_k2/cnt[20]_i_1_n_0                                                                                                                                     |                                                                                                                                                      |                5 |             21 |         4.20 |
|  u_pl/u_clk/clk_pix                                  | u_pl/u_bilin/de_out_reg_4                                                                                                                                     |                                                                                                                                                      |                6 |             22 |         3.67 |
|  u_pl/u_clk/clk_pix                                  | u_pl/u_bilin/j_d3_reg[6]_2                                                                                                                                    |                                                                                                                                                      |                6 |             22 |         3.67 |
|  u_pl/u_clk/clk_pix                                  | u_pl/u_bilin/de_out_reg_3                                                                                                                                     |                                                                                                                                                      |                6 |             22 |         3.67 |
|  u_pl/u_clk/clk_pix                                  | u_pl/u_bilin/de_out_reg_7                                                                                                                                     |                                                                                                                                                      |                6 |             22 |         3.67 |
|  u_pl/u_clk/clk_pix                                  | u_pl/u_bilin/j_d3_reg[8]_1                                                                                                                                    |                                                                                                                                                      |                6 |             22 |         3.67 |
|  u_pl/u_clk/clk_pix                                  | u_pl/u_bilin/de_out_reg_6                                                                                                                                     |                                                                                                                                                      |                6 |             22 |         3.67 |
|  u_pl/u_clk/clk_pix                                  | u_pl/u_bilin/de_out_reg_8                                                                                                                                     |                                                                                                                                                      |                6 |             22 |         3.67 |
|  u_pl/u_clk/clk_pix                                  | u_pl/u_bilin/de_out_reg_5                                                                                                                                     |                                                                                                                                                      |                6 |             22 |         3.67 |
|  u_pl/u_clk/clk_pix                                  | u_pl/u_bilin/j_d3_reg[5]_rep__2_0                                                                                                                             |                                                                                                                                                      |                6 |             22 |         3.67 |
|  u_pl/u_clk/clk_pix                                  | u_pl/u_bilin/j_d3_reg[7]_1                                                                                                                                    |                                                                                                                                                      |                6 |             22 |         3.67 |
|  u_pl/u_clk/clk_pix                                  | u_pl/u_pipe/u_bin/de_out_reg_9                                                                                                                                |                                                                                                                                                      |                6 |             22 |         3.67 |
|  u_pl/u_clk/clk_pix                                  | u_pl/u_pipe/u_bin/xd_reg[12][8]_1                                                                                                                             |                                                                                                                                                      |                6 |             22 |         3.67 |
|  u_pl/u_clk/clk_pix                                  | u_pl/u_pipe/u_bin/de_out_reg_10                                                                                                                               |                                                                                                                                                      |                6 |             22 |         3.67 |
|  u_pl/u_clk/clk_pix                                  | u_pl/u_pipe/u_bin/xd_reg[12][7]_2                                                                                                                             |                                                                                                                                                      |                6 |             22 |         3.67 |
|  u_pl/u_clk/clk_pix                                  | u_pl/u_pipe/u_bin/xd_reg[12][6]                                                                                                                               |                                                                                                                                                      |                6 |             22 |         3.67 |
|  u_pl/u_clk/clk_pix                                  | u_pl/u_pipe/u_blur/xd_reg[5][7]_1                                                                                                                             |                                                                                                                                                      |                6 |             22 |         3.67 |
|  u_pl/u_clk/clk_pix                                  | u_pl/u_pipe/u_blur/xd_reg[5][8]_0                                                                                                                             |                                                                                                                                                      |                6 |             22 |         3.67 |
|  u_pl/u_clk/clk_pix                                  | u_pl/u_pipe/u_blur/xd_reg[5][9]_1                                                                                                                             |                                                                                                                                                      |                6 |             22 |         3.67 |
|  u_pl/u_clk/clk_pix                                  | u_pl/u_bilin/j_d3_reg[6]_3                                                                                                                                    |                                                                                                                                                      |                6 |             22 |         3.67 |
|  u_pl/u_clk/clk_pix                                  | u_pl/u_pipe/u_blur/xd_reg[5][6]_rep__1                                                                                                                        |                                                                                                                                                      |                6 |             22 |         3.67 |
|  u_pl/u_clk/clk_pix                                  | u_pl/u_pipe/u_blur/xd_reg[5][9]_2                                                                                                                             |                                                                                                                                                      |                6 |             22 |         3.67 |
|  u_pl/u_clk/clk_pix                                  | u_pl/u_bilin/j_d3_reg[8]_4                                                                                                                                    |                                                                                                                                                      |                6 |             22 |         3.67 |
|  u_pl/u_clk/clk_pix                                  | u_pl/u_bilin/j_d3_reg[8]_3                                                                                                                                    |                                                                                                                                                      |                6 |             22 |         3.67 |
|  u_pl/u_clk/clk_pix                                  | u_pl/u_pipe/u_blur/xd_reg[5][9]_3                                                                                                                             |                                                                                                                                                      |                6 |             22 |         3.67 |
|  u_pl/u_clk/clk_pix                                  | u_pl/u_bilin/j_d3_reg[8]_2                                                                                                                                    |                                                                                                                                                      |                6 |             22 |         3.67 |
|  u_pl/u_clk/clk_pix                                  | u_pl/u_pipe/u_blur/de_out_reg_9                                                                                                                               |                                                                                                                                                      |                6 |             22 |         3.67 |
|  u_pl/u_clk/clk_pix                                  | u_pl/u_pipe/u_blur/de_out_reg_11                                                                                                                              |                                                                                                                                                      |                6 |             22 |         3.67 |
|  u_pl/u_clk/clk_pix                                  | u_pl/u_pipe/u_blur/de_out_reg_10                                                                                                                              |                                                                                                                                                      |                6 |             22 |         3.67 |
|  u_pl/u_clk/clk_pix                                  | u_pl/u_bilin/j_d3_reg[7]_3                                                                                                                                    |                                                                                                                                                      |                6 |             22 |         3.67 |
|  u_pl/u_clk/clk_pix                                  | u_pl/u_bilin/j_d3_reg[7]_2                                                                                                                                    |                                                                                                                                                      |                6 |             22 |         3.67 |
|  u_pl/u_clk/clk_pix                                  | u_pl/u_pipe/u_blur/de_out_reg_13                                                                                                                              |                                                                                                                                                      |                6 |             22 |         3.67 |
|  u_pl/u_clk/clk_pix                                  | u_pl/u_pipe/u_blur/de_out_reg_12                                                                                                                              |                                                                                                                                                      |                6 |             22 |         3.67 |
|  u_pl/u_clk/clk_pix                                  | u_pl/u_pipe/u_bin/de_out_reg_13                                                                                                                               |                                                                                                                                                      |                6 |             22 |         3.67 |
|  u_pl/u_clk/clk_pix                                  | u_pl/u_pipe/u_bin/de_out_reg_12                                                                                                                               |                                                                                                                                                      |                6 |             22 |         3.67 |
|  u_pl/u_clk/clk_pix                                  | u_pl/u_pipe/u_bin/xd_reg[12][9]_3                                                                                                                             |                                                                                                                                                      |                6 |             22 |         3.67 |
|  u_pl/u_clk/clk_pix                                  | u_pl/u_pipe/u_bin/xd_reg[12][9]_2                                                                                                                             |                                                                                                                                                      |                6 |             22 |         3.67 |
|  u_pl/u_clk/clk_pix                                  | u_pl/u_pipe/u_bin/xd_reg[12][9]_1                                                                                                                             |                                                                                                                                                      |                6 |             22 |         3.67 |
|  u_pl/u_clk/clk_pix                                  | u_pl/u_pipe/u_bin/xd_reg[12][8]_2                                                                                                                             |                                                                                                                                                      |                6 |             22 |         3.67 |
|  u_pl/u_clk/clk_pix                                  | u_pl/u_pipe/u_bin/xd_reg[12][8]_0                                                                                                                             |                                                                                                                                                      |                6 |             22 |         3.67 |
|  u_pl/u_clk/clk_pix                                  | u_pl/u_pipe/u_blur/xd_reg[5][9]_0                                                                                                                             |                                                                                                                                                      |                6 |             22 |         3.67 |
|  u_pl/u_clk/clk_pix                                  | u_pl/u_pipe/u_bin/xd_reg[12][7]_1                                                                                                                             |                                                                                                                                                      |                6 |             22 |         3.67 |
|  u_pl/u_clk/clk_pix                                  | u_pl/u_pipe/u_bin/de_out_reg_14                                                                                                                               |                                                                                                                                                      |                6 |             22 |         3.67 |
|  u_pl/u_clk/clk_pix                                  | u_pl/u_pipe/u_blur/xd_reg[5][7]_2                                                                                                                             |                                                                                                                                                      |                6 |             22 |         3.67 |
|  u_pl/u_clk/clk_pix                                  | u_pl/u_pipe/u_bin/de_out_reg_11                                                                                                                               |                                                                                                                                                      |                6 |             22 |         3.67 |
|  u_pl/u_clk/clk_pix                                  | u_pl/u_pipe/u_blur/de_out_reg_14                                                                                                                              |                                                                                                                                                      |                6 |             22 |         3.67 |
|  u_pl/u_clk/clk_pix                                  | u_pl/u_pipe/u_bin/xd_reg[12][9]_0                                                                                                                             |                                                                                                                                                      |                6 |             22 |         3.67 |
|  u_pl/u_clk/clk_pix                                  | u_pl/u_pipe/u_blur/xd_reg[5][8]_2                                                                                                                             |                                                                                                                                                      |                6 |             22 |         3.67 |
|  u_pl/u_clk/clk_pix                                  | u_pl/u_pipe/u_blur/xd_reg[5][8]_1                                                                                                                             |                                                                                                                                                      |                6 |             22 |         3.67 |
|  u_eth/u_rgmii/u_rgmii_rx/gmii_rx_clk                | u_eth/u_icmp/u_icmp_tx/tx_req_reg_0                                                                                                                           | u_idelay_clkgen/u_mmcm_0                                                                                                                             |                7 |             23 |         3.29 |
|  sys_clk_IBUF_BUFG                                   | sel                                                                                                                                                           |                                                                                                                                                      |                6 |             24 |         4.00 |
|  u_pl/u_clk/clk_pix                                  | u_pl/u_eff/gm_sync_reg[30]_0                                                                                                                                  |                                                                                                                                                      |                6 |             24 |         4.00 |
|  u_pl/u_clk/clk_pix                                  | u_pl/u_eff/gm_sync_reg[30]_1                                                                                                                                  |                                                                                                                                                      |                6 |             24 |         4.00 |
|  u_pl/u_clk/clk_pix                                  | u_pl/u_eff/gm_sync_reg[21]_0                                                                                                                                  |                                                                                                                                                      |                6 |             24 |         4.00 |
|  u_pl/u_clk/clk_pix                                  | u_pl/u_eff/gm_sync_reg[20]_0                                                                                                                                  |                                                                                                                                                      |                6 |             24 |         4.00 |
|  u_pl/u_clk/clk_pix                                  | u_pl/u_pipe/u_sharp/de_out_reg_0[0]                                                                                                                           | u_pl/u_clk/u_mmcm_0                                                                                                                                  |                9 |             24 |         2.67 |
|  u_bd/design_1_i/processing_system7_0/inst/FCLK_CLK0 | u_bd/design_1_i/axi_gp0_ic/s00_couplers/auto_pc/inst/gen_axilite.gen_b2s_conv.axilite_b2s/WR.aw_channel_0/aw_cmd_fsm_0/FSM_sequential_state_reg[0]_1          |                                                                                                                                                      |                9 |             24 |         2.67 |
|  u_eth/u_rgmii/u_rgmii_rx/gmii_rx_clk                | u_eth/u_icmp/u_icmp_rx/des_ip0                                                                                                                                | u_idelay_clkgen/u_mmcm_0                                                                                                                             |                6 |             24 |         4.00 |
|  sys_clk_IBUF_BUFG                                   | u_pl/u_k1/key_stable_reg_0                                                                                                                                    |                                                                                                                                                      |                7 |             25 |         3.57 |
|  u_bd/design_1_i/processing_system7_0/inst/FCLK_CLK0 | u_lm_axi/to_cnt[0]_i_1__1_n_0                                                                                                                                 | u_bd/bbstub_FCLK_RESET0_N                                                                                                                            |                7 |             25 |         3.57 |
|  u_bd/design_1_i/processing_system7_0/inst/FCLK_CLK0 | u_pl/u_zoom_axi/to_cnt[0]_i_1__0_n_0                                                                                                                          | u_bd/bbstub_FCLK_RESET0_N                                                                                                                            |                7 |             25 |         3.57 |
|  u_pl/u_clk/clk_pix                                  | u_pl/u_lat_x/to_cnt[0]_i_1_n_0                                                                                                                                | u_pl/u_clk/u_mmcm_0                                                                                                                                  |                7 |             26 |         3.71 |
|  u_eth/u_rgmii/u_rgmii_rx/gmii_rx_clk                | u_eth/u_cdc/wgray[13]_i_1_n_0                                                                                                                                 | u_idelay_clkgen/u_mmcm_0                                                                                                                             |                8 |             28 |         3.50 |
|  u_eth/u_rgmii/u_rgmii_rx/gmii_rx_clk                | u_eth/u_rx_par/udp_off[0]                                                                                                                                     | u_idelay_clkgen/u_mmcm_0                                                                                                                             |               12 |             30 |         2.50 |
|  u_eth/u_rgmii/u_rgmii_rx/gmii_rx_clk                | u_eth/u_arp/u_arp_tx/E[0]                                                                                                                                     | u_idelay_clkgen/u_mmcm_0                                                                                                                             |               15 |             32 |         2.13 |
|  u_bd/design_1_i/processing_system7_0/inst/FCLK_CLK0 | u_bd/design_1_i/axi_gpio_2/U0/AXI_LITE_IPIF_I/I_SLAVE_ATTACHMENT/s_axi_rresp_i[0]                                                                             | u_bd/design_1_i/axi_gpio_2/U0/AXI_LITE_IPIF_I/I_SLAVE_ATTACHMENT/SR[0]                                                                               |               12 |             32 |         2.67 |
|  u_eth/u_rgmii/u_rgmii_rx/gmii_rx_clk                | u_eth/u_reasm/have_lo14_out                                                                                                                                   | u_idelay_clkgen/u_mmcm_0                                                                                                                             |                8 |             32 |         4.00 |
|  u_eth/u_rgmii/u_rgmii_rx/gmii_rx_clk                | u_eth/u_reasm/frame_abort                                                                                                                                     | u_idelay_clkgen/u_mmcm_0                                                                                                                             |                8 |             32 |         4.00 |
|  u_eth/u_rgmii/u_rgmii_rx/gmii_rx_clk                | u_eth/u_reasm/frame_err                                                                                                                                       | u_idelay_clkgen/u_mmcm_0                                                                                                                             |                8 |             32 |         4.00 |
|  u_bd/design_1_i/processing_system7_0/inst/FCLK_CLK0 | u_bd/design_1_i/axi_gpio_1/U0/AXI_LITE_IPIF_I/I_SLAVE_ATTACHMENT/s_axi_rresp_i[0]                                                                             | u_bd/design_1_i/axi_gpio_1/U0/AXI_LITE_IPIF_I/I_SLAVE_ATTACHMENT/SR[0]                                                                               |                8 |             32 |         4.00 |
|  u_bd/design_1_i/processing_system7_0/inst/FCLK_CLK0 | u_pl/u_lat/t_done[31]_i_1_n_0                                                                                                                                 | u_bd/bbstub_FCLK_RESET0_N                                                                                                                            |                8 |             32 |         4.00 |
|  u_bd/design_1_i/processing_system7_0/inst/FCLK_CLK0 | u_pl/u_aw/row[0]_i_1_n_0                                                                                                                                      | u_bd/bbstub_FCLK_RESET0_N                                                                                                                            |                8 |             32 |         4.00 |
|  u_bd/design_1_i/processing_system7_0/inst/FCLK_CLK0 | u_bd/design_1_i/axi_gpio_1/U0/AXI_LITE_IPIF_I/I_SLAVE_ATTACHMENT/I_DECODER/E[0]                                                                               | u_bd/design_1_i/axi_gpio_1/U0/AXI_LITE_IPIF_I/I_SLAVE_ATTACHMENT/SR[0]                                                                               |                7 |             32 |         4.57 |
|  u_pl/u_clk/clk_pix                                  | u_pl/u_pipe/u_sharp/de_out_reg_10                                                                                                                             |                                                                                                                                                      |                8 |             32 |         4.00 |
|  u_bd/design_1_i/processing_system7_0/inst/FCLK_CLK0 | u_pl/u_lat/a0                                                                                                                                                 | u_bd/bbstub_FCLK_RESET0_N                                                                                                                            |                9 |             32 |         3.56 |
|  u_pl/u_clk/clk_pix                                  | u_pl/u_pipe/u_sharp/de_out_reg_11                                                                                                                             |                                                                                                                                                      |                8 |             32 |         4.00 |
|  u_bd/design_1_i/processing_system7_0/inst/FCLK_CLK0 | u_pl/u_lat/max_cyc[31]_i_1_n_0                                                                                                                                | u_bd/bbstub_FCLK_RESET0_N                                                                                                                            |                8 |             32 |         4.00 |
|  u_pl/u_clk/clk_pix                                  | u_pl/u_pipe/u_sharp/de_out_reg_12                                                                                                                             |                                                                                                                                                      |                8 |             32 |         4.00 |
|  u_pl/u_clk/clk_pix                                  | u_pl/u_pipe/u_sharp/de_out_reg_13                                                                                                                             |                                                                                                                                                      |                8 |             32 |         4.00 |
|  u_pl/u_clk/clk_pix                                  | u_pl/u_pipe/u_sharp/de_out_reg_14                                                                                                                             |                                                                                                                                                      |                8 |             32 |         4.00 |
|  u_pl/u_clk/clk_pix                                  | u_pl/u_pipe/u_sharp/de_out_reg_15                                                                                                                             |                                                                                                                                                      |                8 |             32 |         4.00 |
|  u_pl/u_clk/clk_pix                                  | u_pl/u_pipe/u_sharp/de_out_reg_2                                                                                                                              |                                                                                                                                                      |                8 |             32 |         4.00 |
|  u_pl/u_clk/clk_pix                                  | u_pl/u_pipe/u_sharp/de_out_reg_3                                                                                                                              |                                                                                                                                                      |                8 |             32 |         4.00 |
|  u_pl/u_clk/clk_pix                                  | u_pl/u_pipe/u_sharp/de_out_reg_4                                                                                                                              |                                                                                                                                                      |                8 |             32 |         4.00 |
|  u_pl/u_clk/clk_pix                                  | u_pl/u_pipe/u_sharp/de_out_reg_1                                                                                                                              |                                                                                                                                                      |                8 |             32 |         4.00 |
|  u_bd/design_1_i/processing_system7_0/inst/FCLK_CLK0 | u_eth/u_commit/commit_pulse                                                                                                                                   | u_bd/bbstub_FCLK_RESET0_N                                                                                                                            |                8 |             32 |         4.00 |
|  u_pl/u_clk/clk_pix                                  | u_pl/u_pipe/u_sharp/xd_reg[8][6]_rep                                                                                                                          |                                                                                                                                                      |                8 |             32 |         4.00 |
|  u_bd/design_1_i/processing_system7_0/inst/FCLK_CLK0 | u_pl/u_row/copy_cycles[31]_i_1_n_0                                                                                                                            | u_bd/bbstub_FCLK_RESET0_N                                                                                                                            |                9 |             32 |         3.56 |
|  u_bd/design_1_i/processing_system7_0/inst/FCLK_CLK0 | u_pl/u_row/cyc[0]_i_1_n_0                                                                                                                                     | u_bd/bbstub_FCLK_RESET0_N                                                                                                                            |                8 |             32 |         4.00 |
|  u_pl/u_clk/clk_pix                                  | u_pl/u_pipe/u_sharp/xd_reg[8][7]_2                                                                                                                            |                                                                                                                                                      |                8 |             32 |         4.00 |
|  u_pl/u_clk/clk_pix                                  | u_pl/u_pipe/u_sharp/xd_reg[8][8]_0                                                                                                                            |                                                                                                                                                      |                8 |             32 |         4.00 |
|  u_pl/u_clk/clk_pix                                  | u_pl/u_pipe/u_sharp/xd_reg[8][8]_1                                                                                                                            |                                                                                                                                                      |                8 |             32 |         4.00 |
|  u_pl/u_clk/clk_pix                                  | u_pl/u_pipe/u_sharp/xd_reg[8][7]_1                                                                                                                            |                                                                                                                                                      |                8 |             32 |         4.00 |
|  u_pl/u_clk/clk_pix                                  | u_pl/u_pipe/u_sharp/xd_reg[8][7]                                                                                                                              |                                                                                                                                                      |                8 |             32 |         4.00 |
|  u_pl/u_clk/clk_pix                                  | u_pl/u_pipe/u_sharp/xd_reg[8][8]                                                                                                                              |                                                                                                                                                      |                8 |             32 |         4.00 |
|  u_bd/design_1_i/processing_system7_0/inst/FCLK_CLK0 | u_pl/u_arb/quiet[0]_i_1_n_0                                                                                                                                   | u_bd/bbstub_FCLK_RESET0_N                                                                                                                            |                8 |             32 |         4.00 |
|  u_pl/u_clk/clk_pix                                  | u_pl/u_pipe/u_sharp/xd_reg[8][8]_2                                                                                                                            |                                                                                                                                                      |                8 |             32 |         4.00 |
|  u_pl/u_clk/clk_pix                                  | u_pl/u_pipe/u_sharp/xd_reg[8][7]_0                                                                                                                            |                                                                                                                                                      |                8 |             32 |         4.00 |
|  u_bd/design_1_i/processing_system7_0/inst/FCLK_CLK0 | u_bd/design_1_i/axi_gpio_0/U0/AXI_LITE_IPIF_I/I_SLAVE_ATTACHMENT/I_DECODER/E[0]                                                                               | u_bd/design_1_i/axi_gpio_0/U0/AXI_LITE_IPIF_I/I_SLAVE_ATTACHMENT/SR[0]                                                                               |                7 |             32 |         4.57 |
|  u_pl/u_clk/clk_pix                                  | u_pl/u_pipe/u_sharp/xd_reg[8][9]                                                                                                                              |                                                                                                                                                      |                8 |             32 |         4.00 |
|  u_pl/u_clk/clk_pix                                  | u_pl/u_pipe/u_sharp/xd_reg[8][9]_3                                                                                                                            |                                                                                                                                                      |                8 |             32 |         4.00 |
|  u_bd/design_1_i/processing_system7_0/inst/FCLK_CLK0 | u_bd/design_1_i/axi_gpio_0/U0/AXI_LITE_IPIF_I/I_SLAVE_ATTACHMENT/s_axi_rresp_i[0]                                                                             | u_bd/design_1_i/axi_gpio_0/U0/AXI_LITE_IPIF_I/I_SLAVE_ATTACHMENT/SR[0]                                                                               |               13 |             32 |         2.46 |
|  u_bd/design_1_i/processing_system7_0/inst/FCLK_CLK0 | u_bd/design_1_i/axi_gpio_2/U0/AXI_LITE_IPIF_I/I_SLAVE_ATTACHMENT/I_DECODER/bus2ip_rnw_i_reg[0]                                                                | u_bd/design_1_i/axi_gpio_2/U0/AXI_LITE_IPIF_I/I_SLAVE_ATTACHMENT/SR[0]                                                                               |               15 |             32 |         2.13 |
|  u_bd/design_1_i/processing_system7_0/inst/FCLK_CLK0 | u_bd/design_1_i/axi_gpio_2/U0/AXI_LITE_IPIF_I/I_SLAVE_ATTACHMENT/I_DECODER/E[0]                                                                               | u_bd/design_1_i/axi_gpio_2/U0/AXI_LITE_IPIF_I/I_SLAVE_ATTACHMENT/SR[0]                                                                               |               13 |             32 |         2.46 |
|  u_pl/u_clk/clk_pix                                  | u_pl/u_pipe/u_sharp/xd_reg[8][9]_2                                                                                                                            |                                                                                                                                                      |                8 |             32 |         4.00 |
|  u_pl/u_clk/clk_pix                                  | u_pl/u_pipe/u_sharp/xd_reg[8][9]_1                                                                                                                            |                                                                                                                                                      |                8 |             32 |         4.00 |
|  u_pl/u_clk/clk_pix                                  | u_pl/u_pipe/u_sharp/xd_reg[8][9]_0                                                                                                                            |                                                                                                                                                      |                8 |             32 |         4.00 |
|  u_eth/u_rgmii/u_rgmii_rx/gmii_rx_clk                | u_eth/u_rgmii/u_rgmii_rx/E[0]                                                                                                                                 | u_idelay_clkgen/u_mmcm_0                                                                                                                             |               11 |             32 |         2.91 |
|  u_eth/u_rgmii/u_rgmii_rx/gmii_rx_clk                | u_eth/u_icmp/u_icmp_rx/reply_checksum0                                                                                                                        | u_idelay_clkgen/u_mmcm_0                                                                                                                             |                9 |             32 |         3.56 |
|  u_eth/u_rgmii/u_rgmii_rx/gmii_rx_clk                | u_eth/u_icmp/u_icmp_rx/reply_checksum_add0                                                                                                                    | u_idelay_clkgen/u_mmcm_0                                                                                                                             |               10 |             32 |         3.20 |
|  u_eth/u_rgmii/u_rgmii_rx/gmii_rx_clk                | u_eth/u_icmp/u_icmp_tx/check_buffer_icmp0                                                                                                                     | u_idelay_clkgen/u_mmcm_0                                                                                                                             |                7 |             32 |         4.57 |
|  u_eth/u_rgmii/u_rgmii_rx/gmii_rx_clk                | u_eth/u_icmp/u_icmp_tx/u_mmcm                                                                                                                                 | u_eth/u_arp/u_arp_rx/src_ip_reg[0]_0                                                                                                                 |                8 |             32 |         4.00 |
|  u_bd/design_1_i/processing_system7_0/inst/FCLK_CLK0 |                                                                                                                                                               | u_bd/design_1_i/axi_gpio_1/U0/AXI_LITE_IPIF_I/I_SLAVE_ATTACHMENT/I_DECODER/bus2ip_rnw_i_reg                                                          |               11 |             32 |         2.91 |
|  u_eth/u_rgmii/u_rgmii_rx/gmii_rx_clk                | u_eth/u_icmp/u_icmp_tx/tx_done_reg_0[0]                                                                                                                       | u_idelay_clkgen/u_mmcm_0                                                                                                                             |               13 |             32 |         2.46 |
|  u_eth/u_rgmii/u_rgmii_rx/gmii_rx_clk                | u_eth/u_lm/drop_ev_d                                                                                                                                          | u_idelay_clkgen/u_mmcm_0                                                                                                                             |                8 |             32 |         4.00 |
|  u_bd/design_1_i/processing_system7_0/inst/FCLK_CLK0 |                                                                                                                                                               | u_bd/design_1_i/axi_gpio_0/U0/gpio_core_1/Read_Reg_Rst__0                                                                                            |                5 |             32 |         6.40 |
|  u_eth/u_rgmii/u_rgmii_rx/gmii_rx_clk                | u_eth/u_lm/cdc_rise_d                                                                                                                                         | u_idelay_clkgen/u_mmcm_0                                                                                                                             |                8 |             32 |         4.00 |
|  u_eth/u_rgmii/u_rgmii_rx/gmii_rx_clk                | u_eth/u_rx_par/st1                                                                                                                                            | u_idelay_clkgen/u_mmcm_0                                                                                                                             |                8 |             32 |         4.00 |
|  u_eth/u_rgmii/u_rgmii_rx/gmii_rx_clk                | u_eth/u_rx_par/E[0]                                                                                                                                           | u_idelay_clkgen/u_mmcm_0                                                                                                                             |                8 |             32 |         4.00 |
|  u_eth/u_rgmii/u_rgmii_rx/gmii_rx_clk                | u_eth/u_arp/u_arp_rx/des_ip_t[0]                                                                                                                              | u_idelay_clkgen/u_mmcm_0                                                                                                                             |                7 |             32 |         4.57 |
|  u_eth/u_rgmii/u_rgmii_rx/gmii_rx_clk                | u_eth/u_arp/u_arp_rx/src_ip_t[0]                                                                                                                              | u_idelay_clkgen/u_mmcm_0                                                                                                                             |               11 |             32 |         2.91 |
|  u_bd/design_1_i/processing_system7_0/inst/FCLK_CLK0 | u_pl/u_row/wr_words[0]_i_1_n_0                                                                                                                                | u_bd/bbstub_FCLK_RESET0_N                                                                                                                            |                8 |             32 |         4.00 |
|  u_bd/design_1_i/processing_system7_0/inst/FCLK_CLK0 | u_bd/design_1_i/axi_gp0_ic/s00_couplers/auto_pc/inst/gen_axilite.gen_b2s_conv.axilite_b2s/RD.r_channel_0/rd_data_fifo_0/wr_en0                                |                                                                                                                                                      |                9 |             34 |         3.78 |
|  u_eth/u_rgmii/u_rgmii_rx/gmii_rx_clk                | u_eth/u_reasm/wr_addr[17]_i_1_n_0                                                                                                                             | u_idelay_clkgen/u_mmcm_0                                                                                                                             |               10 |             34 |         3.40 |
|  u_bd/design_1_i/processing_system7_0/inst/FCLK_CLK0 | u_eth/cdc_d1_v                                                                                                                                                | u_bd/bbstub_FCLK_RESET0_N                                                                                                                            |               13 |             35 |         2.69 |
|  u_bd/design_1_i/processing_system7_0/inst/FCLK_CLK0 | u_bd/design_1_i/axi_gp0_ic/xbar/inst/gen_sasd.crossbar_sasd_0/addr_arbiter_inst/E[0]                                                                          |                                                                                                                                                      |                9 |             35 |         3.89 |
|  u_bd/design_1_i/processing_system7_0/inst/FCLK_CLK0 | u_eth/u_cdc/rbin_rep[12]_i_1_n_0                                                                                                                              | u_bd/bbstub_FCLK_RESET0_N                                                                                                                            |               11 |             41 |         3.73 |
|  sys_clk_IBUF_BUFG                                   |                                                                                                                                                               |                                                                                                                                                      |               13 |             42 |         3.23 |
|  u_bd/design_1_i/processing_system7_0/inst/FCLK_CLK0 |                                                                                                                                                               | u_bd/design_1_i/axi_gpio_0/U0/AXI_LITE_IPIF_I/I_SLAVE_ATTACHMENT/SR[0]                                                                               |               13 |             47 |         3.62 |
|  u_bd/design_1_i/processing_system7_0/inst/FCLK_CLK0 |                                                                                                                                                               | u_bd/design_1_i/axi_gpio_1/U0/AXI_LITE_IPIF_I/I_SLAVE_ATTACHMENT/SR[0]                                                                               |               14 |             47 |         3.36 |
|  u_bd/design_1_i/processing_system7_0/inst/FCLK_CLK0 |                                                                                                                                                               | u_bd/design_1_i/axi_gpio_2/U0/AXI_LITE_IPIF_I/I_SLAVE_ATTACHMENT/SR[0]                                                                               |               18 |             47 |         2.61 |
|  u_bd/design_1_i/processing_system7_0/inst/FCLK_CLK0 | u_bd/design_1_i/axi_gp0_ic/s00_couplers/auto_pc/inst/gen_axilite.gen_b2s_conv.axilite_b2s/SI_REG/r.r_pipe/s_ready_i_reg_0                                     |                                                                                                                                                      |                7 |             47 |         6.71 |
|  u_bd/design_1_i/processing_system7_0/inst/FCLK_CLK0 | u_bd/design_1_i/axi_gp0_ic/s00_couplers/auto_pc/inst/gen_axilite.gen_b2s_conv.axilite_b2s/SI_REG/r.r_pipe/p_1_in                                              |                                                                                                                                                      |                8 |             47 |         5.88 |
|  u_eth/u_rgmii/u_rgmii_rx/gmii_rx_clk                | u_eth/u_arp/u_arp_rx/des_mac_t0                                                                                                                               | u_idelay_clkgen/u_mmcm_0                                                                                                                             |               13 |             48 |         3.69 |
|  u_bd/design_1_i/processing_system7_0/inst/FCLK_CLK0 | u_bd/design_1_i/axi_gp0_ic/s00_couplers/auto_pc/inst/gen_axilite.gen_b2s_conv.axilite_b2s/SI_REG/aw.aw_pipe/s_ready_i_reg_0                                   |                                                                                                                                                      |                9 |             48 |         5.33 |
|  u_eth/u_rgmii/u_rgmii_rx/gmii_rx_clk                | u_eth/u_arp/u_arp_rx/src_mac_t[0]                                                                                                                             | u_idelay_clkgen/u_mmcm_0                                                                                                                             |               23 |             48 |         2.09 |
|  u_eth/u_rgmii/u_rgmii_rx/gmii_rx_clk                | u_eth/u_arp/u_arp_rx/FSM_onehot_cur_state_reg[1]_1[0]                                                                                                         | u_idelay_clkgen/u_mmcm_0                                                                                                                             |               12 |             48 |         4.00 |
|  u_bd/design_1_i/processing_system7_0/inst/FCLK_CLK0 | u_bd/design_1_i/axi_gp0_ic/s00_couplers/auto_pc/inst/gen_axilite.gen_b2s_conv.axilite_b2s/SI_REG/ar.ar_pipe/s_ready_i_reg_0                                   |                                                                                                                                                      |                9 |             48 |         5.33 |
|  u_eth/u_rgmii/u_rgmii_rx/gmii_rx_clk                | u_eth/u_reasm/gc2_reg[0]                                                                                                                                      | u_idelay_clkgen/u_mmcm_0                                                                                                                             |               13 |             48 |         3.69 |
|  u_bd/design_1_i/processing_system7_0/inst/FCLK_CLK0 | u_bd/design_1_i/axi_gp0_ic/s00_couplers/auto_pc/inst/gen_axilite.gen_b2s_conv.axilite_b2s/RD.ar_channel_0/ar_cmd_fsm_0/m_valid_i_reg[0]                       |                                                                                                                                                      |               10 |             48 |         4.80 |
|  u_bd/design_1_i/processing_system7_0/inst/FCLK_CLK0 | u_bd/design_1_i/axi_gp0_ic/s00_couplers/auto_pc/inst/gen_axilite.gen_b2s_conv.axilite_b2s/WR.aw_channel_0/aw_cmd_fsm_0/E[0]                                   |                                                                                                                                                      |                7 |             48 |         6.86 |
|  u_eth/u_rgmii/u_rgmii_rx/gmii_rx_clk                | u_eth/u_icmp/u_icmp_rx/des_mac0                                                                                                                               | u_idelay_clkgen/u_mmcm_0                                                                                                                             |                8 |             48 |         6.00 |
|  u_eth/u_rgmii/u_rgmii_rx/gmii_rx_clk                | u_eth/u_icmp/u_icmp_tx/u_mmcm                                                                                                                                 |                                                                                                                                                      |               18 |             49 |         2.72 |
|  u_bd/design_1_i/processing_system7_0/inst/FCLK_CLK0 | u_pl/u_aw/burst_idx[31]_i_1_n_0                                                                                                                               | u_bd/bbstub_FCLK_RESET0_N                                                                                                                            |               11 |             57 |         5.18 |
|  u_pl/u_clk/clk_pix                                  | u_pl/u_bilin/j_d3_reg[6]_1                                                                                                                                    |                                                                                                                                                      |               16 |             64 |         4.00 |
|  u_pl/u_clk/clk_pix                                  | u_pl/u_bilin/j_d3_reg[6]_0                                                                                                                                    |                                                                                                                                                      |               16 |             64 |         4.00 |
|  u_pl/u_clk/clk_pix                                  | u_pl/u_bilin/de_out_reg_2                                                                                                                                     |                                                                                                                                                      |               16 |             64 |         4.00 |
|  u_pl/u_clk/clk_pix                                  | u_pl/u_bilin/de_out_reg_0                                                                                                                                     |                                                                                                                                                      |               16 |             64 |         4.00 |
|  u_pl/u_clk/clk_pix                                  | u_pl/u_pipe/u_blur/de_out_reg_1                                                                                                                               |                                                                                                                                                      |               16 |             64 |         4.00 |
|  u_pl/u_clk/clk_pix                                  | u_pl/u_bilin/de_out_reg_1                                                                                                                                     |                                                                                                                                                      |               16 |             64 |         4.00 |
|  u_pl/u_clk/clk_pix                                  | u_pl/u_pipe/u_blur/de_out_reg_0                                                                                                                               |                                                                                                                                                      |               16 |             64 |         4.00 |
|  u_pl/u_clk/clk_pix                                  | u_pl/u_pipe/u_blur/de_out_reg_3                                                                                                                               |                                                                                                                                                      |               16 |             64 |         4.00 |
|  u_pl/u_clk/clk_pix                                  | u_pl/u_bilin/ph_a0                                                                                                                                            | u_pl/u_clk/u_mmcm_0                                                                                                                                  |               25 |             64 |         2.56 |
|  u_pl/u_clk/clk_pix                                  | u_pl/u_bilin/j_d3_reg[8]_0                                                                                                                                    |                                                                                                                                                      |               16 |             64 |         4.00 |
|  u_bd/design_1_i/processing_system7_0/inst/FCLK_CLK0 | u_pl/u_row/fb_wr_data[63]_i_1_n_0                                                                                                                             | u_bd/bbstub_FCLK_RESET0_N                                                                                                                            |               19 |             64 |         3.37 |
|  u_pl/u_clk/clk_pix                                  | u_pl/u_pipe/u_blur/de_out_reg_2                                                                                                                               |                                                                                                                                                      |               16 |             64 |         4.00 |
|  u_pl/u_clk/clk_pix                                  | u_pl/u_bilin/j_d3_reg[7]_0                                                                                                                                    |                                                                                                                                                      |               16 |             64 |         4.00 |
|  u_pl/u_clk/clk_pix                                  | u_pl/u_pipe/u_blur/xd_reg[5][7]                                                                                                                               |                                                                                                                                                      |               16 |             64 |         4.00 |
|  u_pl/u_clk/clk_pix                                  | u_pl/u_bilin/de_out_reg                                                                                                                                       |                                                                                                                                                      |               16 |             64 |         4.00 |
|  u_bd/design_1_i/processing_system7_0/inst/FCLK_CLK0 |                                                                                                                                                               | u_bd/design_1_i/axi_gpio_2/U0/AXI_LITE_IPIF_I/I_SLAVE_ATTACHMENT/I_DECODER/bus2ip_rnw_i_reg_0                                                        |               20 |             64 |         3.20 |
|  u_pl/u_clk/clk_pix                                  | u_pl/u_pipe/u_blur/xd_reg[5][9]                                                                                                                               |                                                                                                                                                      |               16 |             64 |         4.00 |
|  u_pl/u_clk/clk_pix                                  | u_pl/u_pipe/u_blur/xd_reg[5][7]_0                                                                                                                             |                                                                                                                                                      |               16 |             64 |         4.00 |
|  u_pl/u_clk/clk_pix                                  | u_pl/u_pipe/u_blur/xd_reg[5][8]                                                                                                                               |                                                                                                                                                      |               16 |             64 |         4.00 |
|  u_pl/u_clk/clk_pix                                  | u_pl/u_bilin/ph_b0                                                                                                                                            | u_pl/u_clk/u_mmcm_0                                                                                                                                  |               23 |             64 |         2.78 |
|  u_pl/u_clk/clk_pix                                  | u_pl/u_pipe/u_bin/de_out_reg_0[0]                                                                                                                             | u_pl/u_clk/u_mmcm_0                                                                                                                                  |               37 |             68 |         1.84 |
|  u_eth/u_rgmii/u_rgmii_rx/gmii_rx_clk                | u_eth/u_icmp/u_icmp_tx/tx_data_num0                                                                                                                           | u_idelay_clkgen/u_mmcm_0                                                                                                                             |               22 |             79 |         3.59 |
|  u_eth/u_rgmii/u_rgmii_rx/gmii_rx_clk                | u_eth/u_arp/u_arp_rx/src_ip_reg[3]_0[0]                                                                                                                       | u_idelay_clkgen/u_mmcm_0                                                                                                                             |               22 |             80 |         3.64 |
|  u_eth/u_rgmii/u_rgmii_rx/gmii_rx_clk                | u_eth/u_arp/u_arp_rx/arp_rx_done_i_1_n_0                                                                                                                      | u_idelay_clkgen/u_mmcm_0                                                                                                                             |               20 |             80 |         4.00 |
|  u_bd/design_1_i/processing_system7_0/inst/FCLK_CLK0 | u_pl/u_aw/fb_wr_en_i_1_n_0                                                                                                                                    | u_bd/bbstub_FCLK_RESET0_N                                                                                                                            |               33 |             81 |         2.45 |
|  u_pl/u_clk/clk_pix                                  | u_pl/u_t/u_t/frame0                                                                                                                                           | u_pl/u_clk/u_mmcm_0                                                                                                                                  |               34 |             82 |         2.41 |
|  u_bd/design_1_i/processing_system7_0/inst/FCLK_CLK0 | u_pl/u_lat/dstep[0]                                                                                                                                           | u_bd/bbstub_FCLK_RESET0_N                                                                                                                            |               16 |             86 |         5.38 |
|  u_bd/design_1_i/processing_system7_0/inst/FCLK_CLK0 | u_pl/u_lat/c1_cyc[31]_i_1_n_0                                                                                                                                 | u_bd/bbstub_FCLK_RESET0_N                                                                                                                            |               21 |             96 |         4.57 |
|  u_bd/design_1_i/processing_system7_0/inst/FCLK_CLK0 | u_pl/u_row/sk_addr_reg_0_63_3_5_i_1_n_0                                                                                                                       |                                                                                                                                                      |               27 |            108 |         4.00 |
|  u_bd/design_1_i/processing_system7_0/inst/FCLK_CLK0 | u_eth/u_saver/q_addr_reg_0_63_3_5_i_1_n_0                                                                                                                     |                                                                                                                                                      |               29 |            116 |         4.00 |
|  u_bd/design_1_i/processing_system7_0/inst/FCLK_CLK0 | u_eth/u_saver/q_addr_reg_128_191_3_5_i_1_n_0                                                                                                                  |                                                                                                                                                      |               29 |            116 |         4.00 |
|  u_bd/design_1_i/processing_system7_0/inst/FCLK_CLK0 | u_eth/u_saver/q_addr_reg_256_319_3_5_i_1_n_0                                                                                                                  |                                                                                                                                                      |               29 |            116 |         4.00 |
|  u_bd/design_1_i/processing_system7_0/inst/FCLK_CLK0 | u_eth/u_saver/q_addr_reg_192_255_3_5_i_1_n_0                                                                                                                  |                                                                                                                                                      |               29 |            116 |         4.00 |
|  u_bd/design_1_i/processing_system7_0/inst/FCLK_CLK0 | u_eth/u_saver/q_addr_reg_64_127_3_5_i_1_n_0                                                                                                                   |                                                                                                                                                      |               29 |            116 |         4.00 |
|  u_bd/design_1_i/processing_system7_0/inst/FCLK_CLK0 | u_eth/u_saver/q_addr_reg_384_447_3_5_i_1_n_0                                                                                                                  |                                                                                                                                                      |               29 |            116 |         4.00 |
|  u_bd/design_1_i/processing_system7_0/inst/FCLK_CLK0 | u_eth/u_saver/q_addr_reg_320_383_3_5_i_1_n_0                                                                                                                  |                                                                                                                                                      |               29 |            116 |         4.00 |
|  u_bd/design_1_i/processing_system7_0/inst/FCLK_CLK0 | u_eth/u_saver/q_addr_reg_448_511_3_5_i_1_n_0                                                                                                                  |                                                                                                                                                      |               29 |            116 |         4.00 |
|  u_pl/u_clk/clk_pix                                  | u_pl/u_pipe/u_sharp/de_out_reg_5[0]                                                                                                                           | u_pl/u_clk/u_mmcm_0                                                                                                                                  |               75 |            124 |         1.65 |
|  u_pl/u_clk/clk_pix                                  | u_pl/u_pipe/u_blur/de_out_reg_4[0]                                                                                                                            | u_pl/u_clk/u_mmcm_0                                                                                                                                  |               70 |            124 |         1.77 |
|  u_bd/design_1_i/processing_system7_0/inst/FCLK_CLK0 | u_eth/u_saver/have                                                                                                                                            | u_bd/bbstub_FCLK_RESET0_N                                                                                                                            |               69 |            130 |         1.88 |
|  u_pl/u_clk/clk_pix                                  | u_pl/u_pipe/u_inv/de_out_reg_1[0]                                                                                                                             | u_pl/u_clk/u_mmcm_0                                                                                                                                  |               82 |            140 |         1.71 |
|  u_bd/design_1_i/processing_system7_0/inst/FCLK_CLK0 | u_bd/E[0]                                                                                                                                                     | u_bd/bbstub_FCLK_RESET0_N                                                                                                                            |               43 |            161 |         3.74 |
|  u_bd/design_1_i/processing_system7_0/inst/FCLK_CLK0 |                                                                                                                                                               | u_bd/bbstub_FCLK_RESET0_N                                                                                                                            |               74 |            226 |         3.05 |
|  u_bd/design_1_i/processing_system7_0/inst/FCLK_CLK0 | u_lm_axi/bus_edge                                                                                                                                             | u_bd/bbstub_FCLK_RESET0_N                                                                                                                            |               69 |            254 |         3.68 |
|  u_eth/u_rgmii/u_rgmii_rx/gmii_rx_clk                | u_eth/u_lm/upd                                                                                                                                                | u_idelay_clkgen/u_mmcm_0                                                                                                                             |               81 |            255 |         3.15 |
|  u_pl/u_clk/clk_pix                                  |                                                                                                                                                               |                                                                                                                                                      |               70 |            280 |         4.00 |
|  u_bd/design_1_i/processing_system7_0/inst/FCLK_CLK0 |                                                                                                                                                               |                                                                                                                                                      |               94 |            288 |         3.06 |
|  u_eth/u_rgmii/u_rgmii_rx/gmii_rx_clk                |                                                                                                                                                               | u_idelay_clkgen/u_mmcm_0                                                                                                                             |              177 |            459 |         2.59 |
|  u_pl/u_clk/clk_pix                                  |                                                                                                                                                               | u_pl/u_clk/u_mmcm_0                                                                                                                                  |              405 |           1109 |         2.74 |
+------------------------------------------------------+---------------------------------------------------------------------------------------------------------------------------------------------------------------+------------------------------------------------------------------------------------------------------------------------------------------------------+------------------+----------------+--------------+


