Copyright 1986-2022 Xilinx, Inc. All Rights Reserved. Copyright 2022-2026 Advanced Micro Devices, Inc. All Rights Reserved.
---------------------------------------------------------------------------------------------------------------------------------------------
| Tool Version : Vivado v.2025.2.1 (win64) Build 6403652 Thu Mar 19 19:48:24 GMT 2026
| Date         : Thu Sep 24 00:22:25 2026
| Host         : Uie-laptop running 64-bit major release  (build 9200)
| Command      : report_cdc -details -file D:/Xilinx/Prj/pro/Video_Processing/build/cdc_details.rpt
| Design       : system_top
| Device       : 7z020-clg484
| Speed File   : -2  PRODUCTION 1.12 2019-11-22
| Design State : Routed
---------------------------------------------------------------------------------------------------------------------------------------------

CDC Report

ID      Severity  Count  Description
------  --------  -----  ------------------------------------------------------
CDC-1   Critical    113  1-bit unknown CDC circuitry
CDC-2   Warning       2  1-bit synchronized with missing ASYNC_REG property
CDC-3   Info         26  1-bit synchronized with ASYNC_REG property
CDC-5   Warning       2  Multi-bit synchronized with missing ASYNC_REG property
CDC-7   Critical    411  Asynchronous reset unknown CDC circuitry
CDC-10  Critical      4  Combinational logic detected before a synchronizer
CDC-13  Critical      2  1-bit CDC path on a non-FD primitive
CDC-15  Warning    1685  Clock enable controlled CDC structure detected

Source Clock: clkout0_1
Destination Clock: clk_fpga_0
CDC Type: No Common Primary Clock

Row  ID      Severity  Description                                         Depth  Exception            Source (From)                  Destination (To)
---  ------  --------  --------------------------------------------------  -----  -------------------  -----------------------------  -------------------
  1  CDC-3   Info      1-bit synchronized with ASYNC_REG property              2  Asynch Clock Groups  u_pl/fs_tog_reg/C              u_pl/fs0_reg/D
  2  CDC-10  Critical  Combinational logic detected before a synchronizer      3  Asynch Clock Groups  u_pl/FSM_onehot_mode_reg[2]/C  u_pl/ms0_reg[0]/D
  3  CDC-10  Critical  Combinational logic detected before a synchronizer      3  Asynch Clock Groups  u_pl/FSM_onehot_mode_reg[2]/C  u_pl/ms0_reg[1]/D
  4  CDC-3   Info      1-bit synchronized with ASYNC_REG property              2  Asynch Clock Groups  u_pl/u_cmt/blank_tog_reg/C     u_pl/u_cmt/b0_reg/D
  5  CDC-3   Info      1-bit synchronized with ASYNC_REG property              2  Asynch Clock Groups  u_pl/u_cmt/bs_d2_reg/C         u_pl/u_cmt/d0_reg/D

Source Clock: eth_rxc
Destination Clock: clk_fpga_0
CDC Type: No Common Primary Clock

Row  ID      Severity  Description                                             Depth  Exception            Source (From)                        Destination (To)
---  ------  --------  ------------------------------------------------------  -----  -------------------  -----------------------------------  --------------------------------
  1  CDC-5   Warning   Multi-bit synchronized with missing ASYNC_REG property      2  Asynch Clock Groups  u_eth/u_cdc/wgray_reg[13:0]/C        u_eth/u_cdc/wgray_s0_reg[13:0]/D
  2  CDC-3   Info      1-bit synchronized with ASYNC_REG property                  2  Asynch Clock Groups  u_eth/u_commit/frame_done_tog_reg/C  u_eth/u_commit/fd0_reg/D
  3  CDC-15  Warning   Clock enable controlled CDC structure detected              0  Asynch Clock Groups  u_eth/u_lm/lm_bus_reg[0]/C           u_lm_axi/bus_q_reg[0]/D
  4  CDC-15  Warning   Clock enable controlled CDC structure detected              0  Asynch Clock Groups  u_eth/u_lm/lm_bus_reg[1]/C           u_lm_axi/bus_q_reg[1]/D
  5  CDC-15  Warning   Clock enable controlled CDC structure detected              0  Asynch Clock Groups  u_eth/u_lm/lm_bus_reg[2]/C           u_lm_axi/bus_q_reg[2]/D
  6  CDC-15  Warning   Clock enable controlled CDC structure detected              0  Asynch Clock Groups  u_eth/u_lm/lm_bus_reg[3]/C           u_lm_axi/bus_q_reg[3]/D
  7  CDC-15  Warning   Clock enable controlled CDC structure detected              0  Asynch Clock Groups  u_eth/u_lm/lm_bus_reg[4]/C           u_lm_axi/bus_q_reg[4]/D
  8  CDC-15  Warning   Clock enable controlled CDC structure detected              0  Asynch Clock Groups  u_eth/u_lm/lm_bus_reg[5]/C           u_lm_axi/bus_q_reg[5]/D
  9  CDC-15  Warning   Clock enable controlled CDC structure detected              0  Asynch Clock Groups  u_eth/u_lm/lm_bus_reg[6]/C           u_lm_axi/bus_q_reg[6]/D
 10  CDC-15  Warning   Clock enable controlled CDC structure detected              0  Asynch Clock Groups  u_eth/u_lm/lm_bus_reg[7]/C           u_lm_axi/bus_q_reg[7]/D
 11  CDC-15  Warning   Clock enable controlled CDC structure detected              0  Asynch Clock Groups  u_eth/u_lm/lm_bus_reg[8]/C           u_lm_axi/bus_q_reg[8]/D
 12  CDC-15  Warning   Clock enable controlled CDC structure detected              0  Asynch Clock Groups  u_eth/u_lm/lm_bus_reg[9]/C           u_lm_axi/bus_q_reg[9]/D
 13  CDC-15  Warning   Clock enable controlled CDC structure detected              0  Asynch Clock Groups  u_eth/u_lm/lm_bus_reg[10]/C          u_lm_axi/bus_q_reg[10]/D
 14  CDC-15  Warning   Clock enable controlled CDC structure detected              0  Asynch Clock Groups  u_eth/u_lm/lm_bus_reg[11]/C          u_lm_axi/bus_q_reg[11]/D
 15  CDC-15  Warning   Clock enable controlled CDC structure detected              0  Asynch Clock Groups  u_eth/u_lm/lm_bus_reg[12]/C          u_lm_axi/bus_q_reg[12]/D
 16  CDC-15  Warning   Clock enable controlled CDC structure detected              0  Asynch Clock Groups  u_eth/u_lm/lm_bus_reg[13]/C          u_lm_axi/bus_q_reg[13]/D
 17  CDC-15  Warning   Clock enable controlled CDC structure detected              0  Asynch Clock Groups  u_eth/u_lm/lm_bus_reg[14]/C          u_lm_axi/bus_q_reg[14]/D
 18  CDC-15  Warning   Clock enable controlled CDC structure detected              0  Asynch Clock Groups  u_eth/u_lm/lm_bus_reg[15]/C          u_lm_axi/bus_q_reg[15]/D
 19  CDC-15  Warning   Clock enable controlled CDC structure detected              0  Asynch Clock Groups  u_eth/u_lm/lm_bus_reg[16]/C          u_lm_axi/bus_q_reg[16]/D
 20  CDC-15  Warning   Clock enable controlled CDC structure detected              0  Asynch Clock Groups  u_eth/u_lm/lm_bus_reg[17]/C          u_lm_axi/bus_q_reg[17]/D
 21  CDC-15  Warning   Clock enable controlled CDC structure detected              0  Asynch Clock Groups  u_eth/u_lm/lm_bus_reg[18]/C          u_lm_axi/bus_q_reg[18]/D
 22  CDC-15  Warning   Clock enable controlled CDC structure detected              0  Asynch Clock Groups  u_eth/u_lm/lm_bus_reg[19]/C          u_lm_axi/bus_q_reg[19]/D
 23  CDC-15  Warning   Clock enable controlled CDC structure detected              0  Asynch Clock Groups  u_eth/u_lm/lm_bus_reg[20]/C          u_lm_axi/bus_q_reg[20]/D
 24  CDC-15  Warning   Clock enable controlled CDC structure detected              0  Asynch Clock Groups  u_eth/u_lm/lm_bus_reg[21]/C          u_lm_axi/bus_q_reg[21]/D
 25  CDC-15  Warning   Clock enable controlled CDC structure detected              0  Asynch Clock Groups  u_eth/u_lm/lm_bus_reg[22]/C          u_lm_axi/bus_q_reg[22]/D
 26  CDC-15  Warning   Clock enable controlled CDC structure detected              0  Asynch Clock Groups  u_eth/u_lm/lm_bus_reg[23]/C          u_lm_axi/bus_q_reg[23]/D
 27  CDC-15  Warning   Clock enable controlled CDC structure detected              0  Asynch Clock Groups  u_eth/u_lm/lm_bus_reg[24]/C          u_lm_axi/bus_q_reg[24]/D
 28  CDC-15  Warning   Clock enable controlled CDC structure detected              0  Asynch Clock Groups  u_eth/u_lm/lm_bus_reg[25]/C          u_lm_axi/bus_q_reg[25]/D
 29  CDC-15  Warning   Clock enable controlled CDC structure detected              0  Asynch Clock Groups  u_eth/u_lm/lm_bus_reg[26]/C          u_lm_axi/bus_q_reg[26]/D
 30  CDC-15  Warning   Clock enable controlled CDC structure detected              0  Asynch Clock Groups  u_eth/u_lm/lm_bus_reg[27]/C          u_lm_axi/bus_q_reg[27]/D
 31  CDC-15  Warning   Clock enable controlled CDC structure detected              0  Asynch Clock Groups  u_eth/u_lm/lm_bus_reg[28]/C          u_lm_axi/bus_q_reg[28]/D
 32  CDC-15  Warning   Clock enable controlled CDC structure detected              0  Asynch Clock Groups  u_eth/u_lm/lm_bus_reg[29]/C          u_lm_axi/bus_q_reg[29]/D
 33  CDC-15  Warning   Clock enable controlled CDC structure detected              0  Asynch Clock Groups  u_eth/u_lm/lm_bus_reg[30]/C          u_lm_axi/bus_q_reg[30]/D
 34  CDC-15  Warning   Clock enable controlled CDC structure detected              0  Asynch Clock Groups  u_eth/u_lm/lm_bus_reg[31]/C          u_lm_axi/bus_q_reg[31]/D
 35  CDC-15  Warning   Clock enable controlled CDC structure detected              0  Asynch Clock Groups  u_eth/u_lm/lm_bus_reg[32]/C          u_lm_axi/bus_q_reg[32]/D
 36  CDC-15  Warning   Clock enable controlled CDC structure detected              0  Asynch Clock Groups  u_eth/u_lm/lm_bus_reg[33]/C          u_lm_axi/bus_q_reg[33]/D
 37  CDC-15  Warning   Clock enable controlled CDC structure detected              0  Asynch Clock Groups  u_eth/u_lm/lm_bus_reg[34]/C          u_lm_axi/bus_q_reg[34]/D
 38  CDC-15  Warning   Clock enable controlled CDC structure detected              0  Asynch Clock Groups  u_eth/u_lm/lm_bus_reg[35]/C          u_lm_axi/bus_q_reg[35]/D
 39  CDC-15  Warning   Clock enable controlled CDC structure detected              0  Asynch Clock Groups  u_eth/u_lm/lm_bus_reg[36]/C          u_lm_axi/bus_q_reg[36]/D
 40  CDC-15  Warning   Clock enable controlled CDC structure detected              0  Asynch Clock Groups  u_eth/u_lm/lm_bus_reg[37]/C          u_lm_axi/bus_q_reg[37]/D
 41  CDC-15  Warning   Clock enable controlled CDC structure detected              0  Asynch Clock Groups  u_eth/u_lm/lm_bus_reg[38]/C          u_lm_axi/bus_q_reg[38]/D
 42  CDC-15  Warning   Clock enable controlled CDC structure detected              0  Asynch Clock Groups  u_eth/u_lm/lm_bus_reg[39]/C          u_lm_axi/bus_q_reg[39]/D
 43  CDC-15  Warning   Clock enable controlled CDC structure detected              0  Asynch Clock Groups  u_eth/u_lm/lm_bus_reg[40]/C          u_lm_axi/bus_q_reg[40]/D
 44  CDC-15  Warning   Clock enable controlled CDC structure detected              0  Asynch Clock Groups  u_eth/u_lm/lm_bus_reg[41]/C          u_lm_axi/bus_q_reg[41]/D
 45  CDC-15  Warning   Clock enable controlled CDC structure detected              0  Asynch Clock Groups  u_eth/u_lm/lm_bus_reg[42]/C          u_lm_axi/bus_q_reg[42]/D
 46  CDC-15  Warning   Clock enable controlled CDC structure detected              0  Asynch Clock Groups  u_eth/u_lm/lm_bus_reg[43]/C          u_lm_axi/bus_q_reg[43]/D
 47  CDC-15  Warning   Clock enable controlled CDC structure detected              0  Asynch Clock Groups  u_eth/u_lm/lm_bus_reg[44]/C          u_lm_axi/bus_q_reg[44]/D
 48  CDC-15  Warning   Clock enable controlled CDC structure detected              0  Asynch Clock Groups  u_eth/u_lm/lm_bus_reg[45]/C          u_lm_axi/bus_q_reg[45]/D
 49  CDC-15  Warning   Clock enable controlled CDC structure detected              0  Asynch Clock Groups  u_eth/u_lm/lm_bus_reg[46]/C          u_lm_axi/bus_q_reg[46]/D
 50  CDC-15  Warning   Clock enable controlled CDC structure detected              0  Asynch Clock Groups  u_eth/u_lm/lm_bus_reg[47]/C          u_lm_axi/bus_q_reg[47]/D
 51  CDC-15  Warning   Clock enable controlled CDC structure detected              0  Asynch Clock Groups  u_eth/u_lm/lm_bus_reg[48]/C          u_lm_axi/bus_q_reg[48]/D
 52  CDC-15  Warning   Clock enable controlled CDC structure detected              0  Asynch Clock Groups  u_eth/u_lm/lm_bus_reg[49]/C          u_lm_axi/bus_q_reg[49]/D
 53  CDC-15  Warning   Clock enable controlled CDC structure detected              0  Asynch Clock Groups  u_eth/u_lm/lm_bus_reg[50]/C          u_lm_axi/bus_q_reg[50]/D
 54  CDC-15  Warning   Clock enable controlled CDC structure detected              0  Asynch Clock Groups  u_eth/u_lm/lm_bus_reg[51]/C          u_lm_axi/bus_q_reg[51]/D
 55  CDC-15  Warning   Clock enable controlled CDC structure detected              0  Asynch Clock Groups  u_eth/u_lm/lm_bus_reg[52]/C          u_lm_axi/bus_q_reg[52]/D
 56  CDC-15  Warning   Clock enable controlled CDC structure detected              0  Asynch Clock Groups  u_eth/u_lm/lm_bus_reg[53]/C          u_lm_axi/bus_q_reg[53]/D
 57  CDC-15  Warning   Clock enable controlled CDC structure detected              0  Asynch Clock Groups  u_eth/u_lm/lm_bus_reg[54]/C          u_lm_axi/bus_q_reg[54]/D
 58  CDC-15  Warning   Clock enable controlled CDC structure detected              0  Asynch Clock Groups  u_eth/u_lm/lm_bus_reg[55]/C          u_lm_axi/bus_q_reg[55]/D
 59  CDC-15  Warning   Clock enable controlled CDC structure detected              0  Asynch Clock Groups  u_eth/u_lm/lm_bus_reg[56]/C          u_lm_axi/bus_q_reg[56]/D
 60  CDC-15  Warning   Clock enable controlled CDC structure detected              0  Asynch Clock Groups  u_eth/u_lm/lm_bus_reg[57]/C          u_lm_axi/bus_q_reg[57]/D
 61  CDC-15  Warning   Clock enable controlled CDC structure detected              0  Asynch Clock Groups  u_eth/u_lm/lm_bus_reg[58]/C          u_lm_axi/bus_q_reg[58]/D
 62  CDC-15  Warning   Clock enable controlled CDC structure detected              0  Asynch Clock Groups  u_eth/u_lm/lm_bus_reg[59]/C          u_lm_axi/bus_q_reg[59]/D
 63  CDC-15  Warning   Clock enable controlled CDC structure detected              0  Asynch Clock Groups  u_eth/u_lm/lm_bus_reg[60]/C          u_lm_axi/bus_q_reg[60]/D
 64  CDC-15  Warning   Clock enable controlled CDC structure detected              0  Asynch Clock Groups  u_eth/u_lm/lm_bus_reg[61]/C          u_lm_axi/bus_q_reg[61]/D
 65  CDC-15  Warning   Clock enable controlled CDC structure detected              0  Asynch Clock Groups  u_eth/u_lm/lm_bus_reg[62]/C          u_lm_axi/bus_q_reg[62]/D
 66  CDC-15  Warning   Clock enable controlled CDC structure detected              0  Asynch Clock Groups  u_eth/u_lm/lm_bus_reg[63]/C          u_lm_axi/bus_q_reg[63]/D
 67  CDC-15  Warning   Clock enable controlled CDC structure detected              0  Asynch Clock Groups  u_eth/u_lm/lm_bus_reg[64]/C          u_lm_axi/bus_q_reg[64]/D
 68  CDC-15  Warning   Clock enable controlled CDC structure detected              0  Asynch Clock Groups  u_eth/u_lm/lm_bus_reg[65]/C          u_lm_axi/bus_q_reg[65]/D
 69  CDC-15  Warning   Clock enable controlled CDC structure detected              0  Asynch Clock Groups  u_eth/u_lm/lm_bus_reg[66]/C          u_lm_axi/bus_q_reg[66]/D
 70  CDC-15  Warning   Clock enable controlled CDC structure detected              0  Asynch Clock Groups  u_eth/u_lm/lm_bus_reg[67]/C          u_lm_axi/bus_q_reg[67]/D
 71  CDC-15  Warning   Clock enable controlled CDC structure detected              0  Asynch Clock Groups  u_eth/u_lm/lm_bus_reg[68]/C          u_lm_axi/bus_q_reg[68]/D
 72  CDC-15  Warning   Clock enable controlled CDC structure detected              0  Asynch Clock Groups  u_eth/u_lm/lm_bus_reg[69]/C          u_lm_axi/bus_q_reg[69]/D
 73  CDC-15  Warning   Clock enable controlled CDC structure detected              0  Asynch Clock Groups  u_eth/u_lm/lm_bus_reg[70]/C          u_lm_axi/bus_q_reg[70]/D
 74  CDC-15  Warning   Clock enable controlled CDC structure detected              0  Asynch Clock Groups  u_eth/u_lm/lm_bus_reg[71]/C          u_lm_axi/bus_q_reg[71]/D
 75  CDC-15  Warning   Clock enable controlled CDC structure detected              0  Asynch Clock Groups  u_eth/u_lm/lm_bus_reg[72]/C          u_lm_axi/bus_q_reg[72]/D
 76  CDC-15  Warning   Clock enable controlled CDC structure detected              0  Asynch Clock Groups  u_eth/u_lm/lm_bus_reg[73]/C          u_lm_axi/bus_q_reg[73]/D
 77  CDC-15  Warning   Clock enable controlled CDC structure detected              0  Asynch Clock Groups  u_eth/u_lm/lm_bus_reg[74]/C          u_lm_axi/bus_q_reg[74]/D
 78  CDC-15  Warning   Clock enable controlled CDC structure detected              0  Asynch Clock Groups  u_eth/u_lm/lm_bus_reg[75]/C          u_lm_axi/bus_q_reg[75]/D
 79  CDC-15  Warning   Clock enable controlled CDC structure detected              0  Asynch Clock Groups  u_eth/u_lm/lm_bus_reg[76]/C          u_lm_axi/bus_q_reg[76]/D
 80  CDC-15  Warning   Clock enable controlled CDC structure detected              0  Asynch Clock Groups  u_eth/u_lm/lm_bus_reg[77]/C          u_lm_axi/bus_q_reg[77]/D
 81  CDC-15  Warning   Clock enable controlled CDC structure detected              0  Asynch Clock Groups  u_eth/u_lm/lm_bus_reg[78]/C          u_lm_axi/bus_q_reg[78]/D
 82  CDC-15  Warning   Clock enable controlled CDC structure detected              0  Asynch Clock Groups  u_eth/u_lm/lm_bus_reg[79]/C          u_lm_axi/bus_q_reg[79]/D
 83  CDC-15  Warning   Clock enable controlled CDC structure detected              0  Asynch Clock Groups  u_eth/u_lm/lm_bus_reg[80]/C          u_lm_axi/bus_q_reg[80]/D
 84  CDC-15  Warning   Clock enable controlled CDC structure detected              0  Asynch Clock Groups  u_eth/u_lm/lm_bus_reg[81]/C          u_lm_axi/bus_q_reg[81]/D
 85  CDC-15  Warning   Clock enable controlled CDC structure detected              0  Asynch Clock Groups  u_eth/u_lm/lm_bus_reg[82]/C          u_lm_axi/bus_q_reg[82]/D
 86  CDC-15  Warning   Clock enable controlled CDC structure detected              0  Asynch Clock Groups  u_eth/u_lm/lm_bus_reg[83]/C          u_lm_axi/bus_q_reg[83]/D
 87  CDC-15  Warning   Clock enable controlled CDC structure detected              0  Asynch Clock Groups  u_eth/u_lm/lm_bus_reg[84]/C          u_lm_axi/bus_q_reg[84]/D
 88  CDC-15  Warning   Clock enable controlled CDC structure detected              0  Asynch Clock Groups  u_eth/u_lm/lm_bus_reg[85]/C          u_lm_axi/bus_q_reg[85]/D
 89  CDC-15  Warning   Clock enable controlled CDC structure detected              0  Asynch Clock Groups  u_eth/u_lm/lm_bus_reg[86]/C          u_lm_axi/bus_q_reg[86]/D
 90  CDC-15  Warning   Clock enable controlled CDC structure detected              0  Asynch Clock Groups  u_eth/u_lm/lm_bus_reg[87]/C          u_lm_axi/bus_q_reg[87]/D
 91  CDC-15  Warning   Clock enable controlled CDC structure detected              0  Asynch Clock Groups  u_eth/u_lm/lm_bus_reg[88]/C          u_lm_axi/bus_q_reg[88]/D
 92  CDC-15  Warning   Clock enable controlled CDC structure detected              0  Asynch Clock Groups  u_eth/u_lm/lm_bus_reg[96]/C          u_lm_axi/bus_q_reg[96]/D
 93  CDC-15  Warning   Clock enable controlled CDC structure detected              0  Asynch Clock Groups  u_eth/u_lm/lm_bus_reg[97]/C          u_lm_axi/bus_q_reg[97]/D
 94  CDC-15  Warning   Clock enable controlled CDC structure detected              0  Asynch Clock Groups  u_eth/u_lm/lm_bus_reg[98]/C          u_lm_axi/bus_q_reg[98]/D
 95  CDC-15  Warning   Clock enable controlled CDC structure detected              0  Asynch Clock Groups  u_eth/u_lm/lm_bus_reg[99]/C          u_lm_axi/bus_q_reg[99]/D
 96  CDC-15  Warning   Clock enable controlled CDC structure detected              0  Asynch Clock Groups  u_eth/u_lm/lm_bus_reg[100]/C         u_lm_axi/bus_q_reg[100]/D
 97  CDC-15  Warning   Clock enable controlled CDC structure detected              0  Asynch Clock Groups  u_eth/u_lm/lm_bus_reg[101]/C         u_lm_axi/bus_q_reg[101]/D
 98  CDC-15  Warning   Clock enable controlled CDC structure detected              0  Asynch Clock Groups  u_eth/u_lm/lm_bus_reg[102]/C         u_lm_axi/bus_q_reg[102]/D
 99  CDC-15  Warning   Clock enable controlled CDC structure detected              0  Asynch Clock Groups  u_eth/u_lm/lm_bus_reg[103]/C         u_lm_axi/bus_q_reg[103]/D
100  CDC-15  Warning   Clock enable controlled CDC structure detected              0  Asynch Clock Groups  u_eth/u_lm/lm_bus_reg[104]/C         u_lm_axi/bus_q_reg[104]/D
101  CDC-15  Warning   Clock enable controlled CDC structure detected              0  Asynch Clock Groups  u_eth/u_lm/lm_bus_reg[105]/C         u_lm_axi/bus_q_reg[105]/D
102  CDC-15  Warning   Clock enable controlled CDC structure detected              0  Asynch Clock Groups  u_eth/u_lm/lm_bus_reg[106]/C         u_lm_axi/bus_q_reg[106]/D
103  CDC-15  Warning   Clock enable controlled CDC structure detected              0  Asynch Clock Groups  u_eth/u_lm/lm_bus_reg[107]/C         u_lm_axi/bus_q_reg[107]/D
104  CDC-15  Warning   Clock enable controlled CDC structure detected              0  Asynch Clock Groups  u_eth/u_lm/lm_bus_reg[108]/C         u_lm_axi/bus_q_reg[108]/D
105  CDC-15  Warning   Clock enable controlled CDC structure detected              0  Asynch Clock Groups  u_eth/u_lm/lm_bus_reg[109]/C         u_lm_axi/bus_q_reg[109]/D
106  CDC-15  Warning   Clock enable controlled CDC structure detected              0  Asynch Clock Groups  u_eth/u_lm/lm_bus_reg[110]/C         u_lm_axi/bus_q_reg[110]/D
107  CDC-15  Warning   Clock enable controlled CDC structure detected              0  Asynch Clock Groups  u_eth/u_lm/lm_bus_reg[111]/C         u_lm_axi/bus_q_reg[111]/D
108  CDC-15  Warning   Clock enable controlled CDC structure detected              0  Asynch Clock Groups  u_eth/u_lm/lm_bus_reg[128]/C         u_lm_axi/bus_q_reg[128]/D
109  CDC-15  Warning   Clock enable controlled CDC structure detected              0  Asynch Clock Groups  u_eth/u_lm/lm_bus_reg[129]/C         u_lm_axi/bus_q_reg[129]/D
110  CDC-15  Warning   Clock enable controlled CDC structure detected              0  Asynch Clock Groups  u_eth/u_lm/lm_bus_reg[130]/C         u_lm_axi/bus_q_reg[130]/D
111  CDC-15  Warning   Clock enable controlled CDC structure detected              0  Asynch Clock Groups  u_eth/u_lm/lm_bus_reg[131]/C         u_lm_axi/bus_q_reg[131]/D
112  CDC-15  Warning   Clock enable controlled CDC structure detected              0  Asynch Clock Groups  u_eth/u_lm/lm_bus_reg[132]/C         u_lm_axi/bus_q_reg[132]/D
113  CDC-15  Warning   Clock enable controlled CDC structure detected              0  Asynch Clock Groups  u_eth/u_lm/lm_bus_reg[133]/C         u_lm_axi/bus_q_reg[133]/D
114  CDC-15  Warning   Clock enable controlled CDC structure detected              0  Asynch Clock Groups  u_eth/u_lm/lm_bus_reg[134]/C         u_lm_axi/bus_q_reg[134]/D
115  CDC-15  Warning   Clock enable controlled CDC structure detected              0  Asynch Clock Groups  u_eth/u_lm/lm_bus_reg[135]/C         u_lm_axi/bus_q_reg[135]/D
116  CDC-15  Warning   Clock enable controlled CDC structure detected              0  Asynch Clock Groups  u_eth/u_lm/lm_bus_reg[136]/C         u_lm_axi/bus_q_reg[136]/D
117  CDC-15  Warning   Clock enable controlled CDC structure detected              0  Asynch Clock Groups  u_eth/u_lm/lm_bus_reg[137]/C         u_lm_axi/bus_q_reg[137]/D
118  CDC-15  Warning   Clock enable controlled CDC structure detected              0  Asynch Clock Groups  u_eth/u_lm/lm_bus_reg[138]/C         u_lm_axi/bus_q_reg[138]/D
119  CDC-15  Warning   Clock enable controlled CDC structure detected              0  Asynch Clock Groups  u_eth/u_lm/lm_bus_reg[139]/C         u_lm_axi/bus_q_reg[139]/D
120  CDC-15  Warning   Clock enable controlled CDC structure detected              0  Asynch Clock Groups  u_eth/u_lm/lm_bus_reg[140]/C         u_lm_axi/bus_q_reg[140]/D
121  CDC-15  Warning   Clock enable controlled CDC structure detected              0  Asynch Clock Groups  u_eth/u_lm/lm_bus_reg[141]/C         u_lm_axi/bus_q_reg[141]/D
122  CDC-15  Warning   Clock enable controlled CDC structure detected              0  Asynch Clock Groups  u_eth/u_lm/lm_bus_reg[142]/C         u_lm_axi/bus_q_reg[142]/D
123  CDC-15  Warning   Clock enable controlled CDC structure detected              0  Asynch Clock Groups  u_eth/u_lm/lm_bus_reg[143]/C         u_lm_axi/bus_q_reg[143]/D
124  CDC-15  Warning   Clock enable controlled CDC structure detected              0  Asynch Clock Groups  u_eth/u_lm/lm_bus_reg[144]/C         u_lm_axi/bus_q_reg[144]/D
125  CDC-15  Warning   Clock enable controlled CDC structure detected              0  Asynch Clock Groups  u_eth/u_lm/lm_bus_reg[145]/C         u_lm_axi/bus_q_reg[145]/D
126  CDC-15  Warning   Clock enable controlled CDC structure detected              0  Asynch Clock Groups  u_eth/u_lm/lm_bus_reg[146]/C         u_lm_axi/bus_q_reg[146]/D
127  CDC-15  Warning   Clock enable controlled CDC structure detected              0  Asynch Clock Groups  u_eth/u_lm/lm_bus_reg[147]/C         u_lm_axi/bus_q_reg[147]/D
128  CDC-15  Warning   Clock enable controlled CDC structure detected              0  Asynch Clock Groups  u_eth/u_lm/lm_bus_reg[148]/C         u_lm_axi/bus_q_reg[148]/D
129  CDC-15  Warning   Clock enable controlled CDC structure detected              0  Asynch Clock Groups  u_eth/u_lm/lm_bus_reg[149]/C         u_lm_axi/bus_q_reg[149]/D
130  CDC-15  Warning   Clock enable controlled CDC structure detected              0  Asynch Clock Groups  u_eth/u_lm/lm_bus_reg[150]/C         u_lm_axi/bus_q_reg[150]/D
131  CDC-15  Warning   Clock enable controlled CDC structure detected              0  Asynch Clock Groups  u_eth/u_lm/lm_bus_reg[151]/C         u_lm_axi/bus_q_reg[151]/D
132  CDC-15  Warning   Clock enable controlled CDC structure detected              0  Asynch Clock Groups  u_eth/u_lm/lm_bus_reg[152]/C         u_lm_axi/bus_q_reg[152]/D
133  CDC-15  Warning   Clock enable controlled CDC structure detected              0  Asynch Clock Groups  u_eth/u_lm/lm_bus_reg[153]/C         u_lm_axi/bus_q_reg[153]/D
134  CDC-15  Warning   Clock enable controlled CDC structure detected              0  Asynch Clock Groups  u_eth/u_lm/lm_bus_reg[154]/C         u_lm_axi/bus_q_reg[154]/D
135  CDC-15  Warning   Clock enable controlled CDC structure detected              0  Asynch Clock Groups  u_eth/u_lm/lm_bus_reg[155]/C         u_lm_axi/bus_q_reg[155]/D
136  CDC-15  Warning   Clock enable controlled CDC structure detected              0  Asynch Clock Groups  u_eth/u_lm/lm_bus_reg[156]/C         u_lm_axi/bus_q_reg[156]/D
137  CDC-15  Warning   Clock enable controlled CDC structure detected              0  Asynch Clock Groups  u_eth/u_lm/lm_bus_reg[157]/C         u_lm_axi/bus_q_reg[157]/D
138  CDC-15  Warning   Clock enable controlled CDC structure detected              0  Asynch Clock Groups  u_eth/u_lm/lm_bus_reg[158]/C         u_lm_axi/bus_q_reg[158]/D
139  CDC-15  Warning   Clock enable controlled CDC structure detected              0  Asynch Clock Groups  u_eth/u_lm/lm_bus_reg[159]/C         u_lm_axi/bus_q_reg[159]/D
140  CDC-15  Warning   Clock enable controlled CDC structure detected              0  Asynch Clock Groups  u_eth/u_lm/lm_bus_reg[160]/C         u_lm_axi/bus_q_reg[160]/D
141  CDC-15  Warning   Clock enable controlled CDC structure detected              0  Asynch Clock Groups  u_eth/u_lm/lm_bus_reg[161]/C         u_lm_axi/bus_q_reg[161]/D
142  CDC-15  Warning   Clock enable controlled CDC structure detected              0  Asynch Clock Groups  u_eth/u_lm/lm_bus_reg[162]/C         u_lm_axi/bus_q_reg[162]/D
143  CDC-15  Warning   Clock enable controlled CDC structure detected              0  Asynch Clock Groups  u_eth/u_lm/lm_bus_reg[163]/C         u_lm_axi/bus_q_reg[163]/D
144  CDC-15  Warning   Clock enable controlled CDC structure detected              0  Asynch Clock Groups  u_eth/u_lm/lm_bus_reg[164]/C         u_lm_axi/bus_q_reg[164]/D
145  CDC-15  Warning   Clock enable controlled CDC structure detected              0  Asynch Clock Groups  u_eth/u_lm/lm_bus_reg[165]/C         u_lm_axi/bus_q_reg[165]/D
146  CDC-15  Warning   Clock enable controlled CDC structure detected              0  Asynch Clock Groups  u_eth/u_lm/lm_bus_reg[166]/C         u_lm_axi/bus_q_reg[166]/D
147  CDC-15  Warning   Clock enable controlled CDC structure detected              0  Asynch Clock Groups  u_eth/u_lm/lm_bus_reg[167]/C         u_lm_axi/bus_q_reg[167]/D
148  CDC-15  Warning   Clock enable controlled CDC structure detected              0  Asynch Clock Groups  u_eth/u_lm/lm_bus_reg[168]/C         u_lm_axi/bus_q_reg[168]/D
149  CDC-15  Warning   Clock enable controlled CDC structure detected              0  Asynch Clock Groups  u_eth/u_lm/lm_bus_reg[169]/C         u_lm_axi/bus_q_reg[169]/D
150  CDC-15  Warning   Clock enable controlled CDC structure detected              0  Asynch Clock Groups  u_eth/u_lm/lm_bus_reg[170]/C         u_lm_axi/bus_q_reg[170]/D
151  CDC-15  Warning   Clock enable controlled CDC structure detected              0  Asynch Clock Groups  u_eth/u_lm/lm_bus_reg[171]/C         u_lm_axi/bus_q_reg[171]/D
152  CDC-15  Warning   Clock enable controlled CDC structure detected              0  Asynch Clock Groups  u_eth/u_lm/lm_bus_reg[172]/C         u_lm_axi/bus_q_reg[172]/D
153  CDC-15  Warning   Clock enable controlled CDC structure detected              0  Asynch Clock Groups  u_eth/u_lm/lm_bus_reg[173]/C         u_lm_axi/bus_q_reg[173]/D
154  CDC-15  Warning   Clock enable controlled CDC structure detected              0  Asynch Clock Groups  u_eth/u_lm/lm_bus_reg[174]/C         u_lm_axi/bus_q_reg[174]/D
155  CDC-15  Warning   Clock enable controlled CDC structure detected              0  Asynch Clock Groups  u_eth/u_lm/lm_bus_reg[175]/C         u_lm_axi/bus_q_reg[175]/D
156  CDC-15  Warning   Clock enable controlled CDC structure detected              0  Asynch Clock Groups  u_eth/u_lm/lm_bus_reg[176]/C         u_lm_axi/bus_q_reg[176]/D
157  CDC-15  Warning   Clock enable controlled CDC structure detected              0  Asynch Clock Groups  u_eth/u_lm/lm_bus_reg[177]/C         u_lm_axi/bus_q_reg[177]/D
158  CDC-15  Warning   Clock enable controlled CDC structure detected              0  Asynch Clock Groups  u_eth/u_lm/lm_bus_reg[178]/C         u_lm_axi/bus_q_reg[178]/D
159  CDC-15  Warning   Clock enable controlled CDC structure detected              0  Asynch Clock Groups  u_eth/u_lm/lm_bus_reg[179]/C         u_lm_axi/bus_q_reg[179]/D
160  CDC-15  Warning   Clock enable controlled CDC structure detected              0  Asynch Clock Groups  u_eth/u_lm/lm_bus_reg[180]/C         u_lm_axi/bus_q_reg[180]/D
161  CDC-15  Warning   Clock enable controlled CDC structure detected              0  Asynch Clock Groups  u_eth/u_lm/lm_bus_reg[181]/C         u_lm_axi/bus_q_reg[181]/D
162  CDC-15  Warning   Clock enable controlled CDC structure detected              0  Asynch Clock Groups  u_eth/u_lm/lm_bus_reg[182]/C         u_lm_axi/bus_q_reg[182]/D
163  CDC-15  Warning   Clock enable controlled CDC structure detected              0  Asynch Clock Groups  u_eth/u_lm/lm_bus_reg[183]/C         u_lm_axi/bus_q_reg[183]/D
164  CDC-15  Warning   Clock enable controlled CDC structure detected              0  Asynch Clock Groups  u_eth/u_lm/lm_bus_reg[184]/C         u_lm_axi/bus_q_reg[184]/D
165  CDC-15  Warning   Clock enable controlled CDC structure detected              0  Asynch Clock Groups  u_eth/u_lm/lm_bus_reg[185]/C         u_lm_axi/bus_q_reg[185]/D
166  CDC-15  Warning   Clock enable controlled CDC structure detected              0  Asynch Clock Groups  u_eth/u_lm/lm_bus_reg[186]/C         u_lm_axi/bus_q_reg[186]/D
167  CDC-15  Warning   Clock enable controlled CDC structure detected              0  Asynch Clock Groups  u_eth/u_lm/lm_bus_reg[187]/C         u_lm_axi/bus_q_reg[187]/D
168  CDC-15  Warning   Clock enable controlled CDC structure detected              0  Asynch Clock Groups  u_eth/u_lm/lm_bus_reg[188]/C         u_lm_axi/bus_q_reg[188]/D
169  CDC-15  Warning   Clock enable controlled CDC structure detected              0  Asynch Clock Groups  u_eth/u_lm/lm_bus_reg[189]/C         u_lm_axi/bus_q_reg[189]/D
170  CDC-15  Warning   Clock enable controlled CDC structure detected              0  Asynch Clock Groups  u_eth/u_lm/lm_bus_reg[190]/C         u_lm_axi/bus_q_reg[190]/D
171  CDC-15  Warning   Clock enable controlled CDC structure detected              0  Asynch Clock Groups  u_eth/u_lm/lm_bus_reg[191]/C         u_lm_axi/bus_q_reg[191]/D
172  CDC-15  Warning   Clock enable controlled CDC structure detected              0  Asynch Clock Groups  u_eth/u_lm/lm_bus_reg[192]/C         u_lm_axi/bus_q_reg[192]/D
173  CDC-15  Warning   Clock enable controlled CDC structure detected              0  Asynch Clock Groups  u_eth/u_lm/lm_bus_reg[193]/C         u_lm_axi/bus_q_reg[193]/D
174  CDC-15  Warning   Clock enable controlled CDC structure detected              0  Asynch Clock Groups  u_eth/u_lm/lm_bus_reg[194]/C         u_lm_axi/bus_q_reg[194]/D
175  CDC-15  Warning   Clock enable controlled CDC structure detected              0  Asynch Clock Groups  u_eth/u_lm/lm_bus_reg[195]/C         u_lm_axi/bus_q_reg[195]/D
176  CDC-15  Warning   Clock enable controlled CDC structure detected              0  Asynch Clock Groups  u_eth/u_lm/lm_bus_reg[196]/C         u_lm_axi/bus_q_reg[196]/D
177  CDC-15  Warning   Clock enable controlled CDC structure detected              0  Asynch Clock Groups  u_eth/u_lm/lm_bus_reg[197]/C         u_lm_axi/bus_q_reg[197]/D
178  CDC-15  Warning   Clock enable controlled CDC structure detected              0  Asynch Clock Groups  u_eth/u_lm/lm_bus_reg[198]/C         u_lm_axi/bus_q_reg[198]/D
179  CDC-15  Warning   Clock enable controlled CDC structure detected              0  Asynch Clock Groups  u_eth/u_lm/lm_bus_reg[199]/C         u_lm_axi/bus_q_reg[199]/D
180  CDC-15  Warning   Clock enable controlled CDC structure detected              0  Asynch Clock Groups  u_eth/u_lm/lm_bus_reg[200]/C         u_lm_axi/bus_q_reg[200]/D
181  CDC-15  Warning   Clock enable controlled CDC structure detected              0  Asynch Clock Groups  u_eth/u_lm/lm_bus_reg[201]/C         u_lm_axi/bus_q_reg[201]/D
182  CDC-15  Warning   Clock enable controlled CDC structure detected              0  Asynch Clock Groups  u_eth/u_lm/lm_bus_reg[202]/C         u_lm_axi/bus_q_reg[202]/D
183  CDC-15  Warning   Clock enable controlled CDC structure detected              0  Asynch Clock Groups  u_eth/u_lm/lm_bus_reg[203]/C         u_lm_axi/bus_q_reg[203]/D
184  CDC-15  Warning   Clock enable controlled CDC structure detected              0  Asynch Clock Groups  u_eth/u_lm/lm_bus_reg[204]/C         u_lm_axi/bus_q_reg[204]/D
185  CDC-15  Warning   Clock enable controlled CDC structure detected              0  Asynch Clock Groups  u_eth/u_lm/lm_bus_reg[205]/C         u_lm_axi/bus_q_reg[205]/D
186  CDC-15  Warning   Clock enable controlled CDC structure detected              0  Asynch Clock Groups  u_eth/u_lm/lm_bus_reg[206]/C         u_lm_axi/bus_q_reg[206]/D
187  CDC-15  Warning   Clock enable controlled CDC structure detected              0  Asynch Clock Groups  u_eth/u_lm/lm_bus_reg[207]/C         u_lm_axi/bus_q_reg[207]/D
188  CDC-15  Warning   Clock enable controlled CDC structure detected              0  Asynch Clock Groups  u_eth/u_lm/lm_bus_reg[224]/C         u_lm_axi/bus_q_reg[224]/D
189  CDC-15  Warning   Clock enable controlled CDC structure detected              0  Asynch Clock Groups  u_eth/u_lm/lm_bus_reg[225]/C         u_lm_axi/bus_q_reg[225]/D
190  CDC-15  Warning   Clock enable controlled CDC structure detected              0  Asynch Clock Groups  u_eth/u_lm/lm_bus_reg[226]/C         u_lm_axi/bus_q_reg[226]/D
191  CDC-15  Warning   Clock enable controlled CDC structure detected              0  Asynch Clock Groups  u_eth/u_lm/lm_bus_reg[227]/C         u_lm_axi/bus_q_reg[227]/D
192  CDC-15  Warning   Clock enable controlled CDC structure detected              0  Asynch Clock Groups  u_eth/u_lm/lm_bus_reg[228]/C         u_lm_axi/bus_q_reg[228]/D
193  CDC-15  Warning   Clock enable controlled CDC structure detected              0  Asynch Clock Groups  u_eth/u_lm/lm_bus_reg[256]/C         u_lm_axi/bus_q_reg[256]/D
194  CDC-15  Warning   Clock enable controlled CDC structure detected              0  Asynch Clock Groups  u_eth/u_lm/lm_bus_reg[257]/C         u_lm_axi/bus_q_reg[257]/D
195  CDC-15  Warning   Clock enable controlled CDC structure detected              0  Asynch Clock Groups  u_eth/u_lm/lm_bus_reg[258]/C         u_lm_axi/bus_q_reg[258]/D
196  CDC-15  Warning   Clock enable controlled CDC structure detected              0  Asynch Clock Groups  u_eth/u_lm/lm_bus_reg[259]/C         u_lm_axi/bus_q_reg[259]/D
197  CDC-15  Warning   Clock enable controlled CDC structure detected              0  Asynch Clock Groups  u_eth/u_lm/lm_bus_reg[260]/C         u_lm_axi/bus_q_reg[260]/D
198  CDC-15  Warning   Clock enable controlled CDC structure detected              0  Asynch Clock Groups  u_eth/u_lm/lm_bus_reg[261]/C         u_lm_axi/bus_q_reg[261]/D
199  CDC-15  Warning   Clock enable controlled CDC structure detected              0  Asynch Clock Groups  u_eth/u_lm/lm_bus_reg[262]/C         u_lm_axi/bus_q_reg[262]/D
200  CDC-15  Warning   Clock enable controlled CDC structure detected              0  Asynch Clock Groups  u_eth/u_lm/lm_bus_reg[263]/C         u_lm_axi/bus_q_reg[263]/D
201  CDC-15  Warning   Clock enable controlled CDC structure detected              0  Asynch Clock Groups  u_eth/u_lm/lm_bus_reg[264]/C         u_lm_axi/bus_q_reg[264]/D
202  CDC-15  Warning   Clock enable controlled CDC structure detected              0  Asynch Clock Groups  u_eth/u_lm/lm_bus_reg[265]/C         u_lm_axi/bus_q_reg[265]/D
203  CDC-15  Warning   Clock enable controlled CDC structure detected              0  Asynch Clock Groups  u_eth/u_lm/lm_bus_reg[266]/C         u_lm_axi/bus_q_reg[266]/D
204  CDC-15  Warning   Clock enable controlled CDC structure detected              0  Asynch Clock Groups  u_eth/u_lm/lm_bus_reg[267]/C         u_lm_axi/bus_q_reg[267]/D
205  CDC-15  Warning   Clock enable controlled CDC structure detected              0  Asynch Clock Groups  u_eth/u_lm/lm_bus_reg[268]/C         u_lm_axi/bus_q_reg[268]/D
206  CDC-15  Warning   Clock enable controlled CDC structure detected              0  Asynch Clock Groups  u_eth/u_lm/lm_bus_reg[269]/C         u_lm_axi/bus_q_reg[269]/D
207  CDC-15  Warning   Clock enable controlled CDC structure detected              0  Asynch Clock Groups  u_eth/u_lm/lm_bus_reg[270]/C         u_lm_axi/bus_q_reg[270]/D
208  CDC-15  Warning   Clock enable controlled CDC structure detected              0  Asynch Clock Groups  u_eth/u_lm/lm_bus_reg[271]/C         u_lm_axi/bus_q_reg[271]/D
209  CDC-15  Warning   Clock enable controlled CDC structure detected              0  Asynch Clock Groups  u_eth/u_lm/lm_bus_reg[272]/C         u_lm_axi/bus_q_reg[272]/D
210  CDC-15  Warning   Clock enable controlled CDC structure detected              0  Asynch Clock Groups  u_eth/u_lm/lm_bus_reg[273]/C         u_lm_axi/bus_q_reg[273]/D
211  CDC-15  Warning   Clock enable controlled CDC structure detected              0  Asynch Clock Groups  u_eth/u_lm/lm_bus_reg[274]/C         u_lm_axi/bus_q_reg[274]/D
212  CDC-15  Warning   Clock enable controlled CDC structure detected              0  Asynch Clock Groups  u_eth/u_lm/lm_bus_reg[275]/C         u_lm_axi/bus_q_reg[275]/D
213  CDC-15  Warning   Clock enable controlled CDC structure detected              0  Asynch Clock Groups  u_eth/u_lm/lm_bus_reg[276]/C         u_lm_axi/bus_q_reg[276]/D
214  CDC-15  Warning   Clock enable controlled CDC structure detected              0  Asynch Clock Groups  u_eth/u_lm/lm_bus_reg[277]/C         u_lm_axi/bus_q_reg[277]/D
215  CDC-15  Warning   Clock enable controlled CDC structure detected              0  Asynch Clock Groups  u_eth/u_lm/lm_bus_reg[278]/C         u_lm_axi/bus_q_reg[278]/D
216  CDC-15  Warning   Clock enable controlled CDC structure detected              0  Asynch Clock Groups  u_eth/u_lm/lm_bus_reg[279]/C         u_lm_axi/bus_q_reg[279]/D
217  CDC-15  Warning   Clock enable controlled CDC structure detected              0  Asynch Clock Groups  u_eth/u_lm/lm_bus_reg[280]/C         u_lm_axi/bus_q_reg[280]/D
218  CDC-15  Warning   Clock enable controlled CDC structure detected              0  Asynch Clock Groups  u_eth/u_lm/lm_bus_reg[281]/C         u_lm_axi/bus_q_reg[281]/D
219  CDC-15  Warning   Clock enable controlled CDC structure detected              0  Asynch Clock Groups  u_eth/u_lm/lm_bus_reg[282]/C         u_lm_axi/bus_q_reg[282]/D
220  CDC-15  Warning   Clock enable controlled CDC structure detected              0  Asynch Clock Groups  u_eth/u_lm/lm_bus_reg[283]/C         u_lm_axi/bus_q_reg[283]/D
221  CDC-15  Warning   Clock enable controlled CDC structure detected              0  Asynch Clock Groups  u_eth/u_lm/lm_bus_reg[284]/C         u_lm_axi/bus_q_reg[284]/D
222  CDC-15  Warning   Clock enable controlled CDC structure detected              0  Asynch Clock Groups  u_eth/u_lm/lm_bus_reg[285]/C         u_lm_axi/bus_q_reg[285]/D
223  CDC-15  Warning   Clock enable controlled CDC structure detected              0  Asynch Clock Groups  u_eth/u_lm/lm_bus_reg[286]/C         u_lm_axi/bus_q_reg[286]/D
224  CDC-15  Warning   Clock enable controlled CDC structure detected              0  Asynch Clock Groups  u_eth/u_lm/lm_bus_reg[287]/C         u_lm_axi/bus_q_reg[287]/D
225  CDC-15  Warning   Clock enable controlled CDC structure detected              0  Asynch Clock Groups  u_eth/u_lm/lm_bus_reg[288]/C         u_lm_axi/bus_q_reg[288]/D
226  CDC-15  Warning   Clock enable controlled CDC structure detected              0  Asynch Clock Groups  u_eth/u_lm/lm_bus_reg[289]/C         u_lm_axi/bus_q_reg[289]/D
227  CDC-15  Warning   Clock enable controlled CDC structure detected              0  Asynch Clock Groups  u_eth/u_lm/lm_bus_reg[290]/C         u_lm_axi/bus_q_reg[290]/D
228  CDC-15  Warning   Clock enable controlled CDC structure detected              0  Asynch Clock Groups  u_eth/u_lm/lm_bus_reg[291]/C         u_lm_axi/bus_q_reg[291]/D
229  CDC-15  Warning   Clock enable controlled CDC structure detected              0  Asynch Clock Groups  u_eth/u_lm/lm_bus_reg[292]/C         u_lm_axi/bus_q_reg[292]/D
230  CDC-15  Warning   Clock enable controlled CDC structure detected              0  Asynch Clock Groups  u_eth/u_lm/lm_bus_reg[293]/C         u_lm_axi/bus_q_reg[293]/D
231  CDC-15  Warning   Clock enable controlled CDC structure detected              0  Asynch Clock Groups  u_eth/u_lm/lm_bus_reg[294]/C         u_lm_axi/bus_q_reg[294]/D
232  CDC-15  Warning   Clock enable controlled CDC structure detected              0  Asynch Clock Groups  u_eth/u_lm/lm_bus_reg[295]/C         u_lm_axi/bus_q_reg[295]/D
233  CDC-15  Warning   Clock enable controlled CDC structure detected              0  Asynch Clock Groups  u_eth/u_lm/lm_bus_reg[296]/C         u_lm_axi/bus_q_reg[296]/D
234  CDC-15  Warning   Clock enable controlled CDC structure detected              0  Asynch Clock Groups  u_eth/u_lm/lm_bus_reg[297]/C         u_lm_axi/bus_q_reg[297]/D
235  CDC-15  Warning   Clock enable controlled CDC structure detected              0  Asynch Clock Groups  u_eth/u_lm/lm_bus_reg[298]/C         u_lm_axi/bus_q_reg[298]/D
236  CDC-15  Warning   Clock enable controlled CDC structure detected              0  Asynch Clock Groups  u_eth/u_lm/lm_bus_reg[299]/C         u_lm_axi/bus_q_reg[299]/D
237  CDC-15  Warning   Clock enable controlled CDC structure detected              0  Asynch Clock Groups  u_eth/u_lm/lm_bus_reg[300]/C         u_lm_axi/bus_q_reg[300]/D
238  CDC-15  Warning   Clock enable controlled CDC structure detected              0  Asynch Clock Groups  u_eth/u_lm/lm_bus_reg[301]/C         u_lm_axi/bus_q_reg[301]/D
239  CDC-15  Warning   Clock enable controlled CDC structure detected              0  Asynch Clock Groups  u_eth/u_lm/lm_bus_reg[302]/C         u_lm_axi/bus_q_reg[302]/D
240  CDC-15  Warning   Clock enable controlled CDC structure detected              0  Asynch Clock Groups  u_eth/u_lm/lm_bus_reg[303]/C         u_lm_axi/bus_q_reg[303]/D
241  CDC-15  Warning   Clock enable controlled CDC structure detected              0  Asynch Clock Groups  u_eth/u_lm/lm_bus_reg[304]/C         u_lm_axi/bus_q_reg[304]/D
242  CDC-15  Warning   Clock enable controlled CDC structure detected              0  Asynch Clock Groups  u_eth/u_lm/lm_bus_reg[305]/C         u_lm_axi/bus_q_reg[305]/D
243  CDC-15  Warning   Clock enable controlled CDC structure detected              0  Asynch Clock Groups  u_eth/u_lm/lm_bus_reg[306]/C         u_lm_axi/bus_q_reg[306]/D
244  CDC-15  Warning   Clock enable controlled CDC structure detected              0  Asynch Clock Groups  u_eth/u_lm/lm_bus_reg[307]/C         u_lm_axi/bus_q_reg[307]/D
245  CDC-15  Warning   Clock enable controlled CDC structure detected              0  Asynch Clock Groups  u_eth/u_lm/lm_bus_reg[308]/C         u_lm_axi/bus_q_reg[308]/D
246  CDC-15  Warning   Clock enable controlled CDC structure detected              0  Asynch Clock Groups  u_eth/u_lm/lm_bus_reg[309]/C         u_lm_axi/bus_q_reg[309]/D
247  CDC-15  Warning   Clock enable controlled CDC structure detected              0  Asynch Clock Groups  u_eth/u_lm/lm_bus_reg[310]/C         u_lm_axi/bus_q_reg[310]/D
248  CDC-15  Warning   Clock enable controlled CDC structure detected              0  Asynch Clock Groups  u_eth/u_lm/lm_bus_reg[311]/C         u_lm_axi/bus_q_reg[311]/D
249  CDC-15  Warning   Clock enable controlled CDC structure detected              0  Asynch Clock Groups  u_eth/u_lm/lm_bus_reg[312]/C         u_lm_axi/bus_q_reg[312]/D
250  CDC-15  Warning   Clock enable controlled CDC structure detected              0  Asynch Clock Groups  u_eth/u_lm/lm_bus_reg[313]/C         u_lm_axi/bus_q_reg[313]/D
251  CDC-15  Warning   Clock enable controlled CDC structure detected              0  Asynch Clock Groups  u_eth/u_lm/lm_bus_reg[314]/C         u_lm_axi/bus_q_reg[314]/D
252  CDC-15  Warning   Clock enable controlled CDC structure detected              0  Asynch Clock Groups  u_eth/u_lm/lm_bus_reg[315]/C         u_lm_axi/bus_q_reg[315]/D
253  CDC-15  Warning   Clock enable controlled CDC structure detected              0  Asynch Clock Groups  u_eth/u_lm/lm_bus_reg[316]/C         u_lm_axi/bus_q_reg[316]/D
254  CDC-15  Warning   Clock enable controlled CDC structure detected              0  Asynch Clock Groups  u_eth/u_lm/lm_bus_reg[317]/C         u_lm_axi/bus_q_reg[317]/D
255  CDC-15  Warning   Clock enable controlled CDC structure detected              0  Asynch Clock Groups  u_eth/u_lm/lm_bus_reg[318]/C         u_lm_axi/bus_q_reg[318]/D
256  CDC-15  Warning   Clock enable controlled CDC structure detected              0  Asynch Clock Groups  u_eth/u_lm/lm_bus_reg[319]/C         u_lm_axi/bus_q_reg[319]/D
257  CDC-3   Info      1-bit synchronized with ASYNC_REG property                  2  Asynch Clock Groups  u_eth/u_lm/lm_hb_reg/C               u_lm_axi/hs_reg[0]/D
258  CDC-3   Info      1-bit synchronized with ASYNC_REG property                  2  Asynch Clock Groups  u_eth/u_lm/lm_bus_tog_reg/C          u_lm_axi/ts_reg[0]/D

Source Clock: clk_fpga_0
Destination Clock: clkout0_1
CDC Type: No Common Primary Clock

Row  ID      Severity  Description                                         Depth  Exception            Source (From)                                                               Destination (To)
---  ------  --------  --------------------------------------------------  -----  -------------------  --------------------------------------------------------------------------  ---------------------------
  1  CDC-10  Critical  Combinational logic detected before a synchronizer      2  Asynch Clock Groups  u_pl/u_cmt/d1_reg/C                                                         u_pl/ac0_reg/D
  2  CDC-3   Info      1-bit synchronized with ASYNC_REG property              3  Asynch Clock Groups  u_pl/u_arb/owner_eth_reg/C                                                  u_pl/op0_reg/D
  3  CDC-3   Info      1-bit synchronized with ASYNC_REG property              3  Asynch Clock Groups  u_bd/design_1_i/axi_gpio_0/U0/gpio_core_1/Not_Dual.gpio_Data_Out_reg[15]/C  u_pl/ss0_reg/D
  4  CDC-3   Info      1-bit synchronized with ASYNC_REG property              3  Asynch Clock Groups  u_bd/design_1_i/axi_gpio_0/U0/gpio_core_1/Not_Dual.gpio_Data_Out_reg[31]/C  u_pl/u_eff/en_meta_reg[0]/D
  5  CDC-3   Info      1-bit synchronized with ASYNC_REG property              3  Asynch Clock Groups  u_bd/design_1_i/axi_gpio_0/U0/gpio_core_1/Not_Dual.gpio_Data_Out_reg[30]/C  u_pl/u_eff/en_meta_reg[1]/D
  6  CDC-3   Info      1-bit synchronized with ASYNC_REG property              3  Asynch Clock Groups  u_bd/design_1_i/axi_gpio_0/U0/gpio_core_1/Not_Dual.gpio_Data_Out_reg[29]/C  u_pl/u_eff/en_meta_reg[2]/D
  7  CDC-3   Info      1-bit synchronized with ASYNC_REG property              3  Asynch Clock Groups  u_bd/design_1_i/axi_gpio_0/U0/gpio_core_1/Not_Dual.gpio_Data_Out_reg[28]/C  u_pl/u_eff/en_meta_reg[3]/D
  8  CDC-3   Info      1-bit synchronized with ASYNC_REG property              3  Asynch Clock Groups  u_bd/design_1_i/axi_gpio_0/U0/gpio_core_1/Not_Dual.gpio_Data_Out_reg[27]/C  u_pl/u_eff/en_meta_reg[4]/D
  9  CDC-3   Info      1-bit synchronized with ASYNC_REG property              3  Asynch Clock Groups  u_bd/design_1_i/axi_gpio_0/U0/gpio_core_1/Not_Dual.gpio_Data_Out_reg[23]/C  u_pl/u_eff/th_meta_reg[0]/D
 10  CDC-3   Info      1-bit synchronized with ASYNC_REG property              3  Asynch Clock Groups  u_bd/design_1_i/axi_gpio_0/U0/gpio_core_1/Not_Dual.gpio_Data_Out_reg[22]/C  u_pl/u_eff/th_meta_reg[1]/D
 11  CDC-3   Info      1-bit synchronized with ASYNC_REG property              3  Asynch Clock Groups  u_bd/design_1_i/axi_gpio_0/U0/gpio_core_1/Not_Dual.gpio_Data_Out_reg[21]/C  u_pl/u_eff/th_meta_reg[2]/D
 12  CDC-3   Info      1-bit synchronized with ASYNC_REG property              3  Asynch Clock Groups  u_bd/design_1_i/axi_gpio_0/U0/gpio_core_1/Not_Dual.gpio_Data_Out_reg[20]/C  u_pl/u_eff/th_meta_reg[3]/D
 13  CDC-3   Info      1-bit synchronized with ASYNC_REG property              3  Asynch Clock Groups  u_bd/design_1_i/axi_gpio_0/U0/gpio_core_1/Not_Dual.gpio_Data_Out_reg[19]/C  u_pl/u_eff/th_meta_reg[4]/D
 14  CDC-3   Info      1-bit synchronized with ASYNC_REG property              3  Asynch Clock Groups  u_bd/design_1_i/axi_gpio_0/U0/gpio_core_1/Not_Dual.gpio_Data_Out_reg[18]/C  u_pl/u_eff/th_meta_reg[5]/D
 15  CDC-3   Info      1-bit synchronized with ASYNC_REG property              3  Asynch Clock Groups  u_bd/design_1_i/axi_gpio_0/U0/gpio_core_1/Not_Dual.gpio_Data_Out_reg[17]/C  u_pl/u_eff/th_meta_reg[6]/D
 16  CDC-3   Info      1-bit synchronized with ASYNC_REG property              3  Asynch Clock Groups  u_bd/design_1_i/axi_gpio_0/U0/gpio_core_1/Not_Dual.gpio_Data_Out_reg[16]/C  u_pl/u_eff/th_meta_reg[7]/D
 17  CDC-3   Info      1-bit synchronized with ASYNC_REG property              2  Asynch Clock Groups  u_bd/design_1_i/axi_gpio_0/U0/gpio_core_1/Not_Dual.gpio_Data_Out_reg[13]/C  u_pl/u_pub/m0_reg/D
 18  CDC-3   Info      1-bit synchronized with ASYNC_REG property              3  Asynch Clock Groups  u_bd/design_1_i/axi_gpio_0/U0/gpio_core_1/Not_Dual.gpio_Data_Out_reg[14]/C  u_pl/ze0_reg/D

Source Clock: eth_rxc
Destination Clock: clkout0_1
CDC Type: No Common Primary Clock

Row  ID      Severity  Description                                         Depth  Exception            Source (From)                      Destination (To)
---  ------  --------  --------------------------------------------------  -----  -------------------  ---------------------------------  ---------------------------
  1  CDC-10  Critical  Combinational logic detected before a synchronizer      3  Asynch Clock Groups  u_eth/u_reasm/stat_pkts_reg[15]/C  u_pl/el0_reg/D
  2  CDC-15  Warning   Clock enable controlled CDC structure detected          0  Asynch Clock Groups  u_eth/u_lm/lm_bus_reg[0]/C         u_pl/u_lm_x/bus_q_reg[0]/D
  3  CDC-15  Warning   Clock enable controlled CDC structure detected          0  Asynch Clock Groups  u_eth/u_lm/lm_bus_reg[1]/C         u_pl/u_lm_x/bus_q_reg[1]/D
  4  CDC-15  Warning   Clock enable controlled CDC structure detected          0  Asynch Clock Groups  u_eth/u_lm/lm_bus_reg[2]/C         u_pl/u_lm_x/bus_q_reg[2]/D
  5  CDC-15  Warning   Clock enable controlled CDC structure detected          0  Asynch Clock Groups  u_eth/u_lm/lm_bus_reg[3]/C         u_pl/u_lm_x/bus_q_reg[3]/D
  6  CDC-15  Warning   Clock enable controlled CDC structure detected          0  Asynch Clock Groups  u_eth/u_lm/lm_bus_reg[4]/C         u_pl/u_lm_x/bus_q_reg[4]/D
  7  CDC-15  Warning   Clock enable controlled CDC structure detected          0  Asynch Clock Groups  u_eth/u_lm/lm_bus_reg[5]/C         u_pl/u_lm_x/bus_q_reg[5]/D
  8  CDC-15  Warning   Clock enable controlled CDC structure detected          0  Asynch Clock Groups  u_eth/u_lm/lm_bus_reg[6]/C         u_pl/u_lm_x/bus_q_reg[6]/D
  9  CDC-15  Warning   Clock enable controlled CDC structure detected          0  Asynch Clock Groups  u_eth/u_lm/lm_bus_reg[7]/C         u_pl/u_lm_x/bus_q_reg[7]/D
 10  CDC-15  Warning   Clock enable controlled CDC structure detected          0  Asynch Clock Groups  u_eth/u_lm/lm_bus_reg[8]/C         u_pl/u_lm_x/bus_q_reg[8]/D
 11  CDC-15  Warning   Clock enable controlled CDC structure detected          0  Asynch Clock Groups  u_eth/u_lm/lm_bus_reg[9]/C         u_pl/u_lm_x/bus_q_reg[9]/D
 12  CDC-15  Warning   Clock enable controlled CDC structure detected          0  Asynch Clock Groups  u_eth/u_lm/lm_bus_reg[10]/C        u_pl/u_lm_x/bus_q_reg[10]/D
 13  CDC-15  Warning   Clock enable controlled CDC structure detected          0  Asynch Clock Groups  u_eth/u_lm/lm_bus_reg[11]/C        u_pl/u_lm_x/bus_q_reg[11]/D
 14  CDC-15  Warning   Clock enable controlled CDC structure detected          0  Asynch Clock Groups  u_eth/u_lm/lm_bus_reg[12]/C        u_pl/u_lm_x/bus_q_reg[12]/D
 15  CDC-15  Warning   Clock enable controlled CDC structure detected          0  Asynch Clock Groups  u_eth/u_lm/lm_bus_reg[13]/C        u_pl/u_lm_x/bus_q_reg[13]/D
 16  CDC-15  Warning   Clock enable controlled CDC structure detected          0  Asynch Clock Groups  u_eth/u_lm/lm_bus_reg[14]/C        u_pl/u_lm_x/bus_q_reg[14]/D
 17  CDC-15  Warning   Clock enable controlled CDC structure detected          0  Asynch Clock Groups  u_eth/u_lm/lm_bus_reg[15]/C        u_pl/u_lm_x/bus_q_reg[15]/D
 18  CDC-15  Warning   Clock enable controlled CDC structure detected          0  Asynch Clock Groups  u_eth/u_lm/lm_bus_reg[16]/C        u_pl/u_lm_x/bus_q_reg[16]/D
 19  CDC-15  Warning   Clock enable controlled CDC structure detected          0  Asynch Clock Groups  u_eth/u_lm/lm_bus_reg[17]/C        u_pl/u_lm_x/bus_q_reg[17]/D
 20  CDC-15  Warning   Clock enable controlled CDC structure detected          0  Asynch Clock Groups  u_eth/u_lm/lm_bus_reg[18]/C        u_pl/u_lm_x/bus_q_reg[18]/D
 21  CDC-15  Warning   Clock enable controlled CDC structure detected          0  Asynch Clock Groups  u_eth/u_lm/lm_bus_reg[19]/C        u_pl/u_lm_x/bus_q_reg[19]/D
 22  CDC-15  Warning   Clock enable controlled CDC structure detected          0  Asynch Clock Groups  u_eth/u_lm/lm_bus_reg[20]/C        u_pl/u_lm_x/bus_q_reg[20]/D
 23  CDC-15  Warning   Clock enable controlled CDC structure detected          0  Asynch Clock Groups  u_eth/u_lm/lm_bus_reg[21]/C        u_pl/u_lm_x/bus_q_reg[21]/D
 24  CDC-15  Warning   Clock enable controlled CDC structure detected          0  Asynch Clock Groups  u_eth/u_lm/lm_bus_reg[22]/C        u_pl/u_lm_x/bus_q_reg[22]/D
 25  CDC-15  Warning   Clock enable controlled CDC structure detected          0  Asynch Clock Groups  u_eth/u_lm/lm_bus_reg[23]/C        u_pl/u_lm_x/bus_q_reg[23]/D
 26  CDC-15  Warning   Clock enable controlled CDC structure detected          0  Asynch Clock Groups  u_eth/u_lm/lm_bus_reg[24]/C        u_pl/u_lm_x/bus_q_reg[24]/D
 27  CDC-15  Warning   Clock enable controlled CDC structure detected          0  Asynch Clock Groups  u_eth/u_lm/lm_bus_reg[25]/C        u_pl/u_lm_x/bus_q_reg[25]/D
 28  CDC-15  Warning   Clock enable controlled CDC structure detected          0  Asynch Clock Groups  u_eth/u_lm/lm_bus_reg[26]/C        u_pl/u_lm_x/bus_q_reg[26]/D
 29  CDC-15  Warning   Clock enable controlled CDC structure detected          0  Asynch Clock Groups  u_eth/u_lm/lm_bus_reg[27]/C        u_pl/u_lm_x/bus_q_reg[27]/D
 30  CDC-15  Warning   Clock enable controlled CDC structure detected          0  Asynch Clock Groups  u_eth/u_lm/lm_bus_reg[28]/C        u_pl/u_lm_x/bus_q_reg[28]/D
 31  CDC-15  Warning   Clock enable controlled CDC structure detected          0  Asynch Clock Groups  u_eth/u_lm/lm_bus_reg[29]/C        u_pl/u_lm_x/bus_q_reg[29]/D
 32  CDC-15  Warning   Clock enable controlled CDC structure detected          0  Asynch Clock Groups  u_eth/u_lm/lm_bus_reg[30]/C        u_pl/u_lm_x/bus_q_reg[30]/D
 33  CDC-15  Warning   Clock enable controlled CDC structure detected          0  Asynch Clock Groups  u_eth/u_lm/lm_bus_reg[31]/C        u_pl/u_lm_x/bus_q_reg[31]/D
 34  CDC-15  Warning   Clock enable controlled CDC structure detected          0  Asynch Clock Groups  u_eth/u_lm/lm_bus_reg[64]/C        u_pl/u_lm_x/bus_q_reg[64]/D
 35  CDC-15  Warning   Clock enable controlled CDC structure detected          0  Asynch Clock Groups  u_eth/u_lm/lm_bus_reg[65]/C        u_pl/u_lm_x/bus_q_reg[65]/D
 36  CDC-15  Warning   Clock enable controlled CDC structure detected          0  Asynch Clock Groups  u_eth/u_lm/lm_bus_reg[66]/C        u_pl/u_lm_x/bus_q_reg[66]/D
 37  CDC-15  Warning   Clock enable controlled CDC structure detected          0  Asynch Clock Groups  u_eth/u_lm/lm_bus_reg[67]/C        u_pl/u_lm_x/bus_q_reg[67]/D
 38  CDC-15  Warning   Clock enable controlled CDC structure detected          0  Asynch Clock Groups  u_eth/u_lm/lm_bus_reg[68]/C        u_pl/u_lm_x/bus_q_reg[68]/D
 39  CDC-15  Warning   Clock enable controlled CDC structure detected          0  Asynch Clock Groups  u_eth/u_lm/lm_bus_reg[69]/C        u_pl/u_lm_x/bus_q_reg[69]/D
 40  CDC-15  Warning   Clock enable controlled CDC structure detected          0  Asynch Clock Groups  u_eth/u_lm/lm_bus_reg[70]/C        u_pl/u_lm_x/bus_q_reg[70]/D
 41  CDC-15  Warning   Clock enable controlled CDC structure detected          0  Asynch Clock Groups  u_eth/u_lm/lm_bus_reg[71]/C        u_pl/u_lm_x/bus_q_reg[71]/D
 42  CDC-15  Warning   Clock enable controlled CDC structure detected          0  Asynch Clock Groups  u_eth/u_lm/lm_bus_reg[72]/C        u_pl/u_lm_x/bus_q_reg[72]/D
 43  CDC-15  Warning   Clock enable controlled CDC structure detected          0  Asynch Clock Groups  u_eth/u_lm/lm_bus_reg[73]/C        u_pl/u_lm_x/bus_q_reg[73]/D
 44  CDC-15  Warning   Clock enable controlled CDC structure detected          0  Asynch Clock Groups  u_eth/u_lm/lm_bus_reg[74]/C        u_pl/u_lm_x/bus_q_reg[74]/D
 45  CDC-15  Warning   Clock enable controlled CDC structure detected          0  Asynch Clock Groups  u_eth/u_lm/lm_bus_reg[75]/C        u_pl/u_lm_x/bus_q_reg[75]/D
 46  CDC-15  Warning   Clock enable controlled CDC structure detected          0  Asynch Clock Groups  u_eth/u_lm/lm_bus_reg[76]/C        u_pl/u_lm_x/bus_q_reg[76]/D
 47  CDC-15  Warning   Clock enable controlled CDC structure detected          0  Asynch Clock Groups  u_eth/u_lm/lm_bus_reg[77]/C        u_pl/u_lm_x/bus_q_reg[77]/D
 48  CDC-15  Warning   Clock enable controlled CDC structure detected          0  Asynch Clock Groups  u_eth/u_lm/lm_bus_reg[78]/C        u_pl/u_lm_x/bus_q_reg[78]/D
 49  CDC-15  Warning   Clock enable controlled CDC structure detected          0  Asynch Clock Groups  u_eth/u_lm/lm_bus_reg[79]/C        u_pl/u_lm_x/bus_q_reg[79]/D
 50  CDC-3   Info      1-bit synchronized with ASYNC_REG property              2  Asynch Clock Groups  u_eth/u_lm/lm_hb_reg/C             u_pl/u_lm_x/hs_reg[0]/D
 51  CDC-3   Info      1-bit synchronized with ASYNC_REG property              2  Asynch Clock Groups  u_eth/u_lm/lm_bus_tog_reg/C        u_pl/u_lm_x/ts_reg[0]/D

Source Clock: clk_fpga_0
Destination Clock: eth_rxc
CDC Type: No Common Primary Clock

Row  ID     Severity  Description                                             Depth  Exception            Source (From)                                                              Destination (To)
---  -----  --------  ------------------------------------------------------  -----  -------------------  -------------------------------------------------------------------------  --------------------------------
  1  CDC-3  Info      1-bit synchronized with ASYNC_REG property                  3  Asynch Clock Groups  u_bd/design_1_i/axi_gpio_0/U0/gpio_core_1/Not_Dual.gpio_Data_Out_reg[5]/C  u_eth/gc0_reg/D
  2  CDC-5  Warning   Multi-bit synchronized with missing ASYNC_REG property      2  Asynch Clock Groups  u_eth/u_cdc/rgray_reg[13:0]/C                                              u_eth/u_cdc/rgray_s0_reg[13:0]/D

Source Clock: sys_clk
Destination Clock: eth_rxc
CDC Type: No Common Primary Clock

 Row  ID      Severity  Description                                     Depth  Exception            Source (From)          Destination (To)
----  ------  --------  ----------------------------------------------  -----  -------------------  ---------------------  ------------------------------------------------------
   1  CDC-7   Critical  Asynchronous reset unknown CDC circuitry            0  Asynch Clock Groups  phy_rst_cnt_reg[23]/C  u_eth/flush_pend_reg/CLR
   2  CDC-15  Warning   Clock enable controlled CDC structure detected      0  Asynch Clock Groups  phy_rst_cnt_reg[23]/C  u_eth/icmp_dly_reg[0]/CLR
   3  CDC-15  Warning   Clock enable controlled CDC structure detected      0  Asynch Clock Groups  phy_rst_cnt_reg[23]/C  u_eth/icmp_dly_reg[1]/CLR
   4  CDC-15  Warning   Clock enable controlled CDC structure detected      0  Asynch Clock Groups  phy_rst_cnt_reg[23]/C  u_eth/icmp_dly_reg[2]/CLR
   5  CDC-15  Warning   Clock enable controlled CDC structure detected      0  Asynch Clock Groups  phy_rst_cnt_reg[23]/C  u_eth/icmp_dly_reg[3]/CLR
   6  CDC-15  Warning   Clock enable controlled CDC structure detected      0  Asynch Clock Groups  phy_rst_cnt_reg[23]/C  u_eth/icmp_dly_reg[4]/CLR
   7  CDC-15  Warning   Clock enable controlled CDC structure detected      0  Asynch Clock Groups  phy_rst_cnt_reg[23]/C  u_eth/icmp_dly_reg[5]/CLR
   8  CDC-7   Critical  Asynchronous reset unknown CDC circuitry            0  Asynch Clock Groups  phy_rst_cnt_reg[23]/C  u_eth/icmp_tx_start_en_reg/CLR
   9  CDC-7   Critical  Asynchronous reset unknown CDC circuitry            0  Asynch Clock Groups  phy_rst_cnt_reg[23]/C  u_eth/u_arp/u_arp_rx/FSM_onehot_cur_state_reg[0]/PRE
  10  CDC-7   Critical  Asynchronous reset unknown CDC circuitry            0  Asynch Clock Groups  phy_rst_cnt_reg[23]/C  u_eth/u_arp/u_arp_rx/FSM_onehot_cur_state_reg[1]/CLR
  11  CDC-7   Critical  Asynchronous reset unknown CDC circuitry            0  Asynch Clock Groups  phy_rst_cnt_reg[23]/C  u_eth/u_arp/u_arp_rx/FSM_onehot_cur_state_reg[2]/CLR
  12  CDC-7   Critical  Asynchronous reset unknown CDC circuitry            0  Asynch Clock Groups  phy_rst_cnt_reg[23]/C  u_eth/u_arp/u_arp_rx/FSM_onehot_cur_state_reg[3]/CLR
  13  CDC-7   Critical  Asynchronous reset unknown CDC circuitry            0  Asynch Clock Groups  phy_rst_cnt_reg[23]/C  u_eth/u_arp/u_arp_rx/FSM_onehot_cur_state_reg[4]/CLR
  14  CDC-7   Critical  Asynchronous reset unknown CDC circuitry            0  Asynch Clock Groups  phy_rst_cnt_reg[23]/C  u_eth/u_arp/u_arp_rx/arp_rx_done_reg/CLR
  15  CDC-7   Critical  Asynchronous reset unknown CDC circuitry            0  Asynch Clock Groups  phy_rst_cnt_reg[23]/C  u_eth/u_arp/u_arp_rx/arp_rx_type_reg/CLR
  16  CDC-15  Warning   Clock enable controlled CDC structure detected      0  Asynch Clock Groups  phy_rst_cnt_reg[23]/C  u_eth/u_arp/u_arp_rx/cnt_reg[0]/CLR
  17  CDC-15  Warning   Clock enable controlled CDC structure detected      0  Asynch Clock Groups  phy_rst_cnt_reg[23]/C  u_eth/u_arp/u_arp_rx/cnt_reg[1]/CLR
  18  CDC-15  Warning   Clock enable controlled CDC structure detected      0  Asynch Clock Groups  phy_rst_cnt_reg[23]/C  u_eth/u_arp/u_arp_rx/cnt_reg[2]/CLR
  19  CDC-15  Warning   Clock enable controlled CDC structure detected      0  Asynch Clock Groups  phy_rst_cnt_reg[23]/C  u_eth/u_arp/u_arp_rx/cnt_reg[3]/CLR
  20  CDC-15  Warning   Clock enable controlled CDC structure detected      0  Asynch Clock Groups  phy_rst_cnt_reg[23]/C  u_eth/u_arp/u_arp_rx/cnt_reg[4]/CLR
  21  CDC-15  Warning   Clock enable controlled CDC structure detected      0  Asynch Clock Groups  phy_rst_cnt_reg[23]/C  u_eth/u_arp/u_arp_rx/des_ip_t_reg[0]/CLR
  22  CDC-15  Warning   Clock enable controlled CDC structure detected      0  Asynch Clock Groups  phy_rst_cnt_reg[23]/C  u_eth/u_arp/u_arp_rx/des_ip_t_reg[1]/CLR
  23  CDC-15  Warning   Clock enable controlled CDC structure detected      0  Asynch Clock Groups  phy_rst_cnt_reg[23]/C  u_eth/u_arp/u_arp_rx/des_ip_t_reg[2]/CLR
  24  CDC-15  Warning   Clock enable controlled CDC structure detected      0  Asynch Clock Groups  phy_rst_cnt_reg[23]/C  u_eth/u_arp/u_arp_rx/des_ip_t_reg[3]/CLR
  25  CDC-15  Warning   Clock enable controlled CDC structure detected      0  Asynch Clock Groups  phy_rst_cnt_reg[23]/C  u_eth/u_arp/u_arp_rx/des_ip_t_reg[4]/CLR
  26  CDC-15  Warning   Clock enable controlled CDC structure detected      0  Asynch Clock Groups  phy_rst_cnt_reg[23]/C  u_eth/u_arp/u_arp_rx/des_ip_t_reg[5]/CLR
  27  CDC-15  Warning   Clock enable controlled CDC structure detected      0  Asynch Clock Groups  phy_rst_cnt_reg[23]/C  u_eth/u_arp/u_arp_rx/des_ip_t_reg[6]/CLR
  28  CDC-15  Warning   Clock enable controlled CDC structure detected      0  Asynch Clock Groups  phy_rst_cnt_reg[23]/C  u_eth/u_arp/u_arp_rx/des_ip_t_reg[7]/CLR
  29  CDC-15  Warning   Clock enable controlled CDC structure detected      0  Asynch Clock Groups  phy_rst_cnt_reg[23]/C  u_eth/u_arp/u_arp_rx/des_ip_t_reg[8]/CLR
  30  CDC-15  Warning   Clock enable controlled CDC structure detected      0  Asynch Clock Groups  phy_rst_cnt_reg[23]/C  u_eth/u_arp/u_arp_rx/des_ip_t_reg[9]/CLR
  31  CDC-15  Warning   Clock enable controlled CDC structure detected      0  Asynch Clock Groups  phy_rst_cnt_reg[23]/C  u_eth/u_arp/u_arp_rx/des_ip_t_reg[10]/CLR
  32  CDC-15  Warning   Clock enable controlled CDC structure detected      0  Asynch Clock Groups  phy_rst_cnt_reg[23]/C  u_eth/u_arp/u_arp_rx/des_ip_t_reg[11]/CLR
  33  CDC-15  Warning   Clock enable controlled CDC structure detected      0  Asynch Clock Groups  phy_rst_cnt_reg[23]/C  u_eth/u_arp/u_arp_rx/des_ip_t_reg[12]/CLR
  34  CDC-15  Warning   Clock enable controlled CDC structure detected      0  Asynch Clock Groups  phy_rst_cnt_reg[23]/C  u_eth/u_arp/u_arp_rx/des_ip_t_reg[13]/CLR
  35  CDC-15  Warning   Clock enable controlled CDC structure detected      0  Asynch Clock Groups  phy_rst_cnt_reg[23]/C  u_eth/u_arp/u_arp_rx/des_ip_t_reg[14]/CLR
  36  CDC-15  Warning   Clock enable controlled CDC structure detected      0  Asynch Clock Groups  phy_rst_cnt_reg[23]/C  u_eth/u_arp/u_arp_rx/des_ip_t_reg[15]/CLR
  37  CDC-15  Warning   Clock enable controlled CDC structure detected      0  Asynch Clock Groups  phy_rst_cnt_reg[23]/C  u_eth/u_arp/u_arp_rx/des_ip_t_reg[16]/CLR
  38  CDC-15  Warning   Clock enable controlled CDC structure detected      0  Asynch Clock Groups  phy_rst_cnt_reg[23]/C  u_eth/u_arp/u_arp_rx/des_ip_t_reg[17]/CLR
  39  CDC-15  Warning   Clock enable controlled CDC structure detected      0  Asynch Clock Groups  phy_rst_cnt_reg[23]/C  u_eth/u_arp/u_arp_rx/des_ip_t_reg[18]/CLR
  40  CDC-15  Warning   Clock enable controlled CDC structure detected      0  Asynch Clock Groups  phy_rst_cnt_reg[23]/C  u_eth/u_arp/u_arp_rx/des_ip_t_reg[19]/CLR
  41  CDC-15  Warning   Clock enable controlled CDC structure detected      0  Asynch Clock Groups  phy_rst_cnt_reg[23]/C  u_eth/u_arp/u_arp_rx/des_ip_t_reg[20]/CLR
  42  CDC-15  Warning   Clock enable controlled CDC structure detected      0  Asynch Clock Groups  phy_rst_cnt_reg[23]/C  u_eth/u_arp/u_arp_rx/des_ip_t_reg[21]/CLR
  43  CDC-15  Warning   Clock enable controlled CDC structure detected      0  Asynch Clock Groups  phy_rst_cnt_reg[23]/C  u_eth/u_arp/u_arp_rx/des_ip_t_reg[22]/CLR
  44  CDC-15  Warning   Clock enable controlled CDC structure detected      0  Asynch Clock Groups  phy_rst_cnt_reg[23]/C  u_eth/u_arp/u_arp_rx/des_ip_t_reg[23]/CLR
  45  CDC-15  Warning   Clock enable controlled CDC structure detected      0  Asynch Clock Groups  phy_rst_cnt_reg[23]/C  u_eth/u_arp/u_arp_rx/des_ip_t_reg[24]/CLR
  46  CDC-15  Warning   Clock enable controlled CDC structure detected      0  Asynch Clock Groups  phy_rst_cnt_reg[23]/C  u_eth/u_arp/u_arp_rx/des_ip_t_reg[25]/CLR
  47  CDC-15  Warning   Clock enable controlled CDC structure detected      0  Asynch Clock Groups  phy_rst_cnt_reg[23]/C  u_eth/u_arp/u_arp_rx/des_ip_t_reg[26]/CLR
  48  CDC-15  Warning   Clock enable controlled CDC structure detected      0  Asynch Clock Groups  phy_rst_cnt_reg[23]/C  u_eth/u_arp/u_arp_rx/des_ip_t_reg[27]/CLR
  49  CDC-15  Warning   Clock enable controlled CDC structure detected      0  Asynch Clock Groups  phy_rst_cnt_reg[23]/C  u_eth/u_arp/u_arp_rx/des_ip_t_reg[28]/CLR
  50  CDC-15  Warning   Clock enable controlled CDC structure detected      0  Asynch Clock Groups  phy_rst_cnt_reg[23]/C  u_eth/u_arp/u_arp_rx/des_ip_t_reg[29]/CLR
  51  CDC-15  Warning   Clock enable controlled CDC structure detected      0  Asynch Clock Groups  phy_rst_cnt_reg[23]/C  u_eth/u_arp/u_arp_rx/des_ip_t_reg[30]/CLR
  52  CDC-15  Warning   Clock enable controlled CDC structure detected      0  Asynch Clock Groups  phy_rst_cnt_reg[23]/C  u_eth/u_arp/u_arp_rx/des_ip_t_reg[31]/CLR
  53  CDC-15  Warning   Clock enable controlled CDC structure detected      0  Asynch Clock Groups  phy_rst_cnt_reg[23]/C  u_eth/u_arp/u_arp_rx/des_mac_t_reg[0]/CLR
  54  CDC-15  Warning   Clock enable controlled CDC structure detected      0  Asynch Clock Groups  phy_rst_cnt_reg[23]/C  u_eth/u_arp/u_arp_rx/des_mac_t_reg[1]/CLR
  55  CDC-15  Warning   Clock enable controlled CDC structure detected      0  Asynch Clock Groups  phy_rst_cnt_reg[23]/C  u_eth/u_arp/u_arp_rx/des_mac_t_reg[2]/CLR
  56  CDC-15  Warning   Clock enable controlled CDC structure detected      0  Asynch Clock Groups  phy_rst_cnt_reg[23]/C  u_eth/u_arp/u_arp_rx/des_mac_t_reg[3]/CLR
  57  CDC-15  Warning   Clock enable controlled CDC structure detected      0  Asynch Clock Groups  phy_rst_cnt_reg[23]/C  u_eth/u_arp/u_arp_rx/des_mac_t_reg[4]/CLR
  58  CDC-15  Warning   Clock enable controlled CDC structure detected      0  Asynch Clock Groups  phy_rst_cnt_reg[23]/C  u_eth/u_arp/u_arp_rx/des_mac_t_reg[5]/CLR
  59  CDC-15  Warning   Clock enable controlled CDC structure detected      0  Asynch Clock Groups  phy_rst_cnt_reg[23]/C  u_eth/u_arp/u_arp_rx/des_mac_t_reg[6]/CLR
  60  CDC-15  Warning   Clock enable controlled CDC structure detected      0  Asynch Clock Groups  phy_rst_cnt_reg[23]/C  u_eth/u_arp/u_arp_rx/des_mac_t_reg[7]/CLR
  61  CDC-15  Warning   Clock enable controlled CDC structure detected      0  Asynch Clock Groups  phy_rst_cnt_reg[23]/C  u_eth/u_arp/u_arp_rx/des_mac_t_reg[8]/CLR
  62  CDC-15  Warning   Clock enable controlled CDC structure detected      0  Asynch Clock Groups  phy_rst_cnt_reg[23]/C  u_eth/u_arp/u_arp_rx/des_mac_t_reg[9]/CLR
  63  CDC-15  Warning   Clock enable controlled CDC structure detected      0  Asynch Clock Groups  phy_rst_cnt_reg[23]/C  u_eth/u_arp/u_arp_rx/des_mac_t_reg[10]/CLR
  64  CDC-15  Warning   Clock enable controlled CDC structure detected      0  Asynch Clock Groups  phy_rst_cnt_reg[23]/C  u_eth/u_arp/u_arp_rx/des_mac_t_reg[11]/CLR
  65  CDC-15  Warning   Clock enable controlled CDC structure detected      0  Asynch Clock Groups  phy_rst_cnt_reg[23]/C  u_eth/u_arp/u_arp_rx/des_mac_t_reg[12]/CLR
  66  CDC-15  Warning   Clock enable controlled CDC structure detected      0  Asynch Clock Groups  phy_rst_cnt_reg[23]/C  u_eth/u_arp/u_arp_rx/des_mac_t_reg[13]/CLR
  67  CDC-15  Warning   Clock enable controlled CDC structure detected      0  Asynch Clock Groups  phy_rst_cnt_reg[23]/C  u_eth/u_arp/u_arp_rx/des_mac_t_reg[14]/CLR
  68  CDC-15  Warning   Clock enable controlled CDC structure detected      0  Asynch Clock Groups  phy_rst_cnt_reg[23]/C  u_eth/u_arp/u_arp_rx/des_mac_t_reg[15]/CLR
  69  CDC-15  Warning   Clock enable controlled CDC structure detected      0  Asynch Clock Groups  phy_rst_cnt_reg[23]/C  u_eth/u_arp/u_arp_rx/des_mac_t_reg[16]/CLR
  70  CDC-15  Warning   Clock enable controlled CDC structure detected      0  Asynch Clock Groups  phy_rst_cnt_reg[23]/C  u_eth/u_arp/u_arp_rx/des_mac_t_reg[17]/CLR
  71  CDC-15  Warning   Clock enable controlled CDC structure detected      0  Asynch Clock Groups  phy_rst_cnt_reg[23]/C  u_eth/u_arp/u_arp_rx/des_mac_t_reg[18]/CLR
  72  CDC-15  Warning   Clock enable controlled CDC structure detected      0  Asynch Clock Groups  phy_rst_cnt_reg[23]/C  u_eth/u_arp/u_arp_rx/des_mac_t_reg[19]/CLR
  73  CDC-15  Warning   Clock enable controlled CDC structure detected      0  Asynch Clock Groups  phy_rst_cnt_reg[23]/C  u_eth/u_arp/u_arp_rx/des_mac_t_reg[20]/CLR
  74  CDC-15  Warning   Clock enable controlled CDC structure detected      0  Asynch Clock Groups  phy_rst_cnt_reg[23]/C  u_eth/u_arp/u_arp_rx/des_mac_t_reg[21]/CLR
  75  CDC-15  Warning   Clock enable controlled CDC structure detected      0  Asynch Clock Groups  phy_rst_cnt_reg[23]/C  u_eth/u_arp/u_arp_rx/des_mac_t_reg[22]/CLR
  76  CDC-15  Warning   Clock enable controlled CDC structure detected      0  Asynch Clock Groups  phy_rst_cnt_reg[23]/C  u_eth/u_arp/u_arp_rx/des_mac_t_reg[23]/CLR
  77  CDC-15  Warning   Clock enable controlled CDC structure detected      0  Asynch Clock Groups  phy_rst_cnt_reg[23]/C  u_eth/u_arp/u_arp_rx/des_mac_t_reg[24]/CLR
  78  CDC-15  Warning   Clock enable controlled CDC structure detected      0  Asynch Clock Groups  phy_rst_cnt_reg[23]/C  u_eth/u_arp/u_arp_rx/des_mac_t_reg[25]/CLR
  79  CDC-15  Warning   Clock enable controlled CDC structure detected      0  Asynch Clock Groups  phy_rst_cnt_reg[23]/C  u_eth/u_arp/u_arp_rx/des_mac_t_reg[26]/CLR
  80  CDC-15  Warning   Clock enable controlled CDC structure detected      0  Asynch Clock Groups  phy_rst_cnt_reg[23]/C  u_eth/u_arp/u_arp_rx/des_mac_t_reg[27]/CLR
  81  CDC-15  Warning   Clock enable controlled CDC structure detected      0  Asynch Clock Groups  phy_rst_cnt_reg[23]/C  u_eth/u_arp/u_arp_rx/des_mac_t_reg[28]/CLR
  82  CDC-15  Warning   Clock enable controlled CDC structure detected      0  Asynch Clock Groups  phy_rst_cnt_reg[23]/C  u_eth/u_arp/u_arp_rx/des_mac_t_reg[29]/CLR
  83  CDC-15  Warning   Clock enable controlled CDC structure detected      0  Asynch Clock Groups  phy_rst_cnt_reg[23]/C  u_eth/u_arp/u_arp_rx/des_mac_t_reg[30]/CLR
  84  CDC-15  Warning   Clock enable controlled CDC structure detected      0  Asynch Clock Groups  phy_rst_cnt_reg[23]/C  u_eth/u_arp/u_arp_rx/des_mac_t_reg[31]/CLR
  85  CDC-15  Warning   Clock enable controlled CDC structure detected      0  Asynch Clock Groups  phy_rst_cnt_reg[23]/C  u_eth/u_arp/u_arp_rx/des_mac_t_reg[32]/CLR
  86  CDC-15  Warning   Clock enable controlled CDC structure detected      0  Asynch Clock Groups  phy_rst_cnt_reg[23]/C  u_eth/u_arp/u_arp_rx/des_mac_t_reg[33]/CLR
  87  CDC-15  Warning   Clock enable controlled CDC structure detected      0  Asynch Clock Groups  phy_rst_cnt_reg[23]/C  u_eth/u_arp/u_arp_rx/des_mac_t_reg[34]/CLR
  88  CDC-15  Warning   Clock enable controlled CDC structure detected      0  Asynch Clock Groups  phy_rst_cnt_reg[23]/C  u_eth/u_arp/u_arp_rx/des_mac_t_reg[35]/CLR
  89  CDC-15  Warning   Clock enable controlled CDC structure detected      0  Asynch Clock Groups  phy_rst_cnt_reg[23]/C  u_eth/u_arp/u_arp_rx/des_mac_t_reg[36]/CLR
  90  CDC-15  Warning   Clock enable controlled CDC structure detected      0  Asynch Clock Groups  phy_rst_cnt_reg[23]/C  u_eth/u_arp/u_arp_rx/des_mac_t_reg[37]/CLR
  91  CDC-15  Warning   Clock enable controlled CDC structure detected      0  Asynch Clock Groups  phy_rst_cnt_reg[23]/C  u_eth/u_arp/u_arp_rx/des_mac_t_reg[38]/CLR
  92  CDC-15  Warning   Clock enable controlled CDC structure detected      0  Asynch Clock Groups  phy_rst_cnt_reg[23]/C  u_eth/u_arp/u_arp_rx/des_mac_t_reg[39]/CLR
  93  CDC-15  Warning   Clock enable controlled CDC structure detected      0  Asynch Clock Groups  phy_rst_cnt_reg[23]/C  u_eth/u_arp/u_arp_rx/des_mac_t_reg[40]/CLR
  94  CDC-15  Warning   Clock enable controlled CDC structure detected      0  Asynch Clock Groups  phy_rst_cnt_reg[23]/C  u_eth/u_arp/u_arp_rx/des_mac_t_reg[41]/CLR
  95  CDC-15  Warning   Clock enable controlled CDC structure detected      0  Asynch Clock Groups  phy_rst_cnt_reg[23]/C  u_eth/u_arp/u_arp_rx/des_mac_t_reg[42]/CLR
  96  CDC-15  Warning   Clock enable controlled CDC structure detected      0  Asynch Clock Groups  phy_rst_cnt_reg[23]/C  u_eth/u_arp/u_arp_rx/des_mac_t_reg[43]/CLR
  97  CDC-15  Warning   Clock enable controlled CDC structure detected      0  Asynch Clock Groups  phy_rst_cnt_reg[23]/C  u_eth/u_arp/u_arp_rx/des_mac_t_reg[44]/CLR
  98  CDC-15  Warning   Clock enable controlled CDC structure detected      0  Asynch Clock Groups  phy_rst_cnt_reg[23]/C  u_eth/u_arp/u_arp_rx/des_mac_t_reg[45]/CLR
  99  CDC-15  Warning   Clock enable controlled CDC structure detected      0  Asynch Clock Groups  phy_rst_cnt_reg[23]/C  u_eth/u_arp/u_arp_rx/des_mac_t_reg[46]/CLR
 100  CDC-15  Warning   Clock enable controlled CDC structure detected      0  Asynch Clock Groups  phy_rst_cnt_reg[23]/C  u_eth/u_arp/u_arp_rx/des_mac_t_reg[47]/CLR
 101  CDC-7   Critical  Asynchronous reset unknown CDC circuitry            0  Asynch Clock Groups  phy_rst_cnt_reg[23]/C  u_eth/u_arp/u_arp_rx/error_en_reg/CLR
 102  CDC-15  Warning   Clock enable controlled CDC structure detected      0  Asynch Clock Groups  phy_rst_cnt_reg[23]/C  u_eth/u_arp/u_arp_rx/eth_type_reg[8]/CLR
 103  CDC-15  Warning   Clock enable controlled CDC structure detected      0  Asynch Clock Groups  phy_rst_cnt_reg[23]/C  u_eth/u_arp/u_arp_rx/eth_type_reg[9]/CLR
 104  CDC-15  Warning   Clock enable controlled CDC structure detected      0  Asynch Clock Groups  phy_rst_cnt_reg[23]/C  u_eth/u_arp/u_arp_rx/eth_type_reg[10]/CLR
 105  CDC-15  Warning   Clock enable controlled CDC structure detected      0  Asynch Clock Groups  phy_rst_cnt_reg[23]/C  u_eth/u_arp/u_arp_rx/eth_type_reg[11]/CLR
 106  CDC-15  Warning   Clock enable controlled CDC structure detected      0  Asynch Clock Groups  phy_rst_cnt_reg[23]/C  u_eth/u_arp/u_arp_rx/eth_type_reg[12]/CLR
 107  CDC-15  Warning   Clock enable controlled CDC structure detected      0  Asynch Clock Groups  phy_rst_cnt_reg[23]/C  u_eth/u_arp/u_arp_rx/eth_type_reg[13]/CLR
 108  CDC-15  Warning   Clock enable controlled CDC structure detected      0  Asynch Clock Groups  phy_rst_cnt_reg[23]/C  u_eth/u_arp/u_arp_rx/eth_type_reg[14]/CLR
 109  CDC-15  Warning   Clock enable controlled CDC structure detected      0  Asynch Clock Groups  phy_rst_cnt_reg[23]/C  u_eth/u_arp/u_arp_rx/eth_type_reg[15]/CLR
 110  CDC-15  Warning   Clock enable controlled CDC structure detected      0  Asynch Clock Groups  phy_rst_cnt_reg[23]/C  u_eth/u_arp/u_arp_rx/op_data_reg[0]/CLR
 111  CDC-15  Warning   Clock enable controlled CDC structure detected      0  Asynch Clock Groups  phy_rst_cnt_reg[23]/C  u_eth/u_arp/u_arp_rx/op_data_reg[1]/CLR
 112  CDC-15  Warning   Clock enable controlled CDC structure detected      0  Asynch Clock Groups  phy_rst_cnt_reg[23]/C  u_eth/u_arp/u_arp_rx/op_data_reg[2]/CLR
 113  CDC-15  Warning   Clock enable controlled CDC structure detected      0  Asynch Clock Groups  phy_rst_cnt_reg[23]/C  u_eth/u_arp/u_arp_rx/op_data_reg[3]/CLR
 114  CDC-15  Warning   Clock enable controlled CDC structure detected      0  Asynch Clock Groups  phy_rst_cnt_reg[23]/C  u_eth/u_arp/u_arp_rx/op_data_reg[4]/CLR
 115  CDC-15  Warning   Clock enable controlled CDC structure detected      0  Asynch Clock Groups  phy_rst_cnt_reg[23]/C  u_eth/u_arp/u_arp_rx/op_data_reg[5]/CLR
 116  CDC-15  Warning   Clock enable controlled CDC structure detected      0  Asynch Clock Groups  phy_rst_cnt_reg[23]/C  u_eth/u_arp/u_arp_rx/op_data_reg[6]/CLR
 117  CDC-15  Warning   Clock enable controlled CDC structure detected      0  Asynch Clock Groups  phy_rst_cnt_reg[23]/C  u_eth/u_arp/u_arp_rx/op_data_reg[7]/CLR
 118  CDC-15  Warning   Clock enable controlled CDC structure detected      0  Asynch Clock Groups  phy_rst_cnt_reg[23]/C  u_eth/u_arp/u_arp_rx/op_data_reg[8]/CLR
 119  CDC-15  Warning   Clock enable controlled CDC structure detected      0  Asynch Clock Groups  phy_rst_cnt_reg[23]/C  u_eth/u_arp/u_arp_rx/op_data_reg[9]/CLR
 120  CDC-15  Warning   Clock enable controlled CDC structure detected      0  Asynch Clock Groups  phy_rst_cnt_reg[23]/C  u_eth/u_arp/u_arp_rx/op_data_reg[10]/CLR
 121  CDC-15  Warning   Clock enable controlled CDC structure detected      0  Asynch Clock Groups  phy_rst_cnt_reg[23]/C  u_eth/u_arp/u_arp_rx/op_data_reg[11]/CLR
 122  CDC-15  Warning   Clock enable controlled CDC structure detected      0  Asynch Clock Groups  phy_rst_cnt_reg[23]/C  u_eth/u_arp/u_arp_rx/op_data_reg[12]/CLR
 123  CDC-15  Warning   Clock enable controlled CDC structure detected      0  Asynch Clock Groups  phy_rst_cnt_reg[23]/C  u_eth/u_arp/u_arp_rx/op_data_reg[13]/CLR
 124  CDC-15  Warning   Clock enable controlled CDC structure detected      0  Asynch Clock Groups  phy_rst_cnt_reg[23]/C  u_eth/u_arp/u_arp_rx/op_data_reg[14]/CLR
 125  CDC-15  Warning   Clock enable controlled CDC structure detected      0  Asynch Clock Groups  phy_rst_cnt_reg[23]/C  u_eth/u_arp/u_arp_rx/op_data_reg[15]/CLR
 126  CDC-7   Critical  Asynchronous reset unknown CDC circuitry            0  Asynch Clock Groups  phy_rst_cnt_reg[23]/C  u_eth/u_arp/u_arp_rx/skip_en_reg/CLR
 127  CDC-15  Warning   Clock enable controlled CDC structure detected      0  Asynch Clock Groups  phy_rst_cnt_reg[23]/C  u_eth/u_arp/u_arp_rx/src_ip_t_reg[0]/CLR
 128  CDC-15  Warning   Clock enable controlled CDC structure detected      0  Asynch Clock Groups  phy_rst_cnt_reg[23]/C  u_eth/u_arp/u_arp_rx/src_ip_t_reg[1]/CLR
 129  CDC-15  Warning   Clock enable controlled CDC structure detected      0  Asynch Clock Groups  phy_rst_cnt_reg[23]/C  u_eth/u_arp/u_arp_rx/src_ip_t_reg[2]/CLR
 130  CDC-15  Warning   Clock enable controlled CDC structure detected      0  Asynch Clock Groups  phy_rst_cnt_reg[23]/C  u_eth/u_arp/u_arp_rx/src_ip_t_reg[3]/CLR
 131  CDC-15  Warning   Clock enable controlled CDC structure detected      0  Asynch Clock Groups  phy_rst_cnt_reg[23]/C  u_eth/u_arp/u_arp_rx/src_ip_t_reg[4]/CLR
 132  CDC-15  Warning   Clock enable controlled CDC structure detected      0  Asynch Clock Groups  phy_rst_cnt_reg[23]/C  u_eth/u_arp/u_arp_rx/src_ip_t_reg[5]/CLR
 133  CDC-15  Warning   Clock enable controlled CDC structure detected      0  Asynch Clock Groups  phy_rst_cnt_reg[23]/C  u_eth/u_arp/u_arp_rx/src_ip_t_reg[6]/CLR
 134  CDC-15  Warning   Clock enable controlled CDC structure detected      0  Asynch Clock Groups  phy_rst_cnt_reg[23]/C  u_eth/u_arp/u_arp_rx/src_ip_t_reg[7]/CLR
 135  CDC-15  Warning   Clock enable controlled CDC structure detected      0  Asynch Clock Groups  phy_rst_cnt_reg[23]/C  u_eth/u_arp/u_arp_rx/src_ip_t_reg[8]/CLR
 136  CDC-15  Warning   Clock enable controlled CDC structure detected      0  Asynch Clock Groups  phy_rst_cnt_reg[23]/C  u_eth/u_arp/u_arp_rx/src_ip_t_reg[9]/CLR
 137  CDC-15  Warning   Clock enable controlled CDC structure detected      0  Asynch Clock Groups  phy_rst_cnt_reg[23]/C  u_eth/u_arp/u_arp_rx/src_ip_t_reg[10]/CLR
 138  CDC-15  Warning   Clock enable controlled CDC structure detected      0  Asynch Clock Groups  phy_rst_cnt_reg[23]/C  u_eth/u_arp/u_arp_rx/src_ip_t_reg[11]/CLR
 139  CDC-15  Warning   Clock enable controlled CDC structure detected      0  Asynch Clock Groups  phy_rst_cnt_reg[23]/C  u_eth/u_arp/u_arp_rx/src_ip_t_reg[12]/CLR
 140  CDC-15  Warning   Clock enable controlled CDC structure detected      0  Asynch Clock Groups  phy_rst_cnt_reg[23]/C  u_eth/u_arp/u_arp_rx/src_ip_t_reg[13]/CLR
 141  CDC-15  Warning   Clock enable controlled CDC structure detected      0  Asynch Clock Groups  phy_rst_cnt_reg[23]/C  u_eth/u_arp/u_arp_rx/src_ip_t_reg[14]/CLR
 142  CDC-15  Warning   Clock enable controlled CDC structure detected      0  Asynch Clock Groups  phy_rst_cnt_reg[23]/C  u_eth/u_arp/u_arp_rx/src_ip_t_reg[15]/CLR
 143  CDC-15  Warning   Clock enable controlled CDC structure detected      0  Asynch Clock Groups  phy_rst_cnt_reg[23]/C  u_eth/u_arp/u_arp_rx/src_ip_t_reg[16]/CLR
 144  CDC-15  Warning   Clock enable controlled CDC structure detected      0  Asynch Clock Groups  phy_rst_cnt_reg[23]/C  u_eth/u_arp/u_arp_rx/src_ip_t_reg[17]/CLR
 145  CDC-15  Warning   Clock enable controlled CDC structure detected      0  Asynch Clock Groups  phy_rst_cnt_reg[23]/C  u_eth/u_arp/u_arp_rx/src_ip_t_reg[18]/CLR
 146  CDC-15  Warning   Clock enable controlled CDC structure detected      0  Asynch Clock Groups  phy_rst_cnt_reg[23]/C  u_eth/u_arp/u_arp_rx/src_ip_t_reg[19]/CLR
 147  CDC-15  Warning   Clock enable controlled CDC structure detected      0  Asynch Clock Groups  phy_rst_cnt_reg[23]/C  u_eth/u_arp/u_arp_rx/src_ip_t_reg[20]/CLR
 148  CDC-15  Warning   Clock enable controlled CDC structure detected      0  Asynch Clock Groups  phy_rst_cnt_reg[23]/C  u_eth/u_arp/u_arp_rx/src_ip_t_reg[21]/CLR
 149  CDC-15  Warning   Clock enable controlled CDC structure detected      0  Asynch Clock Groups  phy_rst_cnt_reg[23]/C  u_eth/u_arp/u_arp_rx/src_ip_t_reg[22]/CLR
 150  CDC-15  Warning   Clock enable controlled CDC structure detected      0  Asynch Clock Groups  phy_rst_cnt_reg[23]/C  u_eth/u_arp/u_arp_rx/src_ip_t_reg[23]/CLR
 151  CDC-15  Warning   Clock enable controlled CDC structure detected      0  Asynch Clock Groups  phy_rst_cnt_reg[23]/C  u_eth/u_arp/u_arp_rx/src_ip_t_reg[24]/CLR
 152  CDC-15  Warning   Clock enable controlled CDC structure detected      0  Asynch Clock Groups  phy_rst_cnt_reg[23]/C  u_eth/u_arp/u_arp_rx/src_ip_t_reg[25]/CLR
 153  CDC-15  Warning   Clock enable controlled CDC structure detected      0  Asynch Clock Groups  phy_rst_cnt_reg[23]/C  u_eth/u_arp/u_arp_rx/src_ip_t_reg[26]/CLR
 154  CDC-15  Warning   Clock enable controlled CDC structure detected      0  Asynch Clock Groups  phy_rst_cnt_reg[23]/C  u_eth/u_arp/u_arp_rx/src_ip_t_reg[27]/CLR
 155  CDC-15  Warning   Clock enable controlled CDC structure detected      0  Asynch Clock Groups  phy_rst_cnt_reg[23]/C  u_eth/u_arp/u_arp_rx/src_ip_t_reg[28]/CLR
 156  CDC-15  Warning   Clock enable controlled CDC structure detected      0  Asynch Clock Groups  phy_rst_cnt_reg[23]/C  u_eth/u_arp/u_arp_rx/src_ip_t_reg[29]/CLR
 157  CDC-15  Warning   Clock enable controlled CDC structure detected      0  Asynch Clock Groups  phy_rst_cnt_reg[23]/C  u_eth/u_arp/u_arp_rx/src_ip_t_reg[30]/CLR
 158  CDC-15  Warning   Clock enable controlled CDC structure detected      0  Asynch Clock Groups  phy_rst_cnt_reg[23]/C  u_eth/u_arp/u_arp_rx/src_ip_t_reg[31]/CLR
 159  CDC-15  Warning   Clock enable controlled CDC structure detected      0  Asynch Clock Groups  phy_rst_cnt_reg[23]/C  u_eth/u_arp/u_arp_rx/src_mac_t_reg[0]/CLR
 160  CDC-15  Warning   Clock enable controlled CDC structure detected      0  Asynch Clock Groups  phy_rst_cnt_reg[23]/C  u_eth/u_arp/u_arp_rx/src_mac_t_reg[1]/CLR
 161  CDC-15  Warning   Clock enable controlled CDC structure detected      0  Asynch Clock Groups  phy_rst_cnt_reg[23]/C  u_eth/u_arp/u_arp_rx/src_mac_t_reg[2]/CLR
 162  CDC-15  Warning   Clock enable controlled CDC structure detected      0  Asynch Clock Groups  phy_rst_cnt_reg[23]/C  u_eth/u_arp/u_arp_rx/src_mac_t_reg[3]/CLR
 163  CDC-15  Warning   Clock enable controlled CDC structure detected      0  Asynch Clock Groups  phy_rst_cnt_reg[23]/C  u_eth/u_arp/u_arp_rx/src_mac_t_reg[4]/CLR
 164  CDC-15  Warning   Clock enable controlled CDC structure detected      0  Asynch Clock Groups  phy_rst_cnt_reg[23]/C  u_eth/u_arp/u_arp_rx/src_mac_t_reg[5]/CLR
 165  CDC-15  Warning   Clock enable controlled CDC structure detected      0  Asynch Clock Groups  phy_rst_cnt_reg[23]/C  u_eth/u_arp/u_arp_rx/src_mac_t_reg[6]/CLR
 166  CDC-15  Warning   Clock enable controlled CDC structure detected      0  Asynch Clock Groups  phy_rst_cnt_reg[23]/C  u_eth/u_arp/u_arp_rx/src_mac_t_reg[7]/CLR
 167  CDC-15  Warning   Clock enable controlled CDC structure detected      0  Asynch Clock Groups  phy_rst_cnt_reg[23]/C  u_eth/u_arp/u_arp_rx/src_mac_t_reg[8]/CLR
 168  CDC-15  Warning   Clock enable controlled CDC structure detected      0  Asynch Clock Groups  phy_rst_cnt_reg[23]/C  u_eth/u_arp/u_arp_rx/src_mac_t_reg[9]/CLR
 169  CDC-15  Warning   Clock enable controlled CDC structure detected      0  Asynch Clock Groups  phy_rst_cnt_reg[23]/C  u_eth/u_arp/u_arp_rx/src_mac_t_reg[10]/CLR
 170  CDC-15  Warning   Clock enable controlled CDC structure detected      0  Asynch Clock Groups  phy_rst_cnt_reg[23]/C  u_eth/u_arp/u_arp_rx/src_mac_t_reg[11]/CLR
 171  CDC-15  Warning   Clock enable controlled CDC structure detected      0  Asynch Clock Groups  phy_rst_cnt_reg[23]/C  u_eth/u_arp/u_arp_rx/src_mac_t_reg[12]/CLR
 172  CDC-15  Warning   Clock enable controlled CDC structure detected      0  Asynch Clock Groups  phy_rst_cnt_reg[23]/C  u_eth/u_arp/u_arp_rx/src_mac_t_reg[13]/CLR
 173  CDC-15  Warning   Clock enable controlled CDC structure detected      0  Asynch Clock Groups  phy_rst_cnt_reg[23]/C  u_eth/u_arp/u_arp_rx/src_mac_t_reg[14]/CLR
 174  CDC-15  Warning   Clock enable controlled CDC structure detected      0  Asynch Clock Groups  phy_rst_cnt_reg[23]/C  u_eth/u_arp/u_arp_rx/src_mac_t_reg[15]/CLR
 175  CDC-15  Warning   Clock enable controlled CDC structure detected      0  Asynch Clock Groups  phy_rst_cnt_reg[23]/C  u_eth/u_arp/u_arp_rx/src_mac_t_reg[16]/CLR
 176  CDC-15  Warning   Clock enable controlled CDC structure detected      0  Asynch Clock Groups  phy_rst_cnt_reg[23]/C  u_eth/u_arp/u_arp_rx/src_mac_t_reg[17]/CLR
 177  CDC-15  Warning   Clock enable controlled CDC structure detected      0  Asynch Clock Groups  phy_rst_cnt_reg[23]/C  u_eth/u_arp/u_arp_rx/src_mac_t_reg[18]/CLR
 178  CDC-15  Warning   Clock enable controlled CDC structure detected      0  Asynch Clock Groups  phy_rst_cnt_reg[23]/C  u_eth/u_arp/u_arp_rx/src_mac_t_reg[19]/CLR
 179  CDC-15  Warning   Clock enable controlled CDC structure detected      0  Asynch Clock Groups  phy_rst_cnt_reg[23]/C  u_eth/u_arp/u_arp_rx/src_mac_t_reg[20]/CLR
 180  CDC-15  Warning   Clock enable controlled CDC structure detected      0  Asynch Clock Groups  phy_rst_cnt_reg[23]/C  u_eth/u_arp/u_arp_rx/src_mac_t_reg[21]/CLR
 181  CDC-15  Warning   Clock enable controlled CDC structure detected      0  Asynch Clock Groups  phy_rst_cnt_reg[23]/C  u_eth/u_arp/u_arp_rx/src_mac_t_reg[22]/CLR
 182  CDC-15  Warning   Clock enable controlled CDC structure detected      0  Asynch Clock Groups  phy_rst_cnt_reg[23]/C  u_eth/u_arp/u_arp_rx/src_mac_t_reg[23]/CLR
 183  CDC-15  Warning   Clock enable controlled CDC structure detected      0  Asynch Clock Groups  phy_rst_cnt_reg[23]/C  u_eth/u_arp/u_arp_rx/src_mac_t_reg[24]/CLR
 184  CDC-15  Warning   Clock enable controlled CDC structure detected      0  Asynch Clock Groups  phy_rst_cnt_reg[23]/C  u_eth/u_arp/u_arp_rx/src_mac_t_reg[25]/CLR
 185  CDC-15  Warning   Clock enable controlled CDC structure detected      0  Asynch Clock Groups  phy_rst_cnt_reg[23]/C  u_eth/u_arp/u_arp_rx/src_mac_t_reg[26]/CLR
 186  CDC-15  Warning   Clock enable controlled CDC structure detected      0  Asynch Clock Groups  phy_rst_cnt_reg[23]/C  u_eth/u_arp/u_arp_rx/src_mac_t_reg[27]/CLR
 187  CDC-15  Warning   Clock enable controlled CDC structure detected      0  Asynch Clock Groups  phy_rst_cnt_reg[23]/C  u_eth/u_arp/u_arp_rx/src_mac_t_reg[28]/CLR
 188  CDC-15  Warning   Clock enable controlled CDC structure detected      0  Asynch Clock Groups  phy_rst_cnt_reg[23]/C  u_eth/u_arp/u_arp_rx/src_mac_t_reg[29]/CLR
 189  CDC-15  Warning   Clock enable controlled CDC structure detected      0  Asynch Clock Groups  phy_rst_cnt_reg[23]/C  u_eth/u_arp/u_arp_rx/src_mac_t_reg[30]/CLR
 190  CDC-15  Warning   Clock enable controlled CDC structure detected      0  Asynch Clock Groups  phy_rst_cnt_reg[23]/C  u_eth/u_arp/u_arp_rx/src_mac_t_reg[31]/CLR
 191  CDC-15  Warning   Clock enable controlled CDC structure detected      0  Asynch Clock Groups  phy_rst_cnt_reg[23]/C  u_eth/u_arp/u_arp_rx/src_mac_t_reg[32]/CLR
 192  CDC-15  Warning   Clock enable controlled CDC structure detected      0  Asynch Clock Groups  phy_rst_cnt_reg[23]/C  u_eth/u_arp/u_arp_rx/src_mac_t_reg[33]/CLR
 193  CDC-15  Warning   Clock enable controlled CDC structure detected      0  Asynch Clock Groups  phy_rst_cnt_reg[23]/C  u_eth/u_arp/u_arp_rx/src_mac_t_reg[34]/CLR
 194  CDC-15  Warning   Clock enable controlled CDC structure detected      0  Asynch Clock Groups  phy_rst_cnt_reg[23]/C  u_eth/u_arp/u_arp_rx/src_mac_t_reg[35]/CLR
 195  CDC-15  Warning   Clock enable controlled CDC structure detected      0  Asynch Clock Groups  phy_rst_cnt_reg[23]/C  u_eth/u_arp/u_arp_rx/src_mac_t_reg[36]/CLR
 196  CDC-15  Warning   Clock enable controlled CDC structure detected      0  Asynch Clock Groups  phy_rst_cnt_reg[23]/C  u_eth/u_arp/u_arp_rx/src_mac_t_reg[37]/CLR
 197  CDC-15  Warning   Clock enable controlled CDC structure detected      0  Asynch Clock Groups  phy_rst_cnt_reg[23]/C  u_eth/u_arp/u_arp_rx/src_mac_t_reg[38]/CLR
 198  CDC-15  Warning   Clock enable controlled CDC structure detected      0  Asynch Clock Groups  phy_rst_cnt_reg[23]/C  u_eth/u_arp/u_arp_rx/src_mac_t_reg[39]/CLR
 199  CDC-15  Warning   Clock enable controlled CDC structure detected      0  Asynch Clock Groups  phy_rst_cnt_reg[23]/C  u_eth/u_arp/u_arp_rx/src_mac_t_reg[40]/CLR
 200  CDC-15  Warning   Clock enable controlled CDC structure detected      0  Asynch Clock Groups  phy_rst_cnt_reg[23]/C  u_eth/u_arp/u_arp_rx/src_mac_t_reg[41]/CLR
 201  CDC-15  Warning   Clock enable controlled CDC structure detected      0  Asynch Clock Groups  phy_rst_cnt_reg[23]/C  u_eth/u_arp/u_arp_rx/src_mac_t_reg[42]/CLR
 202  CDC-15  Warning   Clock enable controlled CDC structure detected      0  Asynch Clock Groups  phy_rst_cnt_reg[23]/C  u_eth/u_arp/u_arp_rx/src_mac_t_reg[43]/CLR
 203  CDC-15  Warning   Clock enable controlled CDC structure detected      0  Asynch Clock Groups  phy_rst_cnt_reg[23]/C  u_eth/u_arp/u_arp_rx/src_mac_t_reg[44]/CLR
 204  CDC-15  Warning   Clock enable controlled CDC structure detected      0  Asynch Clock Groups  phy_rst_cnt_reg[23]/C  u_eth/u_arp/u_arp_rx/src_mac_t_reg[45]/CLR
 205  CDC-15  Warning   Clock enable controlled CDC structure detected      0  Asynch Clock Groups  phy_rst_cnt_reg[23]/C  u_eth/u_arp/u_arp_rx/src_mac_t_reg[46]/CLR
 206  CDC-15  Warning   Clock enable controlled CDC structure detected      0  Asynch Clock Groups  phy_rst_cnt_reg[23]/C  u_eth/u_arp/u_arp_rx/src_mac_t_reg[47]/CLR
 207  CDC-7   Critical  Asynchronous reset unknown CDC circuitry            0  Asynch Clock Groups  phy_rst_cnt_reg[23]/C  u_eth/u_arp/u_arp_tx/FSM_onehot_cur_state_reg[0]/PRE
 208  CDC-7   Critical  Asynchronous reset unknown CDC circuitry            0  Asynch Clock Groups  phy_rst_cnt_reg[23]/C  u_eth/u_arp/u_arp_tx/FSM_onehot_cur_state_reg[1]/CLR
 209  CDC-7   Critical  Asynchronous reset unknown CDC circuitry            0  Asynch Clock Groups  phy_rst_cnt_reg[23]/C  u_eth/u_arp/u_arp_tx/FSM_onehot_cur_state_reg[2]/CLR
 210  CDC-7   Critical  Asynchronous reset unknown CDC circuitry            0  Asynch Clock Groups  phy_rst_cnt_reg[23]/C  u_eth/u_arp/u_arp_tx/FSM_onehot_cur_state_reg[3]/CLR
 211  CDC-7   Critical  Asynchronous reset unknown CDC circuitry            0  Asynch Clock Groups  phy_rst_cnt_reg[23]/C  u_eth/u_arp/u_arp_tx/FSM_onehot_cur_state_reg[4]/CLR
 212  CDC-15  Warning   Clock enable controlled CDC structure detected      0  Asynch Clock Groups  phy_rst_cnt_reg[23]/C  u_eth/u_arp/u_arp_tx/arp_data_reg[24][6]/PRE
 213  CDC-15  Warning   Clock enable controlled CDC structure detected      0  Asynch Clock Groups  phy_rst_cnt_reg[23]/C  u_eth/u_arp/u_arp_tx/arp_data_reg[24][7]/PRE
 214  CDC-15  Warning   Clock enable controlled CDC structure detected      0  Asynch Clock Groups  phy_rst_cnt_reg[23]/C  u_eth/u_arp/u_arp_tx/arp_data_reg[25][3]/PRE
 215  CDC-15  Warning   Clock enable controlled CDC structure detected      0  Asynch Clock Groups  phy_rst_cnt_reg[23]/C  u_eth/u_arp/u_arp_tx/arp_data_reg[25][5]/PRE
 216  CDC-15  Warning   Clock enable controlled CDC structure detected      0  Asynch Clock Groups  phy_rst_cnt_reg[23]/C  u_eth/u_arp/u_arp_tx/arp_data_reg[25][7]/PRE
 217  CDC-15  Warning   Clock enable controlled CDC structure detected      0  Asynch Clock Groups  phy_rst_cnt_reg[23]/C  u_eth/u_arp/u_arp_tx/arp_data_reg[26][0]/PRE
 218  CDC-15  Warning   Clock enable controlled CDC structure detected      0  Asynch Clock Groups  phy_rst_cnt_reg[23]/C  u_eth/u_arp/u_arp_tx/arp_data_reg[27][1]/PRE
 219  CDC-15  Warning   Clock enable controlled CDC structure detected      0  Asynch Clock Groups  phy_rst_cnt_reg[23]/C  u_eth/u_arp/u_arp_tx/arp_data_reg[27][2]/PRE
 220  CDC-15  Warning   Clock enable controlled CDC structure detected      0  Asynch Clock Groups  phy_rst_cnt_reg[23]/C  u_eth/u_arp/u_arp_tx/arp_data_reg[27][5]/PRE
 221  CDC-15  Warning   Clock enable controlled CDC structure detected      0  Asynch Clock Groups  phy_rst_cnt_reg[23]/C  u_eth/u_arp/u_arp_tx/arp_data_reg[27][6]/PRE
 222  CDC-7   Critical  Asynchronous reset unknown CDC circuitry            0  Asynch Clock Groups  phy_rst_cnt_reg[23]/C  u_eth/u_arp/u_arp_tx/arp_data_reg[7][0]/PRE
 223  CDC-7   Critical  Asynchronous reset unknown CDC circuitry            0  Asynch Clock Groups  phy_rst_cnt_reg[23]/C  u_eth/u_arp/u_arp_tx/arp_data_reg[7][1]/CLR
 224  CDC-15  Warning   Clock enable controlled CDC structure detected      0  Asynch Clock Groups  phy_rst_cnt_reg[23]/C  u_eth/u_arp/u_arp_tx/cnt_reg[0]/CLR
 225  CDC-15  Warning   Clock enable controlled CDC structure detected      0  Asynch Clock Groups  phy_rst_cnt_reg[23]/C  u_eth/u_arp/u_arp_tx/cnt_reg[1]/CLR
 226  CDC-15  Warning   Clock enable controlled CDC structure detected      0  Asynch Clock Groups  phy_rst_cnt_reg[23]/C  u_eth/u_arp/u_arp_tx/cnt_reg[2]/CLR
 227  CDC-15  Warning   Clock enable controlled CDC structure detected      0  Asynch Clock Groups  phy_rst_cnt_reg[23]/C  u_eth/u_arp/u_arp_tx/cnt_reg[3]/CLR
 228  CDC-15  Warning   Clock enable controlled CDC structure detected      0  Asynch Clock Groups  phy_rst_cnt_reg[23]/C  u_eth/u_arp/u_arp_tx/cnt_reg[4]/CLR
 229  CDC-15  Warning   Clock enable controlled CDC structure detected      0  Asynch Clock Groups  phy_rst_cnt_reg[23]/C  u_eth/u_arp/u_arp_tx/cnt_reg[5]/CLR
 230  CDC-7   Critical  Asynchronous reset unknown CDC circuitry            0  Asynch Clock Groups  phy_rst_cnt_reg[23]/C  u_eth/u_arp/u_arp_tx/crc_en_reg/CLR
 231  CDC-15  Warning   Clock enable controlled CDC structure detected      0  Asynch Clock Groups  phy_rst_cnt_reg[23]/C  u_eth/u_arp/u_arp_tx/data_cnt_reg[0]/CLR
 232  CDC-15  Warning   Clock enable controlled CDC structure detected      0  Asynch Clock Groups  phy_rst_cnt_reg[23]/C  u_eth/u_arp/u_arp_tx/data_cnt_reg[1]/CLR
 233  CDC-15  Warning   Clock enable controlled CDC structure detected      0  Asynch Clock Groups  phy_rst_cnt_reg[23]/C  u_eth/u_arp/u_arp_tx/data_cnt_reg[2]/CLR
 234  CDC-15  Warning   Clock enable controlled CDC structure detected      0  Asynch Clock Groups  phy_rst_cnt_reg[23]/C  u_eth/u_arp/u_arp_tx/data_cnt_reg[3]/CLR
 235  CDC-15  Warning   Clock enable controlled CDC structure detected      0  Asynch Clock Groups  phy_rst_cnt_reg[23]/C  u_eth/u_arp/u_arp_tx/data_cnt_reg[4]/CLR
 236  CDC-15  Warning   Clock enable controlled CDC structure detected      0  Asynch Clock Groups  phy_rst_cnt_reg[23]/C  u_eth/u_arp/u_arp_tx/eth_head_reg[0][0]/PRE
 237  CDC-15  Warning   Clock enable controlled CDC structure detected      0  Asynch Clock Groups  phy_rst_cnt_reg[23]/C  u_eth/u_arp/u_arp_tx/eth_head_reg[0][1]/PRE
 238  CDC-15  Warning   Clock enable controlled CDC structure detected      0  Asynch Clock Groups  phy_rst_cnt_reg[23]/C  u_eth/u_arp/u_arp_tx/eth_head_reg[0][2]/PRE
 239  CDC-15  Warning   Clock enable controlled CDC structure detected      0  Asynch Clock Groups  phy_rst_cnt_reg[23]/C  u_eth/u_arp/u_arp_tx/eth_head_reg[0][3]/PRE
 240  CDC-15  Warning   Clock enable controlled CDC structure detected      0  Asynch Clock Groups  phy_rst_cnt_reg[23]/C  u_eth/u_arp/u_arp_tx/eth_head_reg[0][4]/PRE
 241  CDC-15  Warning   Clock enable controlled CDC structure detected      0  Asynch Clock Groups  phy_rst_cnt_reg[23]/C  u_eth/u_arp/u_arp_tx/eth_head_reg[0][5]/PRE
 242  CDC-15  Warning   Clock enable controlled CDC structure detected      0  Asynch Clock Groups  phy_rst_cnt_reg[23]/C  u_eth/u_arp/u_arp_tx/eth_head_reg[0][6]/PRE
 243  CDC-15  Warning   Clock enable controlled CDC structure detected      0  Asynch Clock Groups  phy_rst_cnt_reg[23]/C  u_eth/u_arp/u_arp_tx/eth_head_reg[0][7]/PRE
 244  CDC-15  Warning   Clock enable controlled CDC structure detected      0  Asynch Clock Groups  phy_rst_cnt_reg[23]/C  u_eth/u_arp/u_arp_tx/eth_head_reg[1][0]/PRE
 245  CDC-15  Warning   Clock enable controlled CDC structure detected      0  Asynch Clock Groups  phy_rst_cnt_reg[23]/C  u_eth/u_arp/u_arp_tx/eth_head_reg[1][1]/PRE
 246  CDC-15  Warning   Clock enable controlled CDC structure detected      0  Asynch Clock Groups  phy_rst_cnt_reg[23]/C  u_eth/u_arp/u_arp_tx/eth_head_reg[1][2]/PRE
 247  CDC-15  Warning   Clock enable controlled CDC structure detected      0  Asynch Clock Groups  phy_rst_cnt_reg[23]/C  u_eth/u_arp/u_arp_tx/eth_head_reg[1][3]/PRE
 248  CDC-15  Warning   Clock enable controlled CDC structure detected      0  Asynch Clock Groups  phy_rst_cnt_reg[23]/C  u_eth/u_arp/u_arp_tx/eth_head_reg[1][4]/PRE
 249  CDC-15  Warning   Clock enable controlled CDC structure detected      0  Asynch Clock Groups  phy_rst_cnt_reg[23]/C  u_eth/u_arp/u_arp_tx/eth_head_reg[1][5]/PRE
 250  CDC-15  Warning   Clock enable controlled CDC structure detected      0  Asynch Clock Groups  phy_rst_cnt_reg[23]/C  u_eth/u_arp/u_arp_tx/eth_head_reg[1][6]/PRE
 251  CDC-15  Warning   Clock enable controlled CDC structure detected      0  Asynch Clock Groups  phy_rst_cnt_reg[23]/C  u_eth/u_arp/u_arp_tx/eth_head_reg[1][7]/PRE
 252  CDC-15  Warning   Clock enable controlled CDC structure detected      0  Asynch Clock Groups  phy_rst_cnt_reg[23]/C  u_eth/u_arp/u_arp_tx/eth_head_reg[2][0]/PRE
 253  CDC-15  Warning   Clock enable controlled CDC structure detected      0  Asynch Clock Groups  phy_rst_cnt_reg[23]/C  u_eth/u_arp/u_arp_tx/eth_head_reg[2][1]/PRE
 254  CDC-15  Warning   Clock enable controlled CDC structure detected      0  Asynch Clock Groups  phy_rst_cnt_reg[23]/C  u_eth/u_arp/u_arp_tx/eth_head_reg[2][2]/PRE
 255  CDC-15  Warning   Clock enable controlled CDC structure detected      0  Asynch Clock Groups  phy_rst_cnt_reg[23]/C  u_eth/u_arp/u_arp_tx/eth_head_reg[2][3]/PRE
 256  CDC-15  Warning   Clock enable controlled CDC structure detected      0  Asynch Clock Groups  phy_rst_cnt_reg[23]/C  u_eth/u_arp/u_arp_tx/eth_head_reg[2][4]/PRE
 257  CDC-15  Warning   Clock enable controlled CDC structure detected      0  Asynch Clock Groups  phy_rst_cnt_reg[23]/C  u_eth/u_arp/u_arp_tx/eth_head_reg[2][5]/PRE
 258  CDC-15  Warning   Clock enable controlled CDC structure detected      0  Asynch Clock Groups  phy_rst_cnt_reg[23]/C  u_eth/u_arp/u_arp_tx/eth_head_reg[2][6]/PRE
 259  CDC-15  Warning   Clock enable controlled CDC structure detected      0  Asynch Clock Groups  phy_rst_cnt_reg[23]/C  u_eth/u_arp/u_arp_tx/eth_head_reg[2][7]/PRE
 260  CDC-15  Warning   Clock enable controlled CDC structure detected      0  Asynch Clock Groups  phy_rst_cnt_reg[23]/C  u_eth/u_arp/u_arp_tx/eth_head_reg[3][0]/PRE
 261  CDC-15  Warning   Clock enable controlled CDC structure detected      0  Asynch Clock Groups  phy_rst_cnt_reg[23]/C  u_eth/u_arp/u_arp_tx/eth_head_reg[3][1]/PRE
 262  CDC-15  Warning   Clock enable controlled CDC structure detected      0  Asynch Clock Groups  phy_rst_cnt_reg[23]/C  u_eth/u_arp/u_arp_tx/eth_head_reg[3][2]/PRE
 263  CDC-15  Warning   Clock enable controlled CDC structure detected      0  Asynch Clock Groups  phy_rst_cnt_reg[23]/C  u_eth/u_arp/u_arp_tx/eth_head_reg[3][3]/PRE
 264  CDC-15  Warning   Clock enable controlled CDC structure detected      0  Asynch Clock Groups  phy_rst_cnt_reg[23]/C  u_eth/u_arp/u_arp_tx/eth_head_reg[3][4]/PRE
 265  CDC-15  Warning   Clock enable controlled CDC structure detected      0  Asynch Clock Groups  phy_rst_cnt_reg[23]/C  u_eth/u_arp/u_arp_tx/eth_head_reg[3][5]/PRE
 266  CDC-15  Warning   Clock enable controlled CDC structure detected      0  Asynch Clock Groups  phy_rst_cnt_reg[23]/C  u_eth/u_arp/u_arp_tx/eth_head_reg[3][6]/PRE
 267  CDC-15  Warning   Clock enable controlled CDC structure detected      0  Asynch Clock Groups  phy_rst_cnt_reg[23]/C  u_eth/u_arp/u_arp_tx/eth_head_reg[3][7]/PRE
 268  CDC-15  Warning   Clock enable controlled CDC structure detected      0  Asynch Clock Groups  phy_rst_cnt_reg[23]/C  u_eth/u_arp/u_arp_tx/eth_head_reg[4][0]/PRE
 269  CDC-15  Warning   Clock enable controlled CDC structure detected      0  Asynch Clock Groups  phy_rst_cnt_reg[23]/C  u_eth/u_arp/u_arp_tx/eth_head_reg[4][1]/PRE
 270  CDC-15  Warning   Clock enable controlled CDC structure detected      0  Asynch Clock Groups  phy_rst_cnt_reg[23]/C  u_eth/u_arp/u_arp_tx/eth_head_reg[4][2]/PRE
 271  CDC-15  Warning   Clock enable controlled CDC structure detected      0  Asynch Clock Groups  phy_rst_cnt_reg[23]/C  u_eth/u_arp/u_arp_tx/eth_head_reg[4][3]/PRE
 272  CDC-15  Warning   Clock enable controlled CDC structure detected      0  Asynch Clock Groups  phy_rst_cnt_reg[23]/C  u_eth/u_arp/u_arp_tx/eth_head_reg[4][4]/PRE
 273  CDC-15  Warning   Clock enable controlled CDC structure detected      0  Asynch Clock Groups  phy_rst_cnt_reg[23]/C  u_eth/u_arp/u_arp_tx/eth_head_reg[4][5]/PRE
 274  CDC-15  Warning   Clock enable controlled CDC structure detected      0  Asynch Clock Groups  phy_rst_cnt_reg[23]/C  u_eth/u_arp/u_arp_tx/eth_head_reg[4][6]/PRE
 275  CDC-15  Warning   Clock enable controlled CDC structure detected      0  Asynch Clock Groups  phy_rst_cnt_reg[23]/C  u_eth/u_arp/u_arp_tx/eth_head_reg[4][7]/PRE
 276  CDC-15  Warning   Clock enable controlled CDC structure detected      0  Asynch Clock Groups  phy_rst_cnt_reg[23]/C  u_eth/u_arp/u_arp_tx/eth_head_reg[5][0]/PRE
 277  CDC-15  Warning   Clock enable controlled CDC structure detected      0  Asynch Clock Groups  phy_rst_cnt_reg[23]/C  u_eth/u_arp/u_arp_tx/eth_head_reg[5][1]/PRE
 278  CDC-15  Warning   Clock enable controlled CDC structure detected      0  Asynch Clock Groups  phy_rst_cnt_reg[23]/C  u_eth/u_arp/u_arp_tx/eth_head_reg[5][2]/PRE
 279  CDC-15  Warning   Clock enable controlled CDC structure detected      0  Asynch Clock Groups  phy_rst_cnt_reg[23]/C  u_eth/u_arp/u_arp_tx/eth_head_reg[5][3]/PRE
 280  CDC-15  Warning   Clock enable controlled CDC structure detected      0  Asynch Clock Groups  phy_rst_cnt_reg[23]/C  u_eth/u_arp/u_arp_tx/eth_head_reg[5][4]/PRE
 281  CDC-15  Warning   Clock enable controlled CDC structure detected      0  Asynch Clock Groups  phy_rst_cnt_reg[23]/C  u_eth/u_arp/u_arp_tx/eth_head_reg[5][5]/PRE
 282  CDC-15  Warning   Clock enable controlled CDC structure detected      0  Asynch Clock Groups  phy_rst_cnt_reg[23]/C  u_eth/u_arp/u_arp_tx/eth_head_reg[5][6]/PRE
 283  CDC-15  Warning   Clock enable controlled CDC structure detected      0  Asynch Clock Groups  phy_rst_cnt_reg[23]/C  u_eth/u_arp/u_arp_tx/eth_head_reg[5][7]/PRE
 284  CDC-7   Critical  Asynchronous reset unknown CDC circuitry            0  Asynch Clock Groups  phy_rst_cnt_reg[23]/C  u_eth/u_arp/u_arp_tx/gmii_tx_en_reg/CLR
 285  CDC-15  Warning   Clock enable controlled CDC structure detected      0  Asynch Clock Groups  phy_rst_cnt_reg[23]/C  u_eth/u_arp/u_arp_tx/gmii_txd_reg[0]/CLR
 286  CDC-15  Warning   Clock enable controlled CDC structure detected      0  Asynch Clock Groups  phy_rst_cnt_reg[23]/C  u_eth/u_arp/u_arp_tx/gmii_txd_reg[1]/CLR
 287  CDC-15  Warning   Clock enable controlled CDC structure detected      0  Asynch Clock Groups  phy_rst_cnt_reg[23]/C  u_eth/u_arp/u_arp_tx/gmii_txd_reg[2]/CLR
 288  CDC-15  Warning   Clock enable controlled CDC structure detected      0  Asynch Clock Groups  phy_rst_cnt_reg[23]/C  u_eth/u_arp/u_arp_tx/gmii_txd_reg[3]/CLR
 289  CDC-15  Warning   Clock enable controlled CDC structure detected      0  Asynch Clock Groups  phy_rst_cnt_reg[23]/C  u_eth/u_arp/u_arp_tx/gmii_txd_reg[4]/CLR
 290  CDC-15  Warning   Clock enable controlled CDC structure detected      0  Asynch Clock Groups  phy_rst_cnt_reg[23]/C  u_eth/u_arp/u_arp_tx/gmii_txd_reg[5]/CLR
 291  CDC-15  Warning   Clock enable controlled CDC structure detected      0  Asynch Clock Groups  phy_rst_cnt_reg[23]/C  u_eth/u_arp/u_arp_tx/gmii_txd_reg[6]/CLR
 292  CDC-15  Warning   Clock enable controlled CDC structure detected      0  Asynch Clock Groups  phy_rst_cnt_reg[23]/C  u_eth/u_arp/u_arp_tx/gmii_txd_reg[7]/CLR
 293  CDC-7   Critical  Asynchronous reset unknown CDC circuitry            0  Asynch Clock Groups  phy_rst_cnt_reg[23]/C  u_eth/u_arp/u_arp_tx/skip_en_reg/CLR
 294  CDC-15  Warning   Clock enable controlled CDC structure detected      0  Asynch Clock Groups  phy_rst_cnt_reg[23]/C  u_eth/u_arp/u_crc32_d8/crc_data_reg[0]/PRE
 295  CDC-15  Warning   Clock enable controlled CDC structure detected      0  Asynch Clock Groups  phy_rst_cnt_reg[23]/C  u_eth/u_arp/u_crc32_d8/crc_data_reg[1]/PRE
 296  CDC-15  Warning   Clock enable controlled CDC structure detected      0  Asynch Clock Groups  phy_rst_cnt_reg[23]/C  u_eth/u_arp/u_crc32_d8/crc_data_reg[2]/PRE
 297  CDC-15  Warning   Clock enable controlled CDC structure detected      0  Asynch Clock Groups  phy_rst_cnt_reg[23]/C  u_eth/u_arp/u_crc32_d8/crc_data_reg[3]/PRE
 298  CDC-15  Warning   Clock enable controlled CDC structure detected      0  Asynch Clock Groups  phy_rst_cnt_reg[23]/C  u_eth/u_arp/u_crc32_d8/crc_data_reg[4]/PRE
 299  CDC-15  Warning   Clock enable controlled CDC structure detected      0  Asynch Clock Groups  phy_rst_cnt_reg[23]/C  u_eth/u_arp/u_crc32_d8/crc_data_reg[5]/PRE
 300  CDC-15  Warning   Clock enable controlled CDC structure detected      0  Asynch Clock Groups  phy_rst_cnt_reg[23]/C  u_eth/u_arp/u_crc32_d8/crc_data_reg[6]/PRE
 301  CDC-15  Warning   Clock enable controlled CDC structure detected      0  Asynch Clock Groups  phy_rst_cnt_reg[23]/C  u_eth/u_arp/u_crc32_d8/crc_data_reg[7]/PRE
 302  CDC-15  Warning   Clock enable controlled CDC structure detected      0  Asynch Clock Groups  phy_rst_cnt_reg[23]/C  u_eth/u_arp/u_crc32_d8/crc_data_reg[8]/PRE
 303  CDC-15  Warning   Clock enable controlled CDC structure detected      0  Asynch Clock Groups  phy_rst_cnt_reg[23]/C  u_eth/u_arp/u_crc32_d8/crc_data_reg[9]/PRE
 304  CDC-15  Warning   Clock enable controlled CDC structure detected      0  Asynch Clock Groups  phy_rst_cnt_reg[23]/C  u_eth/u_arp/u_crc32_d8/crc_data_reg[10]/PRE
 305  CDC-15  Warning   Clock enable controlled CDC structure detected      0  Asynch Clock Groups  phy_rst_cnt_reg[23]/C  u_eth/u_arp/u_crc32_d8/crc_data_reg[11]/PRE
 306  CDC-15  Warning   Clock enable controlled CDC structure detected      0  Asynch Clock Groups  phy_rst_cnt_reg[23]/C  u_eth/u_arp/u_crc32_d8/crc_data_reg[12]/PRE
 307  CDC-15  Warning   Clock enable controlled CDC structure detected      0  Asynch Clock Groups  phy_rst_cnt_reg[23]/C  u_eth/u_arp/u_crc32_d8/crc_data_reg[13]/PRE
 308  CDC-15  Warning   Clock enable controlled CDC structure detected      0  Asynch Clock Groups  phy_rst_cnt_reg[23]/C  u_eth/u_arp/u_crc32_d8/crc_data_reg[14]/PRE
 309  CDC-15  Warning   Clock enable controlled CDC structure detected      0  Asynch Clock Groups  phy_rst_cnt_reg[23]/C  u_eth/u_arp/u_crc32_d8/crc_data_reg[15]/PRE
 310  CDC-15  Warning   Clock enable controlled CDC structure detected      0  Asynch Clock Groups  phy_rst_cnt_reg[23]/C  u_eth/u_arp/u_crc32_d8/crc_data_reg[16]/PRE
 311  CDC-15  Warning   Clock enable controlled CDC structure detected      0  Asynch Clock Groups  phy_rst_cnt_reg[23]/C  u_eth/u_arp/u_crc32_d8/crc_data_reg[17]/PRE
 312  CDC-15  Warning   Clock enable controlled CDC structure detected      0  Asynch Clock Groups  phy_rst_cnt_reg[23]/C  u_eth/u_arp/u_crc32_d8/crc_data_reg[18]/PRE
 313  CDC-15  Warning   Clock enable controlled CDC structure detected      0  Asynch Clock Groups  phy_rst_cnt_reg[23]/C  u_eth/u_arp/u_crc32_d8/crc_data_reg[19]/PRE
 314  CDC-15  Warning   Clock enable controlled CDC structure detected      0  Asynch Clock Groups  phy_rst_cnt_reg[23]/C  u_eth/u_arp/u_crc32_d8/crc_data_reg[20]/PRE
 315  CDC-15  Warning   Clock enable controlled CDC structure detected      0  Asynch Clock Groups  phy_rst_cnt_reg[23]/C  u_eth/u_arp/u_crc32_d8/crc_data_reg[21]/PRE
 316  CDC-15  Warning   Clock enable controlled CDC structure detected      0  Asynch Clock Groups  phy_rst_cnt_reg[23]/C  u_eth/u_arp/u_crc32_d8/crc_data_reg[22]/PRE
 317  CDC-15  Warning   Clock enable controlled CDC structure detected      0  Asynch Clock Groups  phy_rst_cnt_reg[23]/C  u_eth/u_arp/u_crc32_d8/crc_data_reg[23]/PRE
 318  CDC-15  Warning   Clock enable controlled CDC structure detected      0  Asynch Clock Groups  phy_rst_cnt_reg[23]/C  u_eth/u_arp/u_crc32_d8/crc_data_reg[24]/PRE
 319  CDC-15  Warning   Clock enable controlled CDC structure detected      0  Asynch Clock Groups  phy_rst_cnt_reg[23]/C  u_eth/u_arp/u_crc32_d8/crc_data_reg[25]/PRE
 320  CDC-15  Warning   Clock enable controlled CDC structure detected      0  Asynch Clock Groups  phy_rst_cnt_reg[23]/C  u_eth/u_arp/u_crc32_d8/crc_data_reg[26]/PRE
 321  CDC-15  Warning   Clock enable controlled CDC structure detected      0  Asynch Clock Groups  phy_rst_cnt_reg[23]/C  u_eth/u_arp/u_crc32_d8/crc_data_reg[27]/PRE
 322  CDC-15  Warning   Clock enable controlled CDC structure detected      0  Asynch Clock Groups  phy_rst_cnt_reg[23]/C  u_eth/u_arp/u_crc32_d8/crc_data_reg[28]/PRE
 323  CDC-15  Warning   Clock enable controlled CDC structure detected      0  Asynch Clock Groups  phy_rst_cnt_reg[23]/C  u_eth/u_arp/u_crc32_d8/crc_data_reg[29]/PRE
 324  CDC-15  Warning   Clock enable controlled CDC structure detected      0  Asynch Clock Groups  phy_rst_cnt_reg[23]/C  u_eth/u_arp/u_crc32_d8/crc_data_reg[30]/PRE
 325  CDC-15  Warning   Clock enable controlled CDC structure detected      0  Asynch Clock Groups  phy_rst_cnt_reg[23]/C  u_eth/u_arp/u_crc32_d8/crc_data_reg[31]/PRE
 326  CDC-15  Warning   Clock enable controlled CDC structure detected      0  Asynch Clock Groups  phy_rst_cnt_reg[23]/C  u_eth/u_cdc/wbin_reg[0]/CLR
 327  CDC-15  Warning   Clock enable controlled CDC structure detected      0  Asynch Clock Groups  phy_rst_cnt_reg[23]/C  u_eth/u_cdc/wbin_reg[1]/CLR
 328  CDC-15  Warning   Clock enable controlled CDC structure detected      0  Asynch Clock Groups  phy_rst_cnt_reg[23]/C  u_eth/u_cdc/wbin_reg[2]/CLR
 329  CDC-15  Warning   Clock enable controlled CDC structure detected      0  Asynch Clock Groups  phy_rst_cnt_reg[23]/C  u_eth/u_cdc/wbin_reg[3]/CLR
 330  CDC-15  Warning   Clock enable controlled CDC structure detected      0  Asynch Clock Groups  phy_rst_cnt_reg[23]/C  u_eth/u_cdc/wbin_reg[4]/CLR
 331  CDC-15  Warning   Clock enable controlled CDC structure detected      0  Asynch Clock Groups  phy_rst_cnt_reg[23]/C  u_eth/u_cdc/wbin_reg[5]/CLR
 332  CDC-15  Warning   Clock enable controlled CDC structure detected      0  Asynch Clock Groups  phy_rst_cnt_reg[23]/C  u_eth/u_cdc/wbin_reg[6]/CLR
 333  CDC-15  Warning   Clock enable controlled CDC structure detected      0  Asynch Clock Groups  phy_rst_cnt_reg[23]/C  u_eth/u_cdc/wbin_reg[7]/CLR
 334  CDC-15  Warning   Clock enable controlled CDC structure detected      0  Asynch Clock Groups  phy_rst_cnt_reg[23]/C  u_eth/u_cdc/wbin_reg[8]/CLR
 335  CDC-15  Warning   Clock enable controlled CDC structure detected      0  Asynch Clock Groups  phy_rst_cnt_reg[23]/C  u_eth/u_cdc/wbin_reg[9]/CLR
 336  CDC-15  Warning   Clock enable controlled CDC structure detected      0  Asynch Clock Groups  phy_rst_cnt_reg[23]/C  u_eth/u_cdc/wbin_reg[10]/CLR
 337  CDC-15  Warning   Clock enable controlled CDC structure detected      0  Asynch Clock Groups  phy_rst_cnt_reg[23]/C  u_eth/u_cdc/wbin_reg[11]/CLR
 338  CDC-15  Warning   Clock enable controlled CDC structure detected      0  Asynch Clock Groups  phy_rst_cnt_reg[23]/C  u_eth/u_cdc/wbin_reg[12]/CLR
 339  CDC-15  Warning   Clock enable controlled CDC structure detected      0  Asynch Clock Groups  phy_rst_cnt_reg[23]/C  u_eth/u_cdc/wbin_reg[13]/CLR
 340  CDC-15  Warning   Clock enable controlled CDC structure detected      0  Asynch Clock Groups  phy_rst_cnt_reg[23]/C  u_eth/u_cdc/wgray_reg[0]/CLR
 341  CDC-15  Warning   Clock enable controlled CDC structure detected      0  Asynch Clock Groups  phy_rst_cnt_reg[23]/C  u_eth/u_cdc/wgray_reg[1]/CLR
 342  CDC-15  Warning   Clock enable controlled CDC structure detected      0  Asynch Clock Groups  phy_rst_cnt_reg[23]/C  u_eth/u_cdc/wgray_reg[2]/CLR
 343  CDC-15  Warning   Clock enable controlled CDC structure detected      0  Asynch Clock Groups  phy_rst_cnt_reg[23]/C  u_eth/u_cdc/wgray_reg[3]/CLR
 344  CDC-15  Warning   Clock enable controlled CDC structure detected      0  Asynch Clock Groups  phy_rst_cnt_reg[23]/C  u_eth/u_cdc/wgray_reg[4]/CLR
 345  CDC-15  Warning   Clock enable controlled CDC structure detected      0  Asynch Clock Groups  phy_rst_cnt_reg[23]/C  u_eth/u_cdc/wgray_reg[5]/CLR
 346  CDC-15  Warning   Clock enable controlled CDC structure detected      0  Asynch Clock Groups  phy_rst_cnt_reg[23]/C  u_eth/u_cdc/wgray_reg[6]/CLR
 347  CDC-15  Warning   Clock enable controlled CDC structure detected      0  Asynch Clock Groups  phy_rst_cnt_reg[23]/C  u_eth/u_cdc/wgray_reg[7]/CLR
 348  CDC-15  Warning   Clock enable controlled CDC structure detected      0  Asynch Clock Groups  phy_rst_cnt_reg[23]/C  u_eth/u_cdc/wgray_reg[8]/CLR
 349  CDC-15  Warning   Clock enable controlled CDC structure detected      0  Asynch Clock Groups  phy_rst_cnt_reg[23]/C  u_eth/u_cdc/wgray_reg[9]/CLR
 350  CDC-15  Warning   Clock enable controlled CDC structure detected      0  Asynch Clock Groups  phy_rst_cnt_reg[23]/C  u_eth/u_cdc/wgray_reg[10]/CLR
 351  CDC-15  Warning   Clock enable controlled CDC structure detected      0  Asynch Clock Groups  phy_rst_cnt_reg[23]/C  u_eth/u_cdc/wgray_reg[11]/CLR
 352  CDC-15  Warning   Clock enable controlled CDC structure detected      0  Asynch Clock Groups  phy_rst_cnt_reg[23]/C  u_eth/u_cdc/wgray_reg[12]/CLR
 353  CDC-15  Warning   Clock enable controlled CDC structure detected      0  Asynch Clock Groups  phy_rst_cnt_reg[23]/C  u_eth/u_cdc/wgray_reg[13]/CLR
 354  CDC-7   Critical  Asynchronous reset unknown CDC circuitry            0  Asynch Clock Groups  phy_rst_cnt_reg[23]/C  u_eth/u_commit/frame_done_tog_reg/CLR
 355  CDC-7   Critical  Asynchronous reset unknown CDC circuitry            0  Asynch Clock Groups  phy_rst_cnt_reg[23]/C  u_eth/u_ctrl/arp_pend_reg/CLR
 356  CDC-7   Critical  Asynchronous reset unknown CDC circuitry            0  Asynch Clock Groups  phy_rst_cnt_reg[23]/C  u_eth/u_ctrl/arp_rx_flag_reg/CLR
 357  CDC-7   Critical  Asynchronous reset unknown CDC circuitry            0  Asynch Clock Groups  phy_rst_cnt_reg[23]/C  u_eth/u_ctrl/gmii_tx_en_reg/CLR
 358  CDC-7   Critical  Asynchronous reset unknown CDC circuitry            0  Asynch Clock Groups  phy_rst_cnt_reg[23]/C  u_eth/u_ctrl/gmii_txd_reg[0]/CLR
 359  CDC-7   Critical  Asynchronous reset unknown CDC circuitry            0  Asynch Clock Groups  phy_rst_cnt_reg[23]/C  u_eth/u_ctrl/gmii_txd_reg[1]/CLR
 360  CDC-7   Critical  Asynchronous reset unknown CDC circuitry            0  Asynch Clock Groups  phy_rst_cnt_reg[23]/C  u_eth/u_ctrl/gmii_txd_reg[2]/CLR
 361  CDC-7   Critical  Asynchronous reset unknown CDC circuitry            0  Asynch Clock Groups  phy_rst_cnt_reg[23]/C  u_eth/u_ctrl/gmii_txd_reg[3]/CLR
 362  CDC-7   Critical  Asynchronous reset unknown CDC circuitry            0  Asynch Clock Groups  phy_rst_cnt_reg[23]/C  u_eth/u_ctrl/gmii_txd_reg[4]/CLR
 363  CDC-7   Critical  Asynchronous reset unknown CDC circuitry            0  Asynch Clock Groups  phy_rst_cnt_reg[23]/C  u_eth/u_ctrl/gmii_txd_reg[5]/CLR
 364  CDC-7   Critical  Asynchronous reset unknown CDC circuitry            0  Asynch Clock Groups  phy_rst_cnt_reg[23]/C  u_eth/u_ctrl/gmii_txd_reg[6]/CLR
 365  CDC-7   Critical  Asynchronous reset unknown CDC circuitry            0  Asynch Clock Groups  phy_rst_cnt_reg[23]/C  u_eth/u_ctrl/gmii_txd_reg[7]/CLR
 366  CDC-7   Critical  Asynchronous reset unknown CDC circuitry            0  Asynch Clock Groups  phy_rst_cnt_reg[23]/C  u_eth/u_ctrl/icmp_tx_busy_reg/CLR
 367  CDC-7   Critical  Asynchronous reset unknown CDC circuitry            0  Asynch Clock Groups  phy_rst_cnt_reg[23]/C  u_eth/u_ctrl/protocol_sw_reg[1]/CLR
 368  CDC-15  Warning   Clock enable controlled CDC structure detected      0  Asynch Clock Groups  phy_rst_cnt_reg[23]/C  u_eth/u_icmp/u_crc32_d8/crc_data_reg[0]/PRE
 369  CDC-15  Warning   Clock enable controlled CDC structure detected      0  Asynch Clock Groups  phy_rst_cnt_reg[23]/C  u_eth/u_icmp/u_crc32_d8/crc_data_reg[1]/PRE
 370  CDC-15  Warning   Clock enable controlled CDC structure detected      0  Asynch Clock Groups  phy_rst_cnt_reg[23]/C  u_eth/u_icmp/u_crc32_d8/crc_data_reg[2]/PRE
 371  CDC-15  Warning   Clock enable controlled CDC structure detected      0  Asynch Clock Groups  phy_rst_cnt_reg[23]/C  u_eth/u_icmp/u_crc32_d8/crc_data_reg[3]/PRE
 372  CDC-15  Warning   Clock enable controlled CDC structure detected      0  Asynch Clock Groups  phy_rst_cnt_reg[23]/C  u_eth/u_icmp/u_crc32_d8/crc_data_reg[4]/PRE
 373  CDC-15  Warning   Clock enable controlled CDC structure detected      0  Asynch Clock Groups  phy_rst_cnt_reg[23]/C  u_eth/u_icmp/u_crc32_d8/crc_data_reg[5]/PRE
 374  CDC-15  Warning   Clock enable controlled CDC structure detected      0  Asynch Clock Groups  phy_rst_cnt_reg[23]/C  u_eth/u_icmp/u_crc32_d8/crc_data_reg[6]/PRE
 375  CDC-15  Warning   Clock enable controlled CDC structure detected      0  Asynch Clock Groups  phy_rst_cnt_reg[23]/C  u_eth/u_icmp/u_crc32_d8/crc_data_reg[7]/PRE
 376  CDC-15  Warning   Clock enable controlled CDC structure detected      0  Asynch Clock Groups  phy_rst_cnt_reg[23]/C  u_eth/u_icmp/u_crc32_d8/crc_data_reg[8]/PRE
 377  CDC-15  Warning   Clock enable controlled CDC structure detected      0  Asynch Clock Groups  phy_rst_cnt_reg[23]/C  u_eth/u_icmp/u_crc32_d8/crc_data_reg[9]/PRE
 378  CDC-15  Warning   Clock enable controlled CDC structure detected      0  Asynch Clock Groups  phy_rst_cnt_reg[23]/C  u_eth/u_icmp/u_crc32_d8/crc_data_reg[10]/PRE
 379  CDC-15  Warning   Clock enable controlled CDC structure detected      0  Asynch Clock Groups  phy_rst_cnt_reg[23]/C  u_eth/u_icmp/u_crc32_d8/crc_data_reg[11]/PRE
 380  CDC-15  Warning   Clock enable controlled CDC structure detected      0  Asynch Clock Groups  phy_rst_cnt_reg[23]/C  u_eth/u_icmp/u_crc32_d8/crc_data_reg[12]/PRE
 381  CDC-15  Warning   Clock enable controlled CDC structure detected      0  Asynch Clock Groups  phy_rst_cnt_reg[23]/C  u_eth/u_icmp/u_crc32_d8/crc_data_reg[13]/PRE
 382  CDC-15  Warning   Clock enable controlled CDC structure detected      0  Asynch Clock Groups  phy_rst_cnt_reg[23]/C  u_eth/u_icmp/u_crc32_d8/crc_data_reg[14]/PRE
 383  CDC-15  Warning   Clock enable controlled CDC structure detected      0  Asynch Clock Groups  phy_rst_cnt_reg[23]/C  u_eth/u_icmp/u_crc32_d8/crc_data_reg[15]/PRE
 384  CDC-15  Warning   Clock enable controlled CDC structure detected      0  Asynch Clock Groups  phy_rst_cnt_reg[23]/C  u_eth/u_icmp/u_crc32_d8/crc_data_reg[16]/PRE
 385  CDC-15  Warning   Clock enable controlled CDC structure detected      0  Asynch Clock Groups  phy_rst_cnt_reg[23]/C  u_eth/u_icmp/u_crc32_d8/crc_data_reg[17]/PRE
 386  CDC-15  Warning   Clock enable controlled CDC structure detected      0  Asynch Clock Groups  phy_rst_cnt_reg[23]/C  u_eth/u_icmp/u_crc32_d8/crc_data_reg[18]/PRE
 387  CDC-15  Warning   Clock enable controlled CDC structure detected      0  Asynch Clock Groups  phy_rst_cnt_reg[23]/C  u_eth/u_icmp/u_crc32_d8/crc_data_reg[19]/PRE
 388  CDC-15  Warning   Clock enable controlled CDC structure detected      0  Asynch Clock Groups  phy_rst_cnt_reg[23]/C  u_eth/u_icmp/u_crc32_d8/crc_data_reg[20]/PRE
 389  CDC-15  Warning   Clock enable controlled CDC structure detected      0  Asynch Clock Groups  phy_rst_cnt_reg[23]/C  u_eth/u_icmp/u_crc32_d8/crc_data_reg[21]/PRE
 390  CDC-15  Warning   Clock enable controlled CDC structure detected      0  Asynch Clock Groups  phy_rst_cnt_reg[23]/C  u_eth/u_icmp/u_crc32_d8/crc_data_reg[22]/PRE
 391  CDC-15  Warning   Clock enable controlled CDC structure detected      0  Asynch Clock Groups  phy_rst_cnt_reg[23]/C  u_eth/u_icmp/u_crc32_d8/crc_data_reg[23]/PRE
 392  CDC-15  Warning   Clock enable controlled CDC structure detected      0  Asynch Clock Groups  phy_rst_cnt_reg[23]/C  u_eth/u_icmp/u_crc32_d8/crc_data_reg[24]/PRE
 393  CDC-15  Warning   Clock enable controlled CDC structure detected      0  Asynch Clock Groups  phy_rst_cnt_reg[23]/C  u_eth/u_icmp/u_crc32_d8/crc_data_reg[25]/PRE
 394  CDC-15  Warning   Clock enable controlled CDC structure detected      0  Asynch Clock Groups  phy_rst_cnt_reg[23]/C  u_eth/u_icmp/u_crc32_d8/crc_data_reg[26]/PRE
 395  CDC-15  Warning   Clock enable controlled CDC structure detected      0  Asynch Clock Groups  phy_rst_cnt_reg[23]/C  u_eth/u_icmp/u_crc32_d8/crc_data_reg[27]/PRE
 396  CDC-15  Warning   Clock enable controlled CDC structure detected      0  Asynch Clock Groups  phy_rst_cnt_reg[23]/C  u_eth/u_icmp/u_crc32_d8/crc_data_reg[28]/PRE
 397  CDC-15  Warning   Clock enable controlled CDC structure detected      0  Asynch Clock Groups  phy_rst_cnt_reg[23]/C  u_eth/u_icmp/u_crc32_d8/crc_data_reg[29]/PRE
 398  CDC-15  Warning   Clock enable controlled CDC structure detected      0  Asynch Clock Groups  phy_rst_cnt_reg[23]/C  u_eth/u_icmp/u_crc32_d8/crc_data_reg[30]/PRE
 399  CDC-15  Warning   Clock enable controlled CDC structure detected      0  Asynch Clock Groups  phy_rst_cnt_reg[23]/C  u_eth/u_icmp/u_crc32_d8/crc_data_reg[31]/PRE
 400  CDC-7   Critical  Asynchronous reset unknown CDC circuitry            0  Asynch Clock Groups  phy_rst_cnt_reg[23]/C  u_eth/u_icmp/u_icmp_rx/FSM_onehot_cur_state_reg[0]/PRE
 401  CDC-7   Critical  Asynchronous reset unknown CDC circuitry            0  Asynch Clock Groups  phy_rst_cnt_reg[23]/C  u_eth/u_icmp/u_icmp_rx/FSM_onehot_cur_state_reg[1]/CLR
 402  CDC-7   Critical  Asynchronous reset unknown CDC circuitry            0  Asynch Clock Groups  phy_rst_cnt_reg[23]/C  u_eth/u_icmp/u_icmp_rx/FSM_onehot_cur_state_reg[2]/CLR
 403  CDC-7   Critical  Asynchronous reset unknown CDC circuitry            0  Asynch Clock Groups  phy_rst_cnt_reg[23]/C  u_eth/u_icmp/u_icmp_rx/FSM_onehot_cur_state_reg[3]/CLR
 404  CDC-7   Critical  Asynchronous reset unknown CDC circuitry            0  Asynch Clock Groups  phy_rst_cnt_reg[23]/C  u_eth/u_icmp/u_icmp_rx/FSM_onehot_cur_state_reg[4]/CLR
 405  CDC-7   Critical  Asynchronous reset unknown CDC circuitry            0  Asynch Clock Groups  phy_rst_cnt_reg[23]/C  u_eth/u_icmp/u_icmp_rx/FSM_onehot_cur_state_reg[5]/CLR
 406  CDC-7   Critical  Asynchronous reset unknown CDC circuitry            0  Asynch Clock Groups  phy_rst_cnt_reg[23]/C  u_eth/u_icmp/u_icmp_rx/FSM_onehot_cur_state_reg[6]/CLR
 407  CDC-15  Warning   Clock enable controlled CDC structure detected      0  Asynch Clock Groups  phy_rst_cnt_reg[23]/C  u_eth/u_icmp/u_icmp_rx/cnt_reg[0]/CLR
 408  CDC-15  Warning   Clock enable controlled CDC structure detected      0  Asynch Clock Groups  phy_rst_cnt_reg[23]/C  u_eth/u_icmp/u_icmp_rx/cnt_reg[1]/CLR
 409  CDC-15  Warning   Clock enable controlled CDC structure detected      0  Asynch Clock Groups  phy_rst_cnt_reg[23]/C  u_eth/u_icmp/u_icmp_rx/cnt_reg[2]/CLR
 410  CDC-15  Warning   Clock enable controlled CDC structure detected      0  Asynch Clock Groups  phy_rst_cnt_reg[23]/C  u_eth/u_icmp/u_icmp_rx/cnt_reg[3]/CLR
 411  CDC-15  Warning   Clock enable controlled CDC structure detected      0  Asynch Clock Groups  phy_rst_cnt_reg[23]/C  u_eth/u_icmp/u_icmp_rx/cnt_reg[4]/CLR
 412  CDC-15  Warning   Clock enable controlled CDC structure detected      0  Asynch Clock Groups  phy_rst_cnt_reg[23]/C  u_eth/u_icmp/u_icmp_rx/des_ip_reg[0]/CLR
 413  CDC-15  Warning   Clock enable controlled CDC structure detected      0  Asynch Clock Groups  phy_rst_cnt_reg[23]/C  u_eth/u_icmp/u_icmp_rx/des_ip_reg[1]/CLR
 414  CDC-15  Warning   Clock enable controlled CDC structure detected      0  Asynch Clock Groups  phy_rst_cnt_reg[23]/C  u_eth/u_icmp/u_icmp_rx/des_ip_reg[2]/CLR
 415  CDC-15  Warning   Clock enable controlled CDC structure detected      0  Asynch Clock Groups  phy_rst_cnt_reg[23]/C  u_eth/u_icmp/u_icmp_rx/des_ip_reg[3]/CLR
 416  CDC-15  Warning   Clock enable controlled CDC structure detected      0  Asynch Clock Groups  phy_rst_cnt_reg[23]/C  u_eth/u_icmp/u_icmp_rx/des_ip_reg[4]/CLR
 417  CDC-15  Warning   Clock enable controlled CDC structure detected      0  Asynch Clock Groups  phy_rst_cnt_reg[23]/C  u_eth/u_icmp/u_icmp_rx/des_ip_reg[5]/CLR
 418  CDC-15  Warning   Clock enable controlled CDC structure detected      0  Asynch Clock Groups  phy_rst_cnt_reg[23]/C  u_eth/u_icmp/u_icmp_rx/des_ip_reg[6]/CLR
 419  CDC-15  Warning   Clock enable controlled CDC structure detected      0  Asynch Clock Groups  phy_rst_cnt_reg[23]/C  u_eth/u_icmp/u_icmp_rx/des_ip_reg[7]/CLR
 420  CDC-15  Warning   Clock enable controlled CDC structure detected      0  Asynch Clock Groups  phy_rst_cnt_reg[23]/C  u_eth/u_icmp/u_icmp_rx/des_mac_reg[0]/CLR
 421  CDC-15  Warning   Clock enable controlled CDC structure detected      0  Asynch Clock Groups  phy_rst_cnt_reg[23]/C  u_eth/u_icmp/u_icmp_rx/des_mac_reg[1]/CLR
 422  CDC-15  Warning   Clock enable controlled CDC structure detected      0  Asynch Clock Groups  phy_rst_cnt_reg[23]/C  u_eth/u_icmp/u_icmp_rx/des_mac_reg[2]/CLR
 423  CDC-15  Warning   Clock enable controlled CDC structure detected      0  Asynch Clock Groups  phy_rst_cnt_reg[23]/C  u_eth/u_icmp/u_icmp_rx/des_mac_reg[3]/CLR
 424  CDC-15  Warning   Clock enable controlled CDC structure detected      0  Asynch Clock Groups  phy_rst_cnt_reg[23]/C  u_eth/u_icmp/u_icmp_rx/des_mac_reg[4]/CLR
 425  CDC-15  Warning   Clock enable controlled CDC structure detected      0  Asynch Clock Groups  phy_rst_cnt_reg[23]/C  u_eth/u_icmp/u_icmp_rx/des_mac_reg[5]/CLR
 426  CDC-15  Warning   Clock enable controlled CDC structure detected      0  Asynch Clock Groups  phy_rst_cnt_reg[23]/C  u_eth/u_icmp/u_icmp_rx/des_mac_reg[6]/CLR
 427  CDC-15  Warning   Clock enable controlled CDC structure detected      0  Asynch Clock Groups  phy_rst_cnt_reg[23]/C  u_eth/u_icmp/u_icmp_rx/des_mac_reg[7]/CLR
 428  CDC-7   Critical  Asynchronous reset unknown CDC circuitry            0  Asynch Clock Groups  phy_rst_cnt_reg[23]/C  u_eth/u_icmp/u_icmp_rx/error_en_reg/CLR
 429  CDC-15  Warning   Clock enable controlled CDC structure detected      0  Asynch Clock Groups  phy_rst_cnt_reg[23]/C  u_eth/u_icmp/u_icmp_rx/eth_type_reg[8]/CLR
 430  CDC-15  Warning   Clock enable controlled CDC structure detected      0  Asynch Clock Groups  phy_rst_cnt_reg[23]/C  u_eth/u_icmp/u_icmp_rx/eth_type_reg[9]/CLR
 431  CDC-15  Warning   Clock enable controlled CDC structure detected      0  Asynch Clock Groups  phy_rst_cnt_reg[23]/C  u_eth/u_icmp/u_icmp_rx/eth_type_reg[10]/CLR
 432  CDC-15  Warning   Clock enable controlled CDC structure detected      0  Asynch Clock Groups  phy_rst_cnt_reg[23]/C  u_eth/u_icmp/u_icmp_rx/eth_type_reg[11]/CLR
 433  CDC-15  Warning   Clock enable controlled CDC structure detected      0  Asynch Clock Groups  phy_rst_cnt_reg[23]/C  u_eth/u_icmp/u_icmp_rx/eth_type_reg[12]/CLR
 434  CDC-15  Warning   Clock enable controlled CDC structure detected      0  Asynch Clock Groups  phy_rst_cnt_reg[23]/C  u_eth/u_icmp/u_icmp_rx/eth_type_reg[13]/CLR
 435  CDC-15  Warning   Clock enable controlled CDC structure detected      0  Asynch Clock Groups  phy_rst_cnt_reg[23]/C  u_eth/u_icmp/u_icmp_rx/eth_type_reg[14]/CLR
 436  CDC-15  Warning   Clock enable controlled CDC structure detected      0  Asynch Clock Groups  phy_rst_cnt_reg[23]/C  u_eth/u_icmp/u_icmp_rx/eth_type_reg[15]/CLR
 437  CDC-15  Warning   Clock enable controlled CDC structure detected      0  Asynch Clock Groups  phy_rst_cnt_reg[23]/C  u_eth/u_icmp/u_icmp_rx/icmp_data_length_reg[1]/CLR
 438  CDC-15  Warning   Clock enable controlled CDC structure detected      0  Asynch Clock Groups  phy_rst_cnt_reg[23]/C  u_eth/u_icmp/u_icmp_rx/icmp_data_length_reg[2]/CLR
 439  CDC-15  Warning   Clock enable controlled CDC structure detected      0  Asynch Clock Groups  phy_rst_cnt_reg[23]/C  u_eth/u_icmp/u_icmp_rx/icmp_data_length_reg[3]/CLR
 440  CDC-15  Warning   Clock enable controlled CDC structure detected      0  Asynch Clock Groups  phy_rst_cnt_reg[23]/C  u_eth/u_icmp/u_icmp_rx/icmp_data_length_reg[4]/CLR
 441  CDC-15  Warning   Clock enable controlled CDC structure detected      0  Asynch Clock Groups  phy_rst_cnt_reg[23]/C  u_eth/u_icmp/u_icmp_rx/icmp_data_length_reg[5]/CLR
 442  CDC-15  Warning   Clock enable controlled CDC structure detected      0  Asynch Clock Groups  phy_rst_cnt_reg[23]/C  u_eth/u_icmp/u_icmp_rx/icmp_data_length_reg[6]/CLR
 443  CDC-15  Warning   Clock enable controlled CDC structure detected      0  Asynch Clock Groups  phy_rst_cnt_reg[23]/C  u_eth/u_icmp/u_icmp_rx/icmp_data_length_reg[7]/CLR
 444  CDC-15  Warning   Clock enable controlled CDC structure detected      0  Asynch Clock Groups  phy_rst_cnt_reg[23]/C  u_eth/u_icmp/u_icmp_rx/icmp_data_length_reg[8]/CLR
 445  CDC-15  Warning   Clock enable controlled CDC structure detected      0  Asynch Clock Groups  phy_rst_cnt_reg[23]/C  u_eth/u_icmp/u_icmp_rx/icmp_data_length_reg[9]/CLR
 446  CDC-15  Warning   Clock enable controlled CDC structure detected      0  Asynch Clock Groups  phy_rst_cnt_reg[23]/C  u_eth/u_icmp/u_icmp_rx/icmp_data_length_reg[10]/CLR
 447  CDC-15  Warning   Clock enable controlled CDC structure detected      0  Asynch Clock Groups  phy_rst_cnt_reg[23]/C  u_eth/u_icmp/u_icmp_rx/icmp_data_length_reg[11]/CLR
 448  CDC-15  Warning   Clock enable controlled CDC structure detected      0  Asynch Clock Groups  phy_rst_cnt_reg[23]/C  u_eth/u_icmp/u_icmp_rx/icmp_data_length_reg[12]/CLR
 449  CDC-15  Warning   Clock enable controlled CDC structure detected      0  Asynch Clock Groups  phy_rst_cnt_reg[23]/C  u_eth/u_icmp/u_icmp_rx/icmp_data_length_reg[13]/CLR
 450  CDC-15  Warning   Clock enable controlled CDC structure detected      0  Asynch Clock Groups  phy_rst_cnt_reg[23]/C  u_eth/u_icmp/u_icmp_rx/icmp_data_length_reg[14]/CLR
 451  CDC-15  Warning   Clock enable controlled CDC structure detected      0  Asynch Clock Groups  phy_rst_cnt_reg[23]/C  u_eth/u_icmp/u_icmp_rx/icmp_data_length_reg[15]/CLR
 452  CDC-15  Warning   Clock enable controlled CDC structure detected      0  Asynch Clock Groups  phy_rst_cnt_reg[23]/C  u_eth/u_icmp/u_icmp_rx/icmp_id_reg[0]/CLR
 453  CDC-15  Warning   Clock enable controlled CDC structure detected      0  Asynch Clock Groups  phy_rst_cnt_reg[23]/C  u_eth/u_icmp/u_icmp_rx/icmp_id_reg[1]/CLR
 454  CDC-15  Warning   Clock enable controlled CDC structure detected      0  Asynch Clock Groups  phy_rst_cnt_reg[23]/C  u_eth/u_icmp/u_icmp_rx/icmp_id_reg[2]/CLR
 455  CDC-15  Warning   Clock enable controlled CDC structure detected      0  Asynch Clock Groups  phy_rst_cnt_reg[23]/C  u_eth/u_icmp/u_icmp_rx/icmp_id_reg[3]/CLR
 456  CDC-15  Warning   Clock enable controlled CDC structure detected      0  Asynch Clock Groups  phy_rst_cnt_reg[23]/C  u_eth/u_icmp/u_icmp_rx/icmp_id_reg[4]/CLR
 457  CDC-15  Warning   Clock enable controlled CDC structure detected      0  Asynch Clock Groups  phy_rst_cnt_reg[23]/C  u_eth/u_icmp/u_icmp_rx/icmp_id_reg[5]/CLR
 458  CDC-15  Warning   Clock enable controlled CDC structure detected      0  Asynch Clock Groups  phy_rst_cnt_reg[23]/C  u_eth/u_icmp/u_icmp_rx/icmp_id_reg[6]/CLR
 459  CDC-15  Warning   Clock enable controlled CDC structure detected      0  Asynch Clock Groups  phy_rst_cnt_reg[23]/C  u_eth/u_icmp/u_icmp_rx/icmp_id_reg[7]/CLR
 460  CDC-15  Warning   Clock enable controlled CDC structure detected      0  Asynch Clock Groups  phy_rst_cnt_reg[23]/C  u_eth/u_icmp/u_icmp_rx/icmp_id_reg[8]/CLR
 461  CDC-15  Warning   Clock enable controlled CDC structure detected      0  Asynch Clock Groups  phy_rst_cnt_reg[23]/C  u_eth/u_icmp/u_icmp_rx/icmp_id_reg[9]/CLR
 462  CDC-15  Warning   Clock enable controlled CDC structure detected      0  Asynch Clock Groups  phy_rst_cnt_reg[23]/C  u_eth/u_icmp/u_icmp_rx/icmp_id_reg[10]/CLR
 463  CDC-15  Warning   Clock enable controlled CDC structure detected      0  Asynch Clock Groups  phy_rst_cnt_reg[23]/C  u_eth/u_icmp/u_icmp_rx/icmp_id_reg[11]/CLR
 464  CDC-15  Warning   Clock enable controlled CDC structure detected      0  Asynch Clock Groups  phy_rst_cnt_reg[23]/C  u_eth/u_icmp/u_icmp_rx/icmp_id_reg[12]/CLR
 465  CDC-15  Warning   Clock enable controlled CDC structure detected      0  Asynch Clock Groups  phy_rst_cnt_reg[23]/C  u_eth/u_icmp/u_icmp_rx/icmp_id_reg[13]/CLR
 466  CDC-15  Warning   Clock enable controlled CDC structure detected      0  Asynch Clock Groups  phy_rst_cnt_reg[23]/C  u_eth/u_icmp/u_icmp_rx/icmp_id_reg[14]/CLR
 467  CDC-15  Warning   Clock enable controlled CDC structure detected      0  Asynch Clock Groups  phy_rst_cnt_reg[23]/C  u_eth/u_icmp/u_icmp_rx/icmp_id_reg[15]/CLR
 468  CDC-15  Warning   Clock enable controlled CDC structure detected      0  Asynch Clock Groups  phy_rst_cnt_reg[23]/C  u_eth/u_icmp/u_icmp_rx/icmp_rx_cnt_reg[0]/CLR
 469  CDC-15  Warning   Clock enable controlled CDC structure detected      0  Asynch Clock Groups  phy_rst_cnt_reg[23]/C  u_eth/u_icmp/u_icmp_rx/icmp_rx_cnt_reg[1]/CLR
 470  CDC-15  Warning   Clock enable controlled CDC structure detected      0  Asynch Clock Groups  phy_rst_cnt_reg[23]/C  u_eth/u_icmp/u_icmp_rx/icmp_rx_cnt_reg[2]/CLR
 471  CDC-15  Warning   Clock enable controlled CDC structure detected      0  Asynch Clock Groups  phy_rst_cnt_reg[23]/C  u_eth/u_icmp/u_icmp_rx/icmp_rx_cnt_reg[3]/CLR
 472  CDC-15  Warning   Clock enable controlled CDC structure detected      0  Asynch Clock Groups  phy_rst_cnt_reg[23]/C  u_eth/u_icmp/u_icmp_rx/icmp_rx_cnt_reg[4]/CLR
 473  CDC-15  Warning   Clock enable controlled CDC structure detected      0  Asynch Clock Groups  phy_rst_cnt_reg[23]/C  u_eth/u_icmp/u_icmp_rx/icmp_rx_cnt_reg[5]/CLR
 474  CDC-15  Warning   Clock enable controlled CDC structure detected      0  Asynch Clock Groups  phy_rst_cnt_reg[23]/C  u_eth/u_icmp/u_icmp_rx/icmp_rx_cnt_reg[6]/CLR
 475  CDC-15  Warning   Clock enable controlled CDC structure detected      0  Asynch Clock Groups  phy_rst_cnt_reg[23]/C  u_eth/u_icmp/u_icmp_rx/icmp_rx_cnt_reg[7]/CLR
 476  CDC-15  Warning   Clock enable controlled CDC structure detected      0  Asynch Clock Groups  phy_rst_cnt_reg[23]/C  u_eth/u_icmp/u_icmp_rx/icmp_rx_cnt_reg[8]/CLR
 477  CDC-15  Warning   Clock enable controlled CDC structure detected      0  Asynch Clock Groups  phy_rst_cnt_reg[23]/C  u_eth/u_icmp/u_icmp_rx/icmp_rx_cnt_reg[9]/CLR
 478  CDC-15  Warning   Clock enable controlled CDC structure detected      0  Asynch Clock Groups  phy_rst_cnt_reg[23]/C  u_eth/u_icmp/u_icmp_rx/icmp_rx_cnt_reg[10]/CLR
 479  CDC-15  Warning   Clock enable controlled CDC structure detected      0  Asynch Clock Groups  phy_rst_cnt_reg[23]/C  u_eth/u_icmp/u_icmp_rx/icmp_rx_cnt_reg[11]/CLR
 480  CDC-15  Warning   Clock enable controlled CDC structure detected      0  Asynch Clock Groups  phy_rst_cnt_reg[23]/C  u_eth/u_icmp/u_icmp_rx/icmp_rx_cnt_reg[12]/CLR
 481  CDC-15  Warning   Clock enable controlled CDC structure detected      0  Asynch Clock Groups  phy_rst_cnt_reg[23]/C  u_eth/u_icmp/u_icmp_rx/icmp_rx_cnt_reg[13]/CLR
 482  CDC-15  Warning   Clock enable controlled CDC structure detected      0  Asynch Clock Groups  phy_rst_cnt_reg[23]/C  u_eth/u_icmp/u_icmp_rx/icmp_rx_cnt_reg[14]/CLR
 483  CDC-15  Warning   Clock enable controlled CDC structure detected      0  Asynch Clock Groups  phy_rst_cnt_reg[23]/C  u_eth/u_icmp/u_icmp_rx/icmp_rx_cnt_reg[15]/CLR
 484  CDC-15  Warning   Clock enable controlled CDC structure detected      0  Asynch Clock Groups  phy_rst_cnt_reg[23]/C  u_eth/u_icmp/u_icmp_rx/icmp_rx_data_d0_reg[0]/CLR
 485  CDC-15  Warning   Clock enable controlled CDC structure detected      0  Asynch Clock Groups  phy_rst_cnt_reg[23]/C  u_eth/u_icmp/u_icmp_rx/icmp_rx_data_d0_reg[1]/CLR
 486  CDC-15  Warning   Clock enable controlled CDC structure detected      0  Asynch Clock Groups  phy_rst_cnt_reg[23]/C  u_eth/u_icmp/u_icmp_rx/icmp_rx_data_d0_reg[2]/CLR
 487  CDC-15  Warning   Clock enable controlled CDC structure detected      0  Asynch Clock Groups  phy_rst_cnt_reg[23]/C  u_eth/u_icmp/u_icmp_rx/icmp_rx_data_d0_reg[3]/CLR
 488  CDC-15  Warning   Clock enable controlled CDC structure detected      0  Asynch Clock Groups  phy_rst_cnt_reg[23]/C  u_eth/u_icmp/u_icmp_rx/icmp_rx_data_d0_reg[4]/CLR
 489  CDC-15  Warning   Clock enable controlled CDC structure detected      0  Asynch Clock Groups  phy_rst_cnt_reg[23]/C  u_eth/u_icmp/u_icmp_rx/icmp_rx_data_d0_reg[5]/CLR
 490  CDC-15  Warning   Clock enable controlled CDC structure detected      0  Asynch Clock Groups  phy_rst_cnt_reg[23]/C  u_eth/u_icmp/u_icmp_rx/icmp_rx_data_d0_reg[6]/CLR
 491  CDC-15  Warning   Clock enable controlled CDC structure detected      0  Asynch Clock Groups  phy_rst_cnt_reg[23]/C  u_eth/u_icmp/u_icmp_rx/icmp_rx_data_d0_reg[7]/CLR
 492  CDC-15  Warning   Clock enable controlled CDC structure detected      0  Asynch Clock Groups  phy_rst_cnt_reg[23]/C  u_eth/u_icmp/u_icmp_rx/icmp_seq_reg[0]/CLR
 493  CDC-15  Warning   Clock enable controlled CDC structure detected      0  Asynch Clock Groups  phy_rst_cnt_reg[23]/C  u_eth/u_icmp/u_icmp_rx/icmp_seq_reg[1]/CLR
 494  CDC-15  Warning   Clock enable controlled CDC structure detected      0  Asynch Clock Groups  phy_rst_cnt_reg[23]/C  u_eth/u_icmp/u_icmp_rx/icmp_seq_reg[2]/CLR
 495  CDC-15  Warning   Clock enable controlled CDC structure detected      0  Asynch Clock Groups  phy_rst_cnt_reg[23]/C  u_eth/u_icmp/u_icmp_rx/icmp_seq_reg[3]/CLR
 496  CDC-15  Warning   Clock enable controlled CDC structure detected      0  Asynch Clock Groups  phy_rst_cnt_reg[23]/C  u_eth/u_icmp/u_icmp_rx/icmp_seq_reg[4]/CLR
 497  CDC-15  Warning   Clock enable controlled CDC structure detected      0  Asynch Clock Groups  phy_rst_cnt_reg[23]/C  u_eth/u_icmp/u_icmp_rx/icmp_seq_reg[5]/CLR
 498  CDC-15  Warning   Clock enable controlled CDC structure detected      0  Asynch Clock Groups  phy_rst_cnt_reg[23]/C  u_eth/u_icmp/u_icmp_rx/icmp_seq_reg[6]/CLR
 499  CDC-15  Warning   Clock enable controlled CDC structure detected      0  Asynch Clock Groups  phy_rst_cnt_reg[23]/C  u_eth/u_icmp/u_icmp_rx/icmp_seq_reg[7]/CLR
 500  CDC-15  Warning   Clock enable controlled CDC structure detected      0  Asynch Clock Groups  phy_rst_cnt_reg[23]/C  u_eth/u_icmp/u_icmp_rx/icmp_seq_reg[8]/CLR
 501  CDC-15  Warning   Clock enable controlled CDC structure detected      0  Asynch Clock Groups  phy_rst_cnt_reg[23]/C  u_eth/u_icmp/u_icmp_rx/icmp_seq_reg[9]/CLR
 502  CDC-15  Warning   Clock enable controlled CDC structure detected      0  Asynch Clock Groups  phy_rst_cnt_reg[23]/C  u_eth/u_icmp/u_icmp_rx/icmp_seq_reg[10]/CLR
 503  CDC-15  Warning   Clock enable controlled CDC structure detected      0  Asynch Clock Groups  phy_rst_cnt_reg[23]/C  u_eth/u_icmp/u_icmp_rx/icmp_seq_reg[11]/CLR
 504  CDC-15  Warning   Clock enable controlled CDC structure detected      0  Asynch Clock Groups  phy_rst_cnt_reg[23]/C  u_eth/u_icmp/u_icmp_rx/icmp_seq_reg[12]/CLR
 505  CDC-15  Warning   Clock enable controlled CDC structure detected      0  Asynch Clock Groups  phy_rst_cnt_reg[23]/C  u_eth/u_icmp/u_icmp_rx/icmp_seq_reg[13]/CLR
 506  CDC-15  Warning   Clock enable controlled CDC structure detected      0  Asynch Clock Groups  phy_rst_cnt_reg[23]/C  u_eth/u_icmp/u_icmp_rx/icmp_seq_reg[14]/CLR
 507  CDC-15  Warning   Clock enable controlled CDC structure detected      0  Asynch Clock Groups  phy_rst_cnt_reg[23]/C  u_eth/u_icmp/u_icmp_rx/icmp_seq_reg[15]/CLR
 508  CDC-15  Warning   Clock enable controlled CDC structure detected      0  Asynch Clock Groups  phy_rst_cnt_reg[23]/C  u_eth/u_icmp/u_icmp_rx/icmp_type_reg[0]/CLR
 509  CDC-15  Warning   Clock enable controlled CDC structure detected      0  Asynch Clock Groups  phy_rst_cnt_reg[23]/C  u_eth/u_icmp/u_icmp_rx/icmp_type_reg[1]/CLR
 510  CDC-15  Warning   Clock enable controlled CDC structure detected      0  Asynch Clock Groups  phy_rst_cnt_reg[23]/C  u_eth/u_icmp/u_icmp_rx/icmp_type_reg[2]/CLR
 511  CDC-15  Warning   Clock enable controlled CDC structure detected      0  Asynch Clock Groups  phy_rst_cnt_reg[23]/C  u_eth/u_icmp/u_icmp_rx/icmp_type_reg[3]/CLR
 512  CDC-15  Warning   Clock enable controlled CDC structure detected      0  Asynch Clock Groups  phy_rst_cnt_reg[23]/C  u_eth/u_icmp/u_icmp_rx/icmp_type_reg[4]/CLR
 513  CDC-15  Warning   Clock enable controlled CDC structure detected      0  Asynch Clock Groups  phy_rst_cnt_reg[23]/C  u_eth/u_icmp/u_icmp_rx/icmp_type_reg[5]/CLR
 514  CDC-15  Warning   Clock enable controlled CDC structure detected      0  Asynch Clock Groups  phy_rst_cnt_reg[23]/C  u_eth/u_icmp/u_icmp_rx/icmp_type_reg[6]/CLR
 515  CDC-15  Warning   Clock enable controlled CDC structure detected      0  Asynch Clock Groups  phy_rst_cnt_reg[23]/C  u_eth/u_icmp/u_icmp_rx/icmp_type_reg[7]/CLR
 516  CDC-15  Warning   Clock enable controlled CDC structure detected      0  Asynch Clock Groups  phy_rst_cnt_reg[23]/C  u_eth/u_icmp/u_icmp_rx/rec_data_reg[0]/CLR
 517  CDC-15  Warning   Clock enable controlled CDC structure detected      0  Asynch Clock Groups  phy_rst_cnt_reg[23]/C  u_eth/u_icmp/u_icmp_rx/rec_data_reg[1]/CLR
 518  CDC-15  Warning   Clock enable controlled CDC structure detected      0  Asynch Clock Groups  phy_rst_cnt_reg[23]/C  u_eth/u_icmp/u_icmp_rx/rec_data_reg[2]/CLR
 519  CDC-15  Warning   Clock enable controlled CDC structure detected      0  Asynch Clock Groups  phy_rst_cnt_reg[23]/C  u_eth/u_icmp/u_icmp_rx/rec_data_reg[3]/CLR
 520  CDC-15  Warning   Clock enable controlled CDC structure detected      0  Asynch Clock Groups  phy_rst_cnt_reg[23]/C  u_eth/u_icmp/u_icmp_rx/rec_data_reg[4]/CLR
 521  CDC-15  Warning   Clock enable controlled CDC structure detected      0  Asynch Clock Groups  phy_rst_cnt_reg[23]/C  u_eth/u_icmp/u_icmp_rx/rec_data_reg[5]/CLR
 522  CDC-15  Warning   Clock enable controlled CDC structure detected      0  Asynch Clock Groups  phy_rst_cnt_reg[23]/C  u_eth/u_icmp/u_icmp_rx/rec_data_reg[6]/CLR
 523  CDC-15  Warning   Clock enable controlled CDC structure detected      0  Asynch Clock Groups  phy_rst_cnt_reg[23]/C  u_eth/u_icmp/u_icmp_rx/rec_data_reg[7]/CLR
 524  CDC-7   Critical  Asynchronous reset unknown CDC circuitry            0  Asynch Clock Groups  phy_rst_cnt_reg[23]/C  u_eth/u_icmp/u_icmp_rx/rec_en_reg/CLR
 525  CDC-7   Critical  Asynchronous reset unknown CDC circuitry            0  Asynch Clock Groups  phy_rst_cnt_reg[23]/C  u_eth/u_icmp/u_icmp_rx/rec_pkt_done_reg/CLR
 526  CDC-15  Warning   Clock enable controlled CDC structure detected      0  Asynch Clock Groups  phy_rst_cnt_reg[23]/C  u_eth/u_icmp/u_icmp_rx/reply_checksum_add_reg[0]/CLR
 527  CDC-15  Warning   Clock enable controlled CDC structure detected      0  Asynch Clock Groups  phy_rst_cnt_reg[23]/C  u_eth/u_icmp/u_icmp_rx/reply_checksum_add_reg[1]/CLR
 528  CDC-15  Warning   Clock enable controlled CDC structure detected      0  Asynch Clock Groups  phy_rst_cnt_reg[23]/C  u_eth/u_icmp/u_icmp_rx/reply_checksum_add_reg[2]/CLR
 529  CDC-15  Warning   Clock enable controlled CDC structure detected      0  Asynch Clock Groups  phy_rst_cnt_reg[23]/C  u_eth/u_icmp/u_icmp_rx/reply_checksum_add_reg[3]/CLR
 530  CDC-15  Warning   Clock enable controlled CDC structure detected      0  Asynch Clock Groups  phy_rst_cnt_reg[23]/C  u_eth/u_icmp/u_icmp_rx/reply_checksum_add_reg[4]/CLR
 531  CDC-15  Warning   Clock enable controlled CDC structure detected      0  Asynch Clock Groups  phy_rst_cnt_reg[23]/C  u_eth/u_icmp/u_icmp_rx/reply_checksum_add_reg[5]/CLR
 532  CDC-15  Warning   Clock enable controlled CDC structure detected      0  Asynch Clock Groups  phy_rst_cnt_reg[23]/C  u_eth/u_icmp/u_icmp_rx/reply_checksum_add_reg[6]/CLR
 533  CDC-15  Warning   Clock enable controlled CDC structure detected      0  Asynch Clock Groups  phy_rst_cnt_reg[23]/C  u_eth/u_icmp/u_icmp_rx/reply_checksum_add_reg[7]/CLR
 534  CDC-15  Warning   Clock enable controlled CDC structure detected      0  Asynch Clock Groups  phy_rst_cnt_reg[23]/C  u_eth/u_icmp/u_icmp_rx/reply_checksum_add_reg[8]/CLR
 535  CDC-15  Warning   Clock enable controlled CDC structure detected      0  Asynch Clock Groups  phy_rst_cnt_reg[23]/C  u_eth/u_icmp/u_icmp_rx/reply_checksum_add_reg[9]/CLR
 536  CDC-15  Warning   Clock enable controlled CDC structure detected      0  Asynch Clock Groups  phy_rst_cnt_reg[23]/C  u_eth/u_icmp/u_icmp_rx/reply_checksum_add_reg[10]/CLR
 537  CDC-15  Warning   Clock enable controlled CDC structure detected      0  Asynch Clock Groups  phy_rst_cnt_reg[23]/C  u_eth/u_icmp/u_icmp_rx/reply_checksum_add_reg[11]/CLR
 538  CDC-15  Warning   Clock enable controlled CDC structure detected      0  Asynch Clock Groups  phy_rst_cnt_reg[23]/C  u_eth/u_icmp/u_icmp_rx/reply_checksum_add_reg[12]/CLR
 539  CDC-15  Warning   Clock enable controlled CDC structure detected      0  Asynch Clock Groups  phy_rst_cnt_reg[23]/C  u_eth/u_icmp/u_icmp_rx/reply_checksum_add_reg[13]/CLR
 540  CDC-15  Warning   Clock enable controlled CDC structure detected      0  Asynch Clock Groups  phy_rst_cnt_reg[23]/C  u_eth/u_icmp/u_icmp_rx/reply_checksum_add_reg[14]/CLR
 541  CDC-15  Warning   Clock enable controlled CDC structure detected      0  Asynch Clock Groups  phy_rst_cnt_reg[23]/C  u_eth/u_icmp/u_icmp_rx/reply_checksum_add_reg[15]/CLR
 542  CDC-15  Warning   Clock enable controlled CDC structure detected      0  Asynch Clock Groups  phy_rst_cnt_reg[23]/C  u_eth/u_icmp/u_icmp_rx/reply_checksum_add_reg[16]/CLR
 543  CDC-15  Warning   Clock enable controlled CDC structure detected      0  Asynch Clock Groups  phy_rst_cnt_reg[23]/C  u_eth/u_icmp/u_icmp_rx/reply_checksum_add_reg[17]/CLR
 544  CDC-15  Warning   Clock enable controlled CDC structure detected      0  Asynch Clock Groups  phy_rst_cnt_reg[23]/C  u_eth/u_icmp/u_icmp_rx/reply_checksum_add_reg[18]/CLR
 545  CDC-15  Warning   Clock enable controlled CDC structure detected      0  Asynch Clock Groups  phy_rst_cnt_reg[23]/C  u_eth/u_icmp/u_icmp_rx/reply_checksum_add_reg[19]/CLR
 546  CDC-15  Warning   Clock enable controlled CDC structure detected      0  Asynch Clock Groups  phy_rst_cnt_reg[23]/C  u_eth/u_icmp/u_icmp_rx/reply_checksum_add_reg[20]/CLR
 547  CDC-15  Warning   Clock enable controlled CDC structure detected      0  Asynch Clock Groups  phy_rst_cnt_reg[23]/C  u_eth/u_icmp/u_icmp_rx/reply_checksum_add_reg[21]/CLR
 548  CDC-15  Warning   Clock enable controlled CDC structure detected      0  Asynch Clock Groups  phy_rst_cnt_reg[23]/C  u_eth/u_icmp/u_icmp_rx/reply_checksum_add_reg[22]/CLR
 549  CDC-15  Warning   Clock enable controlled CDC structure detected      0  Asynch Clock Groups  phy_rst_cnt_reg[23]/C  u_eth/u_icmp/u_icmp_rx/reply_checksum_add_reg[23]/CLR
 550  CDC-15  Warning   Clock enable controlled CDC structure detected      0  Asynch Clock Groups  phy_rst_cnt_reg[23]/C  u_eth/u_icmp/u_icmp_rx/reply_checksum_add_reg[24]/CLR
 551  CDC-15  Warning   Clock enable controlled CDC structure detected      0  Asynch Clock Groups  phy_rst_cnt_reg[23]/C  u_eth/u_icmp/u_icmp_rx/reply_checksum_add_reg[25]/CLR
 552  CDC-15  Warning   Clock enable controlled CDC structure detected      0  Asynch Clock Groups  phy_rst_cnt_reg[23]/C  u_eth/u_icmp/u_icmp_rx/reply_checksum_add_reg[26]/CLR
 553  CDC-15  Warning   Clock enable controlled CDC structure detected      0  Asynch Clock Groups  phy_rst_cnt_reg[23]/C  u_eth/u_icmp/u_icmp_rx/reply_checksum_add_reg[27]/CLR
 554  CDC-15  Warning   Clock enable controlled CDC structure detected      0  Asynch Clock Groups  phy_rst_cnt_reg[23]/C  u_eth/u_icmp/u_icmp_rx/reply_checksum_add_reg[28]/CLR
 555  CDC-15  Warning   Clock enable controlled CDC structure detected      0  Asynch Clock Groups  phy_rst_cnt_reg[23]/C  u_eth/u_icmp/u_icmp_rx/reply_checksum_add_reg[29]/CLR
 556  CDC-15  Warning   Clock enable controlled CDC structure detected      0  Asynch Clock Groups  phy_rst_cnt_reg[23]/C  u_eth/u_icmp/u_icmp_rx/reply_checksum_add_reg[30]/CLR
 557  CDC-15  Warning   Clock enable controlled CDC structure detected      0  Asynch Clock Groups  phy_rst_cnt_reg[23]/C  u_eth/u_icmp/u_icmp_rx/reply_checksum_add_reg[31]/CLR
 558  CDC-7   Critical  Asynchronous reset unknown CDC circuitry            0  Asynch Clock Groups  phy_rst_cnt_reg[23]/C  u_eth/u_icmp/u_icmp_rx/skip_en_reg/CLR
 559  CDC-15  Warning   Clock enable controlled CDC structure detected      0  Asynch Clock Groups  phy_rst_cnt_reg[23]/C  u_eth/u_icmp/u_icmp_rx/total_length_reg[0]/CLR
 560  CDC-15  Warning   Clock enable controlled CDC structure detected      0  Asynch Clock Groups  phy_rst_cnt_reg[23]/C  u_eth/u_icmp/u_icmp_rx/total_length_reg[1]/CLR
 561  CDC-15  Warning   Clock enable controlled CDC structure detected      0  Asynch Clock Groups  phy_rst_cnt_reg[23]/C  u_eth/u_icmp/u_icmp_rx/total_length_reg[2]/CLR
 562  CDC-15  Warning   Clock enable controlled CDC structure detected      0  Asynch Clock Groups  phy_rst_cnt_reg[23]/C  u_eth/u_icmp/u_icmp_rx/total_length_reg[3]/CLR
 563  CDC-15  Warning   Clock enable controlled CDC structure detected      0  Asynch Clock Groups  phy_rst_cnt_reg[23]/C  u_eth/u_icmp/u_icmp_rx/total_length_reg[4]/CLR
 564  CDC-15  Warning   Clock enable controlled CDC structure detected      0  Asynch Clock Groups  phy_rst_cnt_reg[23]/C  u_eth/u_icmp/u_icmp_rx/total_length_reg[5]/CLR
 565  CDC-15  Warning   Clock enable controlled CDC structure detected      0  Asynch Clock Groups  phy_rst_cnt_reg[23]/C  u_eth/u_icmp/u_icmp_rx/total_length_reg[6]/CLR
 566  CDC-15  Warning   Clock enable controlled CDC structure detected      0  Asynch Clock Groups  phy_rst_cnt_reg[23]/C  u_eth/u_icmp/u_icmp_rx/total_length_reg[7]/CLR
 567  CDC-15  Warning   Clock enable controlled CDC structure detected      0  Asynch Clock Groups  phy_rst_cnt_reg[23]/C  u_eth/u_icmp/u_icmp_rx/total_length_reg[8]/CLR
 568  CDC-15  Warning   Clock enable controlled CDC structure detected      0  Asynch Clock Groups  phy_rst_cnt_reg[23]/C  u_eth/u_icmp/u_icmp_rx/total_length_reg[9]/CLR
 569  CDC-15  Warning   Clock enable controlled CDC structure detected      0  Asynch Clock Groups  phy_rst_cnt_reg[23]/C  u_eth/u_icmp/u_icmp_rx/total_length_reg[10]/CLR
 570  CDC-15  Warning   Clock enable controlled CDC structure detected      0  Asynch Clock Groups  phy_rst_cnt_reg[23]/C  u_eth/u_icmp/u_icmp_rx/total_length_reg[11]/CLR
 571  CDC-15  Warning   Clock enable controlled CDC structure detected      0  Asynch Clock Groups  phy_rst_cnt_reg[23]/C  u_eth/u_icmp/u_icmp_rx/total_length_reg[12]/CLR
 572  CDC-15  Warning   Clock enable controlled CDC structure detected      0  Asynch Clock Groups  phy_rst_cnt_reg[23]/C  u_eth/u_icmp/u_icmp_rx/total_length_reg[13]/CLR
 573  CDC-15  Warning   Clock enable controlled CDC structure detected      0  Asynch Clock Groups  phy_rst_cnt_reg[23]/C  u_eth/u_icmp/u_icmp_rx/total_length_reg[14]/CLR
 574  CDC-15  Warning   Clock enable controlled CDC structure detected      0  Asynch Clock Groups  phy_rst_cnt_reg[23]/C  u_eth/u_icmp/u_icmp_rx/total_length_reg[15]/CLR
 575  CDC-7   Critical  Asynchronous reset unknown CDC circuitry            0  Asynch Clock Groups  phy_rst_cnt_reg[23]/C  u_eth/u_icmp/u_icmp_tx/FSM_onehot_cur_state_reg[0]/PRE
 576  CDC-7   Critical  Asynchronous reset unknown CDC circuitry            0  Asynch Clock Groups  phy_rst_cnt_reg[23]/C  u_eth/u_icmp/u_icmp_tx/FSM_onehot_cur_state_reg[1]/CLR
 577  CDC-7   Critical  Asynchronous reset unknown CDC circuitry            0  Asynch Clock Groups  phy_rst_cnt_reg[23]/C  u_eth/u_icmp/u_icmp_tx/FSM_onehot_cur_state_reg[2]/CLR
 578  CDC-7   Critical  Asynchronous reset unknown CDC circuitry            0  Asynch Clock Groups  phy_rst_cnt_reg[23]/C  u_eth/u_icmp/u_icmp_tx/FSM_onehot_cur_state_reg[3]/CLR
 579  CDC-7   Critical  Asynchronous reset unknown CDC circuitry            0  Asynch Clock Groups  phy_rst_cnt_reg[23]/C  u_eth/u_icmp/u_icmp_tx/FSM_onehot_cur_state_reg[4]/CLR
 580  CDC-7   Critical  Asynchronous reset unknown CDC circuitry            0  Asynch Clock Groups  phy_rst_cnt_reg[23]/C  u_eth/u_icmp/u_icmp_tx/FSM_onehot_cur_state_reg[5]/CLR
 581  CDC-7   Critical  Asynchronous reset unknown CDC circuitry            0  Asynch Clock Groups  phy_rst_cnt_reg[23]/C  u_eth/u_icmp/u_icmp_tx/FSM_onehot_cur_state_reg[6]/CLR
 582  CDC-7   Critical  Asynchronous reset unknown CDC circuitry            0  Asynch Clock Groups  phy_rst_cnt_reg[23]/C  u_eth/u_icmp/u_icmp_tx/FSM_onehot_cur_state_reg[7]/CLR
 583  CDC-15  Warning   Clock enable controlled CDC structure detected      0  Asynch Clock Groups  phy_rst_cnt_reg[23]/C  u_eth/u_icmp/u_icmp_tx/check_buffer_icmp_reg[0]/CLR
 584  CDC-15  Warning   Clock enable controlled CDC structure detected      0  Asynch Clock Groups  phy_rst_cnt_reg[23]/C  u_eth/u_icmp/u_icmp_tx/check_buffer_icmp_reg[1]/CLR
 585  CDC-15  Warning   Clock enable controlled CDC structure detected      0  Asynch Clock Groups  phy_rst_cnt_reg[23]/C  u_eth/u_icmp/u_icmp_tx/check_buffer_icmp_reg[2]/CLR
 586  CDC-15  Warning   Clock enable controlled CDC structure detected      0  Asynch Clock Groups  phy_rst_cnt_reg[23]/C  u_eth/u_icmp/u_icmp_tx/check_buffer_icmp_reg[3]/CLR
 587  CDC-15  Warning   Clock enable controlled CDC structure detected      0  Asynch Clock Groups  phy_rst_cnt_reg[23]/C  u_eth/u_icmp/u_icmp_tx/check_buffer_icmp_reg[4]/CLR
 588  CDC-15  Warning   Clock enable controlled CDC structure detected      0  Asynch Clock Groups  phy_rst_cnt_reg[23]/C  u_eth/u_icmp/u_icmp_tx/check_buffer_icmp_reg[5]/CLR
 589  CDC-15  Warning   Clock enable controlled CDC structure detected      0  Asynch Clock Groups  phy_rst_cnt_reg[23]/C  u_eth/u_icmp/u_icmp_tx/check_buffer_icmp_reg[6]/CLR
 590  CDC-15  Warning   Clock enable controlled CDC structure detected      0  Asynch Clock Groups  phy_rst_cnt_reg[23]/C  u_eth/u_icmp/u_icmp_tx/check_buffer_icmp_reg[7]/CLR
 591  CDC-15  Warning   Clock enable controlled CDC structure detected      0  Asynch Clock Groups  phy_rst_cnt_reg[23]/C  u_eth/u_icmp/u_icmp_tx/check_buffer_icmp_reg[8]/CLR
 592  CDC-15  Warning   Clock enable controlled CDC structure detected      0  Asynch Clock Groups  phy_rst_cnt_reg[23]/C  u_eth/u_icmp/u_icmp_tx/check_buffer_icmp_reg[9]/CLR
 593  CDC-15  Warning   Clock enable controlled CDC structure detected      0  Asynch Clock Groups  phy_rst_cnt_reg[23]/C  u_eth/u_icmp/u_icmp_tx/check_buffer_icmp_reg[10]/CLR
 594  CDC-15  Warning   Clock enable controlled CDC structure detected      0  Asynch Clock Groups  phy_rst_cnt_reg[23]/C  u_eth/u_icmp/u_icmp_tx/check_buffer_icmp_reg[11]/CLR
 595  CDC-15  Warning   Clock enable controlled CDC structure detected      0  Asynch Clock Groups  phy_rst_cnt_reg[23]/C  u_eth/u_icmp/u_icmp_tx/check_buffer_icmp_reg[12]/CLR
 596  CDC-15  Warning   Clock enable controlled CDC structure detected      0  Asynch Clock Groups  phy_rst_cnt_reg[23]/C  u_eth/u_icmp/u_icmp_tx/check_buffer_icmp_reg[13]/CLR
 597  CDC-15  Warning   Clock enable controlled CDC structure detected      0  Asynch Clock Groups  phy_rst_cnt_reg[23]/C  u_eth/u_icmp/u_icmp_tx/check_buffer_icmp_reg[14]/CLR
 598  CDC-15  Warning   Clock enable controlled CDC structure detected      0  Asynch Clock Groups  phy_rst_cnt_reg[23]/C  u_eth/u_icmp/u_icmp_tx/check_buffer_icmp_reg[15]/CLR
 599  CDC-15  Warning   Clock enable controlled CDC structure detected      0  Asynch Clock Groups  phy_rst_cnt_reg[23]/C  u_eth/u_icmp/u_icmp_tx/check_buffer_icmp_reg[16]/CLR
 600  CDC-15  Warning   Clock enable controlled CDC structure detected      0  Asynch Clock Groups  phy_rst_cnt_reg[23]/C  u_eth/u_icmp/u_icmp_tx/check_buffer_icmp_reg[17]/CLR
 601  CDC-15  Warning   Clock enable controlled CDC structure detected      0  Asynch Clock Groups  phy_rst_cnt_reg[23]/C  u_eth/u_icmp/u_icmp_tx/check_buffer_icmp_reg[18]/CLR
 602  CDC-15  Warning   Clock enable controlled CDC structure detected      0  Asynch Clock Groups  phy_rst_cnt_reg[23]/C  u_eth/u_icmp/u_icmp_tx/check_buffer_icmp_reg[19]/CLR
 603  CDC-15  Warning   Clock enable controlled CDC structure detected      0  Asynch Clock Groups  phy_rst_cnt_reg[23]/C  u_eth/u_icmp/u_icmp_tx/check_buffer_icmp_reg[20]/CLR
 604  CDC-15  Warning   Clock enable controlled CDC structure detected      0  Asynch Clock Groups  phy_rst_cnt_reg[23]/C  u_eth/u_icmp/u_icmp_tx/check_buffer_icmp_reg[21]/CLR
 605  CDC-15  Warning   Clock enable controlled CDC structure detected      0  Asynch Clock Groups  phy_rst_cnt_reg[23]/C  u_eth/u_icmp/u_icmp_tx/check_buffer_icmp_reg[22]/CLR
 606  CDC-15  Warning   Clock enable controlled CDC structure detected      0  Asynch Clock Groups  phy_rst_cnt_reg[23]/C  u_eth/u_icmp/u_icmp_tx/check_buffer_icmp_reg[23]/CLR
 607  CDC-15  Warning   Clock enable controlled CDC structure detected      0  Asynch Clock Groups  phy_rst_cnt_reg[23]/C  u_eth/u_icmp/u_icmp_tx/check_buffer_icmp_reg[24]/CLR
 608  CDC-15  Warning   Clock enable controlled CDC structure detected      0  Asynch Clock Groups  phy_rst_cnt_reg[23]/C  u_eth/u_icmp/u_icmp_tx/check_buffer_icmp_reg[25]/CLR
 609  CDC-15  Warning   Clock enable controlled CDC structure detected      0  Asynch Clock Groups  phy_rst_cnt_reg[23]/C  u_eth/u_icmp/u_icmp_tx/check_buffer_icmp_reg[26]/CLR
 610  CDC-15  Warning   Clock enable controlled CDC structure detected      0  Asynch Clock Groups  phy_rst_cnt_reg[23]/C  u_eth/u_icmp/u_icmp_tx/check_buffer_icmp_reg[27]/CLR
 611  CDC-15  Warning   Clock enable controlled CDC structure detected      0  Asynch Clock Groups  phy_rst_cnt_reg[23]/C  u_eth/u_icmp/u_icmp_tx/check_buffer_icmp_reg[28]/CLR
 612  CDC-15  Warning   Clock enable controlled CDC structure detected      0  Asynch Clock Groups  phy_rst_cnt_reg[23]/C  u_eth/u_icmp/u_icmp_tx/check_buffer_icmp_reg[29]/CLR
 613  CDC-15  Warning   Clock enable controlled CDC structure detected      0  Asynch Clock Groups  phy_rst_cnt_reg[23]/C  u_eth/u_icmp/u_icmp_tx/check_buffer_icmp_reg[30]/CLR
 614  CDC-15  Warning   Clock enable controlled CDC structure detected      0  Asynch Clock Groups  phy_rst_cnt_reg[23]/C  u_eth/u_icmp/u_icmp_tx/check_buffer_icmp_reg[31]/CLR
 615  CDC-15  Warning   Clock enable controlled CDC structure detected      0  Asynch Clock Groups  phy_rst_cnt_reg[23]/C  u_eth/u_icmp/u_icmp_tx/check_buffer_reg[0]/CLR
 616  CDC-15  Warning   Clock enable controlled CDC structure detected      0  Asynch Clock Groups  phy_rst_cnt_reg[23]/C  u_eth/u_icmp/u_icmp_tx/check_buffer_reg[1]/CLR
 617  CDC-15  Warning   Clock enable controlled CDC structure detected      0  Asynch Clock Groups  phy_rst_cnt_reg[23]/C  u_eth/u_icmp/u_icmp_tx/check_buffer_reg[2]/CLR
 618  CDC-15  Warning   Clock enable controlled CDC structure detected      0  Asynch Clock Groups  phy_rst_cnt_reg[23]/C  u_eth/u_icmp/u_icmp_tx/check_buffer_reg[3]/CLR
 619  CDC-15  Warning   Clock enable controlled CDC structure detected      0  Asynch Clock Groups  phy_rst_cnt_reg[23]/C  u_eth/u_icmp/u_icmp_tx/check_buffer_reg[4]/CLR
 620  CDC-15  Warning   Clock enable controlled CDC structure detected      0  Asynch Clock Groups  phy_rst_cnt_reg[23]/C  u_eth/u_icmp/u_icmp_tx/check_buffer_reg[5]/CLR
 621  CDC-15  Warning   Clock enable controlled CDC structure detected      0  Asynch Clock Groups  phy_rst_cnt_reg[23]/C  u_eth/u_icmp/u_icmp_tx/check_buffer_reg[6]/CLR
 622  CDC-15  Warning   Clock enable controlled CDC structure detected      0  Asynch Clock Groups  phy_rst_cnt_reg[23]/C  u_eth/u_icmp/u_icmp_tx/check_buffer_reg[7]/CLR
 623  CDC-15  Warning   Clock enable controlled CDC structure detected      0  Asynch Clock Groups  phy_rst_cnt_reg[23]/C  u_eth/u_icmp/u_icmp_tx/check_buffer_reg[8]/CLR
 624  CDC-15  Warning   Clock enable controlled CDC structure detected      0  Asynch Clock Groups  phy_rst_cnt_reg[23]/C  u_eth/u_icmp/u_icmp_tx/check_buffer_reg[9]/CLR
 625  CDC-15  Warning   Clock enable controlled CDC structure detected      0  Asynch Clock Groups  phy_rst_cnt_reg[23]/C  u_eth/u_icmp/u_icmp_tx/check_buffer_reg[10]/CLR
 626  CDC-15  Warning   Clock enable controlled CDC structure detected      0  Asynch Clock Groups  phy_rst_cnt_reg[23]/C  u_eth/u_icmp/u_icmp_tx/check_buffer_reg[11]/CLR
 627  CDC-15  Warning   Clock enable controlled CDC structure detected      0  Asynch Clock Groups  phy_rst_cnt_reg[23]/C  u_eth/u_icmp/u_icmp_tx/check_buffer_reg[12]/CLR
 628  CDC-15  Warning   Clock enable controlled CDC structure detected      0  Asynch Clock Groups  phy_rst_cnt_reg[23]/C  u_eth/u_icmp/u_icmp_tx/check_buffer_reg[13]/CLR
 629  CDC-15  Warning   Clock enable controlled CDC structure detected      0  Asynch Clock Groups  phy_rst_cnt_reg[23]/C  u_eth/u_icmp/u_icmp_tx/check_buffer_reg[14]/CLR
 630  CDC-15  Warning   Clock enable controlled CDC structure detected      0  Asynch Clock Groups  phy_rst_cnt_reg[23]/C  u_eth/u_icmp/u_icmp_tx/check_buffer_reg[15]/CLR
 631  CDC-15  Warning   Clock enable controlled CDC structure detected      0  Asynch Clock Groups  phy_rst_cnt_reg[23]/C  u_eth/u_icmp/u_icmp_tx/check_buffer_reg[16]/CLR
 632  CDC-15  Warning   Clock enable controlled CDC structure detected      0  Asynch Clock Groups  phy_rst_cnt_reg[23]/C  u_eth/u_icmp/u_icmp_tx/check_buffer_reg[17]/CLR
 633  CDC-15  Warning   Clock enable controlled CDC structure detected      0  Asynch Clock Groups  phy_rst_cnt_reg[23]/C  u_eth/u_icmp/u_icmp_tx/check_buffer_reg[18]/CLR
 634  CDC-15  Warning   Clock enable controlled CDC structure detected      0  Asynch Clock Groups  phy_rst_cnt_reg[23]/C  u_eth/u_icmp/u_icmp_tx/check_buffer_reg[19]/CLR
 635  CDC-15  Warning   Clock enable controlled CDC structure detected      0  Asynch Clock Groups  phy_rst_cnt_reg[23]/C  u_eth/u_icmp/u_icmp_tx/cnt_reg[0]/CLR
 636  CDC-15  Warning   Clock enable controlled CDC structure detected      0  Asynch Clock Groups  phy_rst_cnt_reg[23]/C  u_eth/u_icmp/u_icmp_tx/cnt_reg[1]/CLR
 637  CDC-15  Warning   Clock enable controlled CDC structure detected      0  Asynch Clock Groups  phy_rst_cnt_reg[23]/C  u_eth/u_icmp/u_icmp_tx/cnt_reg[2]/CLR
 638  CDC-15  Warning   Clock enable controlled CDC structure detected      0  Asynch Clock Groups  phy_rst_cnt_reg[23]/C  u_eth/u_icmp/u_icmp_tx/cnt_reg[3]/CLR
 639  CDC-15  Warning   Clock enable controlled CDC structure detected      0  Asynch Clock Groups  phy_rst_cnt_reg[23]/C  u_eth/u_icmp/u_icmp_tx/cnt_reg[4]/CLR
 640  CDC-7   Critical  Asynchronous reset unknown CDC circuitry            0  Asynch Clock Groups  phy_rst_cnt_reg[23]/C  u_eth/u_icmp/u_icmp_tx/crc_en_reg/CLR
 641  CDC-15  Warning   Clock enable controlled CDC structure detected      0  Asynch Clock Groups  phy_rst_cnt_reg[23]/C  u_eth/u_icmp/u_icmp_tx/data_cnt_reg[0]/CLR
 642  CDC-15  Warning   Clock enable controlled CDC structure detected      0  Asynch Clock Groups  phy_rst_cnt_reg[23]/C  u_eth/u_icmp/u_icmp_tx/data_cnt_reg[1]/CLR
 643  CDC-15  Warning   Clock enable controlled CDC structure detected      0  Asynch Clock Groups  phy_rst_cnt_reg[23]/C  u_eth/u_icmp/u_icmp_tx/data_cnt_reg[2]/CLR
 644  CDC-15  Warning   Clock enable controlled CDC structure detected      0  Asynch Clock Groups  phy_rst_cnt_reg[23]/C  u_eth/u_icmp/u_icmp_tx/data_cnt_reg[3]/CLR
 645  CDC-15  Warning   Clock enable controlled CDC structure detected      0  Asynch Clock Groups  phy_rst_cnt_reg[23]/C  u_eth/u_icmp/u_icmp_tx/data_cnt_reg[4]/CLR
 646  CDC-15  Warning   Clock enable controlled CDC structure detected      0  Asynch Clock Groups  phy_rst_cnt_reg[23]/C  u_eth/u_icmp/u_icmp_tx/data_cnt_reg[5]/CLR
 647  CDC-15  Warning   Clock enable controlled CDC structure detected      0  Asynch Clock Groups  phy_rst_cnt_reg[23]/C  u_eth/u_icmp/u_icmp_tx/data_cnt_reg[6]/CLR
 648  CDC-15  Warning   Clock enable controlled CDC structure detected      0  Asynch Clock Groups  phy_rst_cnt_reg[23]/C  u_eth/u_icmp/u_icmp_tx/data_cnt_reg[7]/CLR
 649  CDC-15  Warning   Clock enable controlled CDC structure detected      0  Asynch Clock Groups  phy_rst_cnt_reg[23]/C  u_eth/u_icmp/u_icmp_tx/data_cnt_reg[8]/CLR
 650  CDC-15  Warning   Clock enable controlled CDC structure detected      0  Asynch Clock Groups  phy_rst_cnt_reg[23]/C  u_eth/u_icmp/u_icmp_tx/data_cnt_reg[9]/CLR
 651  CDC-15  Warning   Clock enable controlled CDC structure detected      0  Asynch Clock Groups  phy_rst_cnt_reg[23]/C  u_eth/u_icmp/u_icmp_tx/data_cnt_reg[10]/CLR
 652  CDC-15  Warning   Clock enable controlled CDC structure detected      0  Asynch Clock Groups  phy_rst_cnt_reg[23]/C  u_eth/u_icmp/u_icmp_tx/data_cnt_reg[11]/CLR
 653  CDC-15  Warning   Clock enable controlled CDC structure detected      0  Asynch Clock Groups  phy_rst_cnt_reg[23]/C  u_eth/u_icmp/u_icmp_tx/data_cnt_reg[12]/CLR
 654  CDC-15  Warning   Clock enable controlled CDC structure detected      0  Asynch Clock Groups  phy_rst_cnt_reg[23]/C  u_eth/u_icmp/u_icmp_tx/data_cnt_reg[13]/CLR
 655  CDC-15  Warning   Clock enable controlled CDC structure detected      0  Asynch Clock Groups  phy_rst_cnt_reg[23]/C  u_eth/u_icmp/u_icmp_tx/data_cnt_reg[14]/CLR
 656  CDC-15  Warning   Clock enable controlled CDC structure detected      0  Asynch Clock Groups  phy_rst_cnt_reg[23]/C  u_eth/u_icmp/u_icmp_tx/data_cnt_reg[15]/CLR
 657  CDC-15  Warning   Clock enable controlled CDC structure detected      0  Asynch Clock Groups  phy_rst_cnt_reg[23]/C  u_eth/u_icmp/u_icmp_tx/eth_head_reg[0][0]/PRE
 658  CDC-15  Warning   Clock enable controlled CDC structure detected      0  Asynch Clock Groups  phy_rst_cnt_reg[23]/C  u_eth/u_icmp/u_icmp_tx/eth_head_reg[0][1]/PRE
 659  CDC-15  Warning   Clock enable controlled CDC structure detected      0  Asynch Clock Groups  phy_rst_cnt_reg[23]/C  u_eth/u_icmp/u_icmp_tx/eth_head_reg[0][2]/PRE
 660  CDC-15  Warning   Clock enable controlled CDC structure detected      0  Asynch Clock Groups  phy_rst_cnt_reg[23]/C  u_eth/u_icmp/u_icmp_tx/eth_head_reg[0][3]/PRE
 661  CDC-15  Warning   Clock enable controlled CDC structure detected      0  Asynch Clock Groups  phy_rst_cnt_reg[23]/C  u_eth/u_icmp/u_icmp_tx/eth_head_reg[0][4]/PRE
 662  CDC-15  Warning   Clock enable controlled CDC structure detected      0  Asynch Clock Groups  phy_rst_cnt_reg[23]/C  u_eth/u_icmp/u_icmp_tx/eth_head_reg[0][5]/PRE
 663  CDC-15  Warning   Clock enable controlled CDC structure detected      0  Asynch Clock Groups  phy_rst_cnt_reg[23]/C  u_eth/u_icmp/u_icmp_tx/eth_head_reg[0][6]/PRE
 664  CDC-15  Warning   Clock enable controlled CDC structure detected      0  Asynch Clock Groups  phy_rst_cnt_reg[23]/C  u_eth/u_icmp/u_icmp_tx/eth_head_reg[0][7]/PRE
 665  CDC-15  Warning   Clock enable controlled CDC structure detected      0  Asynch Clock Groups  phy_rst_cnt_reg[23]/C  u_eth/u_icmp/u_icmp_tx/eth_head_reg[1][0]/PRE
 666  CDC-15  Warning   Clock enable controlled CDC structure detected      0  Asynch Clock Groups  phy_rst_cnt_reg[23]/C  u_eth/u_icmp/u_icmp_tx/eth_head_reg[1][1]/PRE
 667  CDC-15  Warning   Clock enable controlled CDC structure detected      0  Asynch Clock Groups  phy_rst_cnt_reg[23]/C  u_eth/u_icmp/u_icmp_tx/eth_head_reg[1][2]/PRE
 668  CDC-15  Warning   Clock enable controlled CDC structure detected      0  Asynch Clock Groups  phy_rst_cnt_reg[23]/C  u_eth/u_icmp/u_icmp_tx/eth_head_reg[1][3]/PRE
 669  CDC-15  Warning   Clock enable controlled CDC structure detected      0  Asynch Clock Groups  phy_rst_cnt_reg[23]/C  u_eth/u_icmp/u_icmp_tx/eth_head_reg[1][4]/PRE
 670  CDC-15  Warning   Clock enable controlled CDC structure detected      0  Asynch Clock Groups  phy_rst_cnt_reg[23]/C  u_eth/u_icmp/u_icmp_tx/eth_head_reg[1][5]/PRE
 671  CDC-15  Warning   Clock enable controlled CDC structure detected      0  Asynch Clock Groups  phy_rst_cnt_reg[23]/C  u_eth/u_icmp/u_icmp_tx/eth_head_reg[1][6]/PRE
 672  CDC-15  Warning   Clock enable controlled CDC structure detected      0  Asynch Clock Groups  phy_rst_cnt_reg[23]/C  u_eth/u_icmp/u_icmp_tx/eth_head_reg[1][7]/PRE
 673  CDC-15  Warning   Clock enable controlled CDC structure detected      0  Asynch Clock Groups  phy_rst_cnt_reg[23]/C  u_eth/u_icmp/u_icmp_tx/eth_head_reg[2][0]/PRE
 674  CDC-15  Warning   Clock enable controlled CDC structure detected      0  Asynch Clock Groups  phy_rst_cnt_reg[23]/C  u_eth/u_icmp/u_icmp_tx/eth_head_reg[2][1]/PRE
 675  CDC-15  Warning   Clock enable controlled CDC structure detected      0  Asynch Clock Groups  phy_rst_cnt_reg[23]/C  u_eth/u_icmp/u_icmp_tx/eth_head_reg[2][2]/PRE
 676  CDC-15  Warning   Clock enable controlled CDC structure detected      0  Asynch Clock Groups  phy_rst_cnt_reg[23]/C  u_eth/u_icmp/u_icmp_tx/eth_head_reg[2][3]/PRE
 677  CDC-15  Warning   Clock enable controlled CDC structure detected      0  Asynch Clock Groups  phy_rst_cnt_reg[23]/C  u_eth/u_icmp/u_icmp_tx/eth_head_reg[2][4]/PRE
 678  CDC-15  Warning   Clock enable controlled CDC structure detected      0  Asynch Clock Groups  phy_rst_cnt_reg[23]/C  u_eth/u_icmp/u_icmp_tx/eth_head_reg[2][5]/PRE
 679  CDC-15  Warning   Clock enable controlled CDC structure detected      0  Asynch Clock Groups  phy_rst_cnt_reg[23]/C  u_eth/u_icmp/u_icmp_tx/eth_head_reg[2][6]/PRE
 680  CDC-15  Warning   Clock enable controlled CDC structure detected      0  Asynch Clock Groups  phy_rst_cnt_reg[23]/C  u_eth/u_icmp/u_icmp_tx/eth_head_reg[2][7]/PRE
 681  CDC-15  Warning   Clock enable controlled CDC structure detected      0  Asynch Clock Groups  phy_rst_cnt_reg[23]/C  u_eth/u_icmp/u_icmp_tx/eth_head_reg[3][0]/PRE
 682  CDC-15  Warning   Clock enable controlled CDC structure detected      0  Asynch Clock Groups  phy_rst_cnt_reg[23]/C  u_eth/u_icmp/u_icmp_tx/eth_head_reg[3][1]/PRE
 683  CDC-15  Warning   Clock enable controlled CDC structure detected      0  Asynch Clock Groups  phy_rst_cnt_reg[23]/C  u_eth/u_icmp/u_icmp_tx/eth_head_reg[3][2]/PRE
 684  CDC-15  Warning   Clock enable controlled CDC structure detected      0  Asynch Clock Groups  phy_rst_cnt_reg[23]/C  u_eth/u_icmp/u_icmp_tx/eth_head_reg[3][3]/PRE
 685  CDC-15  Warning   Clock enable controlled CDC structure detected      0  Asynch Clock Groups  phy_rst_cnt_reg[23]/C  u_eth/u_icmp/u_icmp_tx/eth_head_reg[3][4]/PRE
 686  CDC-15  Warning   Clock enable controlled CDC structure detected      0  Asynch Clock Groups  phy_rst_cnt_reg[23]/C  u_eth/u_icmp/u_icmp_tx/eth_head_reg[3][5]/PRE
 687  CDC-15  Warning   Clock enable controlled CDC structure detected      0  Asynch Clock Groups  phy_rst_cnt_reg[23]/C  u_eth/u_icmp/u_icmp_tx/eth_head_reg[3][6]/PRE
 688  CDC-15  Warning   Clock enable controlled CDC structure detected      0  Asynch Clock Groups  phy_rst_cnt_reg[23]/C  u_eth/u_icmp/u_icmp_tx/eth_head_reg[3][7]/PRE
 689  CDC-15  Warning   Clock enable controlled CDC structure detected      0  Asynch Clock Groups  phy_rst_cnt_reg[23]/C  u_eth/u_icmp/u_icmp_tx/eth_head_reg[4][0]/PRE
 690  CDC-15  Warning   Clock enable controlled CDC structure detected      0  Asynch Clock Groups  phy_rst_cnt_reg[23]/C  u_eth/u_icmp/u_icmp_tx/eth_head_reg[4][1]/PRE
 691  CDC-15  Warning   Clock enable controlled CDC structure detected      0  Asynch Clock Groups  phy_rst_cnt_reg[23]/C  u_eth/u_icmp/u_icmp_tx/eth_head_reg[4][2]/PRE
 692  CDC-15  Warning   Clock enable controlled CDC structure detected      0  Asynch Clock Groups  phy_rst_cnt_reg[23]/C  u_eth/u_icmp/u_icmp_tx/eth_head_reg[4][3]/PRE
 693  CDC-15  Warning   Clock enable controlled CDC structure detected      0  Asynch Clock Groups  phy_rst_cnt_reg[23]/C  u_eth/u_icmp/u_icmp_tx/eth_head_reg[4][4]/PRE
 694  CDC-15  Warning   Clock enable controlled CDC structure detected      0  Asynch Clock Groups  phy_rst_cnt_reg[23]/C  u_eth/u_icmp/u_icmp_tx/eth_head_reg[4][5]/PRE
 695  CDC-15  Warning   Clock enable controlled CDC structure detected      0  Asynch Clock Groups  phy_rst_cnt_reg[23]/C  u_eth/u_icmp/u_icmp_tx/eth_head_reg[4][6]/PRE
 696  CDC-15  Warning   Clock enable controlled CDC structure detected      0  Asynch Clock Groups  phy_rst_cnt_reg[23]/C  u_eth/u_icmp/u_icmp_tx/eth_head_reg[4][7]/PRE
 697  CDC-15  Warning   Clock enable controlled CDC structure detected      0  Asynch Clock Groups  phy_rst_cnt_reg[23]/C  u_eth/u_icmp/u_icmp_tx/eth_head_reg[5][0]/PRE
 698  CDC-15  Warning   Clock enable controlled CDC structure detected      0  Asynch Clock Groups  phy_rst_cnt_reg[23]/C  u_eth/u_icmp/u_icmp_tx/eth_head_reg[5][1]/PRE
 699  CDC-15  Warning   Clock enable controlled CDC structure detected      0  Asynch Clock Groups  phy_rst_cnt_reg[23]/C  u_eth/u_icmp/u_icmp_tx/eth_head_reg[5][2]/PRE
 700  CDC-15  Warning   Clock enable controlled CDC structure detected      0  Asynch Clock Groups  phy_rst_cnt_reg[23]/C  u_eth/u_icmp/u_icmp_tx/eth_head_reg[5][3]/PRE
 701  CDC-15  Warning   Clock enable controlled CDC structure detected      0  Asynch Clock Groups  phy_rst_cnt_reg[23]/C  u_eth/u_icmp/u_icmp_tx/eth_head_reg[5][4]/PRE
 702  CDC-15  Warning   Clock enable controlled CDC structure detected      0  Asynch Clock Groups  phy_rst_cnt_reg[23]/C  u_eth/u_icmp/u_icmp_tx/eth_head_reg[5][5]/PRE
 703  CDC-15  Warning   Clock enable controlled CDC structure detected      0  Asynch Clock Groups  phy_rst_cnt_reg[23]/C  u_eth/u_icmp/u_icmp_tx/eth_head_reg[5][6]/PRE
 704  CDC-15  Warning   Clock enable controlled CDC structure detected      0  Asynch Clock Groups  phy_rst_cnt_reg[23]/C  u_eth/u_icmp/u_icmp_tx/eth_head_reg[5][7]/PRE
 705  CDC-7   Critical  Asynchronous reset unknown CDC circuitry            0  Asynch Clock Groups  phy_rst_cnt_reg[23]/C  u_eth/u_icmp/u_icmp_tx/gmii_tx_en_reg/CLR
 706  CDC-15  Warning   Clock enable controlled CDC structure detected      0  Asynch Clock Groups  phy_rst_cnt_reg[23]/C  u_eth/u_icmp/u_icmp_tx/gmii_txd_reg[0]/CLR
 707  CDC-15  Warning   Clock enable controlled CDC structure detected      0  Asynch Clock Groups  phy_rst_cnt_reg[23]/C  u_eth/u_icmp/u_icmp_tx/gmii_txd_reg[1]/CLR
 708  CDC-15  Warning   Clock enable controlled CDC structure detected      0  Asynch Clock Groups  phy_rst_cnt_reg[23]/C  u_eth/u_icmp/u_icmp_tx/gmii_txd_reg[2]/CLR
 709  CDC-15  Warning   Clock enable controlled CDC structure detected      0  Asynch Clock Groups  phy_rst_cnt_reg[23]/C  u_eth/u_icmp/u_icmp_tx/gmii_txd_reg[3]/CLR
 710  CDC-15  Warning   Clock enable controlled CDC structure detected      0  Asynch Clock Groups  phy_rst_cnt_reg[23]/C  u_eth/u_icmp/u_icmp_tx/gmii_txd_reg[4]/CLR
 711  CDC-15  Warning   Clock enable controlled CDC structure detected      0  Asynch Clock Groups  phy_rst_cnt_reg[23]/C  u_eth/u_icmp/u_icmp_tx/gmii_txd_reg[5]/CLR
 712  CDC-15  Warning   Clock enable controlled CDC structure detected      0  Asynch Clock Groups  phy_rst_cnt_reg[23]/C  u_eth/u_icmp/u_icmp_tx/gmii_txd_reg[6]/CLR
 713  CDC-15  Warning   Clock enable controlled CDC structure detected      0  Asynch Clock Groups  phy_rst_cnt_reg[23]/C  u_eth/u_icmp/u_icmp_tx/gmii_txd_reg[7]/CLR
 714  CDC-1   Critical  1-bit unknown CDC circuitry                         0  Asynch Clock Groups  phy_rst_cnt_reg[23]/C  u_eth/u_icmp/u_icmp_tx/ip_head_reg[0][0]/CE
 715  CDC-1   Critical  1-bit unknown CDC circuitry                         0  Asynch Clock Groups  phy_rst_cnt_reg[23]/C  u_eth/u_icmp/u_icmp_tx/ip_head_reg[0][1]/CE
 716  CDC-1   Critical  1-bit unknown CDC circuitry                         0  Asynch Clock Groups  phy_rst_cnt_reg[23]/C  u_eth/u_icmp/u_icmp_tx/ip_head_reg[0][2]/CE
 717  CDC-1   Critical  1-bit unknown CDC circuitry                         0  Asynch Clock Groups  phy_rst_cnt_reg[23]/C  u_eth/u_icmp/u_icmp_tx/ip_head_reg[0][3]/CE
 718  CDC-1   Critical  1-bit unknown CDC circuitry                         0  Asynch Clock Groups  phy_rst_cnt_reg[23]/C  u_eth/u_icmp/u_icmp_tx/ip_head_reg[0][4]/CE
 719  CDC-1   Critical  1-bit unknown CDC circuitry                         0  Asynch Clock Groups  phy_rst_cnt_reg[23]/C  u_eth/u_icmp/u_icmp_tx/ip_head_reg[0][5]/CE
 720  CDC-1   Critical  1-bit unknown CDC circuitry                         0  Asynch Clock Groups  phy_rst_cnt_reg[23]/C  u_eth/u_icmp/u_icmp_tx/ip_head_reg[0][6]/CE
 721  CDC-1   Critical  1-bit unknown CDC circuitry                         0  Asynch Clock Groups  phy_rst_cnt_reg[23]/C  u_eth/u_icmp/u_icmp_tx/ip_head_reg[0][7]/CE
 722  CDC-1   Critical  1-bit unknown CDC circuitry                         0  Asynch Clock Groups  phy_rst_cnt_reg[23]/C  u_eth/u_icmp/u_icmp_tx/ip_head_reg[0][8]/CE
 723  CDC-1   Critical  1-bit unknown CDC circuitry                         0  Asynch Clock Groups  phy_rst_cnt_reg[23]/C  u_eth/u_icmp/u_icmp_tx/ip_head_reg[0][9]/CE
 724  CDC-1   Critical  1-bit unknown CDC circuitry                         0  Asynch Clock Groups  phy_rst_cnt_reg[23]/C  u_eth/u_icmp/u_icmp_tx/ip_head_reg[0][10]/CE
 725  CDC-1   Critical  1-bit unknown CDC circuitry                         0  Asynch Clock Groups  phy_rst_cnt_reg[23]/C  u_eth/u_icmp/u_icmp_tx/ip_head_reg[0][11]/CE
 726  CDC-1   Critical  1-bit unknown CDC circuitry                         0  Asynch Clock Groups  phy_rst_cnt_reg[23]/C  u_eth/u_icmp/u_icmp_tx/ip_head_reg[0][12]/CE
 727  CDC-1   Critical  1-bit unknown CDC circuitry                         0  Asynch Clock Groups  phy_rst_cnt_reg[23]/C  u_eth/u_icmp/u_icmp_tx/ip_head_reg[0][13]/CE
 728  CDC-1   Critical  1-bit unknown CDC circuitry                         0  Asynch Clock Groups  phy_rst_cnt_reg[23]/C  u_eth/u_icmp/u_icmp_tx/ip_head_reg[0][14]/CE
 729  CDC-1   Critical  1-bit unknown CDC circuitry                         0  Asynch Clock Groups  phy_rst_cnt_reg[23]/C  u_eth/u_icmp/u_icmp_tx/ip_head_reg[0][15]/CE
 730  CDC-15  Warning   Clock enable controlled CDC structure detected      0  Asynch Clock Groups  phy_rst_cnt_reg[23]/C  u_eth/u_icmp/u_icmp_tx/ip_head_reg[1][16]/CLR
 731  CDC-15  Warning   Clock enable controlled CDC structure detected      0  Asynch Clock Groups  phy_rst_cnt_reg[23]/C  u_eth/u_icmp/u_icmp_tx/ip_head_reg[1][17]/CLR
 732  CDC-15  Warning   Clock enable controlled CDC structure detected      0  Asynch Clock Groups  phy_rst_cnt_reg[23]/C  u_eth/u_icmp/u_icmp_tx/ip_head_reg[1][18]/CLR
 733  CDC-15  Warning   Clock enable controlled CDC structure detected      0  Asynch Clock Groups  phy_rst_cnt_reg[23]/C  u_eth/u_icmp/u_icmp_tx/ip_head_reg[1][19]/CLR
 734  CDC-15  Warning   Clock enable controlled CDC structure detected      0  Asynch Clock Groups  phy_rst_cnt_reg[23]/C  u_eth/u_icmp/u_icmp_tx/ip_head_reg[1][20]/CLR
 735  CDC-15  Warning   Clock enable controlled CDC structure detected      0  Asynch Clock Groups  phy_rst_cnt_reg[23]/C  u_eth/u_icmp/u_icmp_tx/ip_head_reg[1][21]/CLR
 736  CDC-15  Warning   Clock enable controlled CDC structure detected      0  Asynch Clock Groups  phy_rst_cnt_reg[23]/C  u_eth/u_icmp/u_icmp_tx/ip_head_reg[1][22]/CLR
 737  CDC-15  Warning   Clock enable controlled CDC structure detected      0  Asynch Clock Groups  phy_rst_cnt_reg[23]/C  u_eth/u_icmp/u_icmp_tx/ip_head_reg[1][23]/CLR
 738  CDC-15  Warning   Clock enable controlled CDC structure detected      0  Asynch Clock Groups  phy_rst_cnt_reg[23]/C  u_eth/u_icmp/u_icmp_tx/ip_head_reg[1][24]/CLR
 739  CDC-15  Warning   Clock enable controlled CDC structure detected      0  Asynch Clock Groups  phy_rst_cnt_reg[23]/C  u_eth/u_icmp/u_icmp_tx/ip_head_reg[1][25]/CLR
 740  CDC-15  Warning   Clock enable controlled CDC structure detected      0  Asynch Clock Groups  phy_rst_cnt_reg[23]/C  u_eth/u_icmp/u_icmp_tx/ip_head_reg[1][26]/CLR
 741  CDC-15  Warning   Clock enable controlled CDC structure detected      0  Asynch Clock Groups  phy_rst_cnt_reg[23]/C  u_eth/u_icmp/u_icmp_tx/ip_head_reg[1][27]/CLR
 742  CDC-15  Warning   Clock enable controlled CDC structure detected      0  Asynch Clock Groups  phy_rst_cnt_reg[23]/C  u_eth/u_icmp/u_icmp_tx/ip_head_reg[1][28]/CLR
 743  CDC-15  Warning   Clock enable controlled CDC structure detected      0  Asynch Clock Groups  phy_rst_cnt_reg[23]/C  u_eth/u_icmp/u_icmp_tx/ip_head_reg[1][29]/CLR
 744  CDC-15  Warning   Clock enable controlled CDC structure detected      0  Asynch Clock Groups  phy_rst_cnt_reg[23]/C  u_eth/u_icmp/u_icmp_tx/ip_head_reg[1][30]/CLR
 745  CDC-15  Warning   Clock enable controlled CDC structure detected      0  Asynch Clock Groups  phy_rst_cnt_reg[23]/C  u_eth/u_icmp/u_icmp_tx/ip_head_reg[1][31]/CLR
 746  CDC-1   Critical  1-bit unknown CDC circuitry                         0  Asynch Clock Groups  phy_rst_cnt_reg[23]/C  u_eth/u_icmp/u_icmp_tx/ip_head_reg[2][0]/CE
 747  CDC-15  Warning   Clock enable controlled CDC structure detected      0  Asynch Clock Groups  phy_rst_cnt_reg[23]/C  u_eth/u_icmp/u_icmp_tx/ip_head_reg[2][0]/R
 748  CDC-1   Critical  1-bit unknown CDC circuitry                         0  Asynch Clock Groups  phy_rst_cnt_reg[23]/C  u_eth/u_icmp/u_icmp_tx/ip_head_reg[2][1]/CE
 749  CDC-15  Warning   Clock enable controlled CDC structure detected      0  Asynch Clock Groups  phy_rst_cnt_reg[23]/C  u_eth/u_icmp/u_icmp_tx/ip_head_reg[2][1]/R
 750  CDC-1   Critical  1-bit unknown CDC circuitry                         0  Asynch Clock Groups  phy_rst_cnt_reg[23]/C  u_eth/u_icmp/u_icmp_tx/ip_head_reg[2][2]/CE
 751  CDC-15  Warning   Clock enable controlled CDC structure detected      0  Asynch Clock Groups  phy_rst_cnt_reg[23]/C  u_eth/u_icmp/u_icmp_tx/ip_head_reg[2][2]/R
 752  CDC-1   Critical  1-bit unknown CDC circuitry                         0  Asynch Clock Groups  phy_rst_cnt_reg[23]/C  u_eth/u_icmp/u_icmp_tx/ip_head_reg[2][3]/CE
 753  CDC-15  Warning   Clock enable controlled CDC structure detected      0  Asynch Clock Groups  phy_rst_cnt_reg[23]/C  u_eth/u_icmp/u_icmp_tx/ip_head_reg[2][3]/R
 754  CDC-1   Critical  1-bit unknown CDC circuitry                         0  Asynch Clock Groups  phy_rst_cnt_reg[23]/C  u_eth/u_icmp/u_icmp_tx/ip_head_reg[2][4]/CE
 755  CDC-15  Warning   Clock enable controlled CDC structure detected      0  Asynch Clock Groups  phy_rst_cnt_reg[23]/C  u_eth/u_icmp/u_icmp_tx/ip_head_reg[2][4]/R
 756  CDC-1   Critical  1-bit unknown CDC circuitry                         0  Asynch Clock Groups  phy_rst_cnt_reg[23]/C  u_eth/u_icmp/u_icmp_tx/ip_head_reg[2][5]/CE
 757  CDC-15  Warning   Clock enable controlled CDC structure detected      0  Asynch Clock Groups  phy_rst_cnt_reg[23]/C  u_eth/u_icmp/u_icmp_tx/ip_head_reg[2][5]/R
 758  CDC-1   Critical  1-bit unknown CDC circuitry                         0  Asynch Clock Groups  phy_rst_cnt_reg[23]/C  u_eth/u_icmp/u_icmp_tx/ip_head_reg[2][6]/CE
 759  CDC-15  Warning   Clock enable controlled CDC structure detected      0  Asynch Clock Groups  phy_rst_cnt_reg[23]/C  u_eth/u_icmp/u_icmp_tx/ip_head_reg[2][6]/R
 760  CDC-1   Critical  1-bit unknown CDC circuitry                         0  Asynch Clock Groups  phy_rst_cnt_reg[23]/C  u_eth/u_icmp/u_icmp_tx/ip_head_reg[2][7]/CE
 761  CDC-15  Warning   Clock enable controlled CDC structure detected      0  Asynch Clock Groups  phy_rst_cnt_reg[23]/C  u_eth/u_icmp/u_icmp_tx/ip_head_reg[2][7]/R
 762  CDC-1   Critical  1-bit unknown CDC circuitry                         0  Asynch Clock Groups  phy_rst_cnt_reg[23]/C  u_eth/u_icmp/u_icmp_tx/ip_head_reg[2][8]/CE
 763  CDC-15  Warning   Clock enable controlled CDC structure detected      0  Asynch Clock Groups  phy_rst_cnt_reg[23]/C  u_eth/u_icmp/u_icmp_tx/ip_head_reg[2][8]/R
 764  CDC-1   Critical  1-bit unknown CDC circuitry                         0  Asynch Clock Groups  phy_rst_cnt_reg[23]/C  u_eth/u_icmp/u_icmp_tx/ip_head_reg[2][9]/CE
 765  CDC-15  Warning   Clock enable controlled CDC structure detected      0  Asynch Clock Groups  phy_rst_cnt_reg[23]/C  u_eth/u_icmp/u_icmp_tx/ip_head_reg[2][9]/R
 766  CDC-1   Critical  1-bit unknown CDC circuitry                         0  Asynch Clock Groups  phy_rst_cnt_reg[23]/C  u_eth/u_icmp/u_icmp_tx/ip_head_reg[2][10]/CE
 767  CDC-15  Warning   Clock enable controlled CDC structure detected      0  Asynch Clock Groups  phy_rst_cnt_reg[23]/C  u_eth/u_icmp/u_icmp_tx/ip_head_reg[2][10]/R
 768  CDC-1   Critical  1-bit unknown CDC circuitry                         0  Asynch Clock Groups  phy_rst_cnt_reg[23]/C  u_eth/u_icmp/u_icmp_tx/ip_head_reg[2][11]/CE
 769  CDC-15  Warning   Clock enable controlled CDC structure detected      0  Asynch Clock Groups  phy_rst_cnt_reg[23]/C  u_eth/u_icmp/u_icmp_tx/ip_head_reg[2][11]/R
 770  CDC-1   Critical  1-bit unknown CDC circuitry                         0  Asynch Clock Groups  phy_rst_cnt_reg[23]/C  u_eth/u_icmp/u_icmp_tx/ip_head_reg[2][12]/CE
 771  CDC-15  Warning   Clock enable controlled CDC structure detected      0  Asynch Clock Groups  phy_rst_cnt_reg[23]/C  u_eth/u_icmp/u_icmp_tx/ip_head_reg[2][12]/R
 772  CDC-1   Critical  1-bit unknown CDC circuitry                         0  Asynch Clock Groups  phy_rst_cnt_reg[23]/C  u_eth/u_icmp/u_icmp_tx/ip_head_reg[2][13]/CE
 773  CDC-15  Warning   Clock enable controlled CDC structure detected      0  Asynch Clock Groups  phy_rst_cnt_reg[23]/C  u_eth/u_icmp/u_icmp_tx/ip_head_reg[2][13]/R
 774  CDC-1   Critical  1-bit unknown CDC circuitry                         0  Asynch Clock Groups  phy_rst_cnt_reg[23]/C  u_eth/u_icmp/u_icmp_tx/ip_head_reg[2][14]/CE
 775  CDC-15  Warning   Clock enable controlled CDC structure detected      0  Asynch Clock Groups  phy_rst_cnt_reg[23]/C  u_eth/u_icmp/u_icmp_tx/ip_head_reg[2][14]/R
 776  CDC-1   Critical  1-bit unknown CDC circuitry                         0  Asynch Clock Groups  phy_rst_cnt_reg[23]/C  u_eth/u_icmp/u_icmp_tx/ip_head_reg[2][15]/CE
 777  CDC-15  Warning   Clock enable controlled CDC structure detected      0  Asynch Clock Groups  phy_rst_cnt_reg[23]/C  u_eth/u_icmp/u_icmp_tx/ip_head_reg[2][15]/R
 778  CDC-1   Critical  1-bit unknown CDC circuitry                         0  Asynch Clock Groups  phy_rst_cnt_reg[23]/C  u_eth/u_icmp/u_icmp_tx/ip_head_reg[2][31]/D
 779  CDC-1   Critical  1-bit unknown CDC circuitry                         0  Asynch Clock Groups  phy_rst_cnt_reg[23]/C  u_eth/u_icmp/u_icmp_tx/ip_head_reg[4][0]/CE
 780  CDC-15  Warning   Clock enable controlled CDC structure detected      0  Asynch Clock Groups  phy_rst_cnt_reg[23]/C  u_eth/u_icmp/u_icmp_tx/ip_head_reg[4][0]/R
 781  CDC-1   Critical  1-bit unknown CDC circuitry                         0  Asynch Clock Groups  phy_rst_cnt_reg[23]/C  u_eth/u_icmp/u_icmp_tx/ip_head_reg[4][1]/CE
 782  CDC-15  Warning   Clock enable controlled CDC structure detected      0  Asynch Clock Groups  phy_rst_cnt_reg[23]/C  u_eth/u_icmp/u_icmp_tx/ip_head_reg[4][1]/S
 783  CDC-1   Critical  1-bit unknown CDC circuitry                         0  Asynch Clock Groups  phy_rst_cnt_reg[23]/C  u_eth/u_icmp/u_icmp_tx/ip_head_reg[4][2]/CE
 784  CDC-15  Warning   Clock enable controlled CDC structure detected      0  Asynch Clock Groups  phy_rst_cnt_reg[23]/C  u_eth/u_icmp/u_icmp_tx/ip_head_reg[4][2]/S
 785  CDC-1   Critical  1-bit unknown CDC circuitry                         0  Asynch Clock Groups  phy_rst_cnt_reg[23]/C  u_eth/u_icmp/u_icmp_tx/ip_head_reg[4][3]/CE
 786  CDC-15  Warning   Clock enable controlled CDC structure detected      0  Asynch Clock Groups  phy_rst_cnt_reg[23]/C  u_eth/u_icmp/u_icmp_tx/ip_head_reg[4][3]/R
 787  CDC-1   Critical  1-bit unknown CDC circuitry                         0  Asynch Clock Groups  phy_rst_cnt_reg[23]/C  u_eth/u_icmp/u_icmp_tx/ip_head_reg[4][4]/CE
 788  CDC-15  Warning   Clock enable controlled CDC structure detected      0  Asynch Clock Groups  phy_rst_cnt_reg[23]/C  u_eth/u_icmp/u_icmp_tx/ip_head_reg[4][4]/R
 789  CDC-1   Critical  1-bit unknown CDC circuitry                         0  Asynch Clock Groups  phy_rst_cnt_reg[23]/C  u_eth/u_icmp/u_icmp_tx/ip_head_reg[4][5]/CE
 790  CDC-15  Warning   Clock enable controlled CDC structure detected      0  Asynch Clock Groups  phy_rst_cnt_reg[23]/C  u_eth/u_icmp/u_icmp_tx/ip_head_reg[4][5]/S
 791  CDC-1   Critical  1-bit unknown CDC circuitry                         0  Asynch Clock Groups  phy_rst_cnt_reg[23]/C  u_eth/u_icmp/u_icmp_tx/ip_head_reg[4][6]/CE
 792  CDC-15  Warning   Clock enable controlled CDC structure detected      0  Asynch Clock Groups  phy_rst_cnt_reg[23]/C  u_eth/u_icmp/u_icmp_tx/ip_head_reg[4][6]/S
 793  CDC-1   Critical  1-bit unknown CDC circuitry                         0  Asynch Clock Groups  phy_rst_cnt_reg[23]/C  u_eth/u_icmp/u_icmp_tx/ip_head_reg[4][7]/CE
 794  CDC-15  Warning   Clock enable controlled CDC structure detected      0  Asynch Clock Groups  phy_rst_cnt_reg[23]/C  u_eth/u_icmp/u_icmp_tx/ip_head_reg[4][7]/R
 795  CDC-1   Critical  1-bit unknown CDC circuitry                         0  Asynch Clock Groups  phy_rst_cnt_reg[23]/C  u_eth/u_icmp/u_icmp_tx/ip_head_reg[4][8]/CE
 796  CDC-15  Warning   Clock enable controlled CDC structure detected      0  Asynch Clock Groups  phy_rst_cnt_reg[23]/C  u_eth/u_icmp/u_icmp_tx/ip_head_reg[4][8]/S
 797  CDC-1   Critical  1-bit unknown CDC circuitry                         0  Asynch Clock Groups  phy_rst_cnt_reg[23]/C  u_eth/u_icmp/u_icmp_tx/ip_head_reg[4][9]/CE
 798  CDC-15  Warning   Clock enable controlled CDC structure detected      0  Asynch Clock Groups  phy_rst_cnt_reg[23]/C  u_eth/u_icmp/u_icmp_tx/ip_head_reg[4][9]/R
 799  CDC-1   Critical  1-bit unknown CDC circuitry                         0  Asynch Clock Groups  phy_rst_cnt_reg[23]/C  u_eth/u_icmp/u_icmp_tx/ip_head_reg[4][10]/CE
 800  CDC-15  Warning   Clock enable controlled CDC structure detected      0  Asynch Clock Groups  phy_rst_cnt_reg[23]/C  u_eth/u_icmp/u_icmp_tx/ip_head_reg[4][10]/R
 801  CDC-1   Critical  1-bit unknown CDC circuitry                         0  Asynch Clock Groups  phy_rst_cnt_reg[23]/C  u_eth/u_icmp/u_icmp_tx/ip_head_reg[4][11]/CE
 802  CDC-15  Warning   Clock enable controlled CDC structure detected      0  Asynch Clock Groups  phy_rst_cnt_reg[23]/C  u_eth/u_icmp/u_icmp_tx/ip_head_reg[4][11]/R
 803  CDC-1   Critical  1-bit unknown CDC circuitry                         0  Asynch Clock Groups  phy_rst_cnt_reg[23]/C  u_eth/u_icmp/u_icmp_tx/ip_head_reg[4][12]/CE
 804  CDC-15  Warning   Clock enable controlled CDC structure detected      0  Asynch Clock Groups  phy_rst_cnt_reg[23]/C  u_eth/u_icmp/u_icmp_tx/ip_head_reg[4][12]/R
 805  CDC-1   Critical  1-bit unknown CDC circuitry                         0  Asynch Clock Groups  phy_rst_cnt_reg[23]/C  u_eth/u_icmp/u_icmp_tx/ip_head_reg[4][13]/CE
 806  CDC-15  Warning   Clock enable controlled CDC structure detected      0  Asynch Clock Groups  phy_rst_cnt_reg[23]/C  u_eth/u_icmp/u_icmp_tx/ip_head_reg[4][13]/R
 807  CDC-1   Critical  1-bit unknown CDC circuitry                         0  Asynch Clock Groups  phy_rst_cnt_reg[23]/C  u_eth/u_icmp/u_icmp_tx/ip_head_reg[4][14]/CE
 808  CDC-15  Warning   Clock enable controlled CDC structure detected      0  Asynch Clock Groups  phy_rst_cnt_reg[23]/C  u_eth/u_icmp/u_icmp_tx/ip_head_reg[4][14]/R
 809  CDC-1   Critical  1-bit unknown CDC circuitry                         0  Asynch Clock Groups  phy_rst_cnt_reg[23]/C  u_eth/u_icmp/u_icmp_tx/ip_head_reg[4][15]/CE
 810  CDC-15  Warning   Clock enable controlled CDC structure detected      0  Asynch Clock Groups  phy_rst_cnt_reg[23]/C  u_eth/u_icmp/u_icmp_tx/ip_head_reg[4][15]/R
 811  CDC-1   Critical  1-bit unknown CDC circuitry                         0  Asynch Clock Groups  phy_rst_cnt_reg[23]/C  u_eth/u_icmp/u_icmp_tx/ip_head_reg[4][16]/CE
 812  CDC-15  Warning   Clock enable controlled CDC structure detected      0  Asynch Clock Groups  phy_rst_cnt_reg[23]/C  u_eth/u_icmp/u_icmp_tx/ip_head_reg[4][16]/R
 813  CDC-1   Critical  1-bit unknown CDC circuitry                         0  Asynch Clock Groups  phy_rst_cnt_reg[23]/C  u_eth/u_icmp/u_icmp_tx/ip_head_reg[4][17]/CE
 814  CDC-15  Warning   Clock enable controlled CDC structure detected      0  Asynch Clock Groups  phy_rst_cnt_reg[23]/C  u_eth/u_icmp/u_icmp_tx/ip_head_reg[4][17]/R
 815  CDC-1   Critical  1-bit unknown CDC circuitry                         0  Asynch Clock Groups  phy_rst_cnt_reg[23]/C  u_eth/u_icmp/u_icmp_tx/ip_head_reg[4][18]/CE
 816  CDC-15  Warning   Clock enable controlled CDC structure detected      0  Asynch Clock Groups  phy_rst_cnt_reg[23]/C  u_eth/u_icmp/u_icmp_tx/ip_head_reg[4][18]/R
 817  CDC-1   Critical  1-bit unknown CDC circuitry                         0  Asynch Clock Groups  phy_rst_cnt_reg[23]/C  u_eth/u_icmp/u_icmp_tx/ip_head_reg[4][19]/CE
 818  CDC-15  Warning   Clock enable controlled CDC structure detected      0  Asynch Clock Groups  phy_rst_cnt_reg[23]/C  u_eth/u_icmp/u_icmp_tx/ip_head_reg[4][19]/S
 819  CDC-1   Critical  1-bit unknown CDC circuitry                         0  Asynch Clock Groups  phy_rst_cnt_reg[23]/C  u_eth/u_icmp/u_icmp_tx/ip_head_reg[4][20]/CE
 820  CDC-15  Warning   Clock enable controlled CDC structure detected      0  Asynch Clock Groups  phy_rst_cnt_reg[23]/C  u_eth/u_icmp/u_icmp_tx/ip_head_reg[4][20]/R
 821  CDC-1   Critical  1-bit unknown CDC circuitry                         0  Asynch Clock Groups  phy_rst_cnt_reg[23]/C  u_eth/u_icmp/u_icmp_tx/ip_head_reg[4][21]/CE
 822  CDC-15  Warning   Clock enable controlled CDC structure detected      0  Asynch Clock Groups  phy_rst_cnt_reg[23]/C  u_eth/u_icmp/u_icmp_tx/ip_head_reg[4][21]/S
 823  CDC-1   Critical  1-bit unknown CDC circuitry                         0  Asynch Clock Groups  phy_rst_cnt_reg[23]/C  u_eth/u_icmp/u_icmp_tx/ip_head_reg[4][22]/CE
 824  CDC-15  Warning   Clock enable controlled CDC structure detected      0  Asynch Clock Groups  phy_rst_cnt_reg[23]/C  u_eth/u_icmp/u_icmp_tx/ip_head_reg[4][22]/R
 825  CDC-1   Critical  1-bit unknown CDC circuitry                         0  Asynch Clock Groups  phy_rst_cnt_reg[23]/C  u_eth/u_icmp/u_icmp_tx/ip_head_reg[4][23]/CE
 826  CDC-15  Warning   Clock enable controlled CDC structure detected      0  Asynch Clock Groups  phy_rst_cnt_reg[23]/C  u_eth/u_icmp/u_icmp_tx/ip_head_reg[4][23]/S
 827  CDC-1   Critical  1-bit unknown CDC circuitry                         0  Asynch Clock Groups  phy_rst_cnt_reg[23]/C  u_eth/u_icmp/u_icmp_tx/ip_head_reg[4][24]/CE
 828  CDC-15  Warning   Clock enable controlled CDC structure detected      0  Asynch Clock Groups  phy_rst_cnt_reg[23]/C  u_eth/u_icmp/u_icmp_tx/ip_head_reg[4][24]/R
 829  CDC-1   Critical  1-bit unknown CDC circuitry                         0  Asynch Clock Groups  phy_rst_cnt_reg[23]/C  u_eth/u_icmp/u_icmp_tx/ip_head_reg[4][25]/CE
 830  CDC-15  Warning   Clock enable controlled CDC structure detected      0  Asynch Clock Groups  phy_rst_cnt_reg[23]/C  u_eth/u_icmp/u_icmp_tx/ip_head_reg[4][25]/R
 831  CDC-1   Critical  1-bit unknown CDC circuitry                         0  Asynch Clock Groups  phy_rst_cnt_reg[23]/C  u_eth/u_icmp/u_icmp_tx/ip_head_reg[4][26]/CE
 832  CDC-15  Warning   Clock enable controlled CDC structure detected      0  Asynch Clock Groups  phy_rst_cnt_reg[23]/C  u_eth/u_icmp/u_icmp_tx/ip_head_reg[4][26]/R
 833  CDC-1   Critical  1-bit unknown CDC circuitry                         0  Asynch Clock Groups  phy_rst_cnt_reg[23]/C  u_eth/u_icmp/u_icmp_tx/ip_head_reg[4][27]/CE
 834  CDC-15  Warning   Clock enable controlled CDC structure detected      0  Asynch Clock Groups  phy_rst_cnt_reg[23]/C  u_eth/u_icmp/u_icmp_tx/ip_head_reg[4][27]/R
 835  CDC-1   Critical  1-bit unknown CDC circuitry                         0  Asynch Clock Groups  phy_rst_cnt_reg[23]/C  u_eth/u_icmp/u_icmp_tx/ip_head_reg[4][28]/CE
 836  CDC-15  Warning   Clock enable controlled CDC structure detected      0  Asynch Clock Groups  phy_rst_cnt_reg[23]/C  u_eth/u_icmp/u_icmp_tx/ip_head_reg[4][28]/R
 837  CDC-1   Critical  1-bit unknown CDC circuitry                         0  Asynch Clock Groups  phy_rst_cnt_reg[23]/C  u_eth/u_icmp/u_icmp_tx/ip_head_reg[4][29]/CE
 838  CDC-15  Warning   Clock enable controlled CDC structure detected      0  Asynch Clock Groups  phy_rst_cnt_reg[23]/C  u_eth/u_icmp/u_icmp_tx/ip_head_reg[4][29]/R
 839  CDC-1   Critical  1-bit unknown CDC circuitry                         0  Asynch Clock Groups  phy_rst_cnt_reg[23]/C  u_eth/u_icmp/u_icmp_tx/ip_head_reg[4][30]/CE
 840  CDC-15  Warning   Clock enable controlled CDC structure detected      0  Asynch Clock Groups  phy_rst_cnt_reg[23]/C  u_eth/u_icmp/u_icmp_tx/ip_head_reg[4][30]/S
 841  CDC-1   Critical  1-bit unknown CDC circuitry                         0  Asynch Clock Groups  phy_rst_cnt_reg[23]/C  u_eth/u_icmp/u_icmp_tx/ip_head_reg[4][31]/CE
 842  CDC-15  Warning   Clock enable controlled CDC structure detected      0  Asynch Clock Groups  phy_rst_cnt_reg[23]/C  u_eth/u_icmp/u_icmp_tx/ip_head_reg[4][31]/S
 843  CDC-1   Critical  1-bit unknown CDC circuitry                         0  Asynch Clock Groups  phy_rst_cnt_reg[23]/C  u_eth/u_icmp/u_icmp_tx/ip_head_reg[5][0]/CE
 844  CDC-15  Warning   Clock enable controlled CDC structure detected      0  Asynch Clock Groups  phy_rst_cnt_reg[23]/C  u_eth/u_icmp/u_icmp_tx/ip_head_reg[5][0]/R
 845  CDC-1   Critical  1-bit unknown CDC circuitry                         0  Asynch Clock Groups  phy_rst_cnt_reg[23]/C  u_eth/u_icmp/u_icmp_tx/ip_head_reg[5][1]/CE
 846  CDC-15  Warning   Clock enable controlled CDC structure detected      0  Asynch Clock Groups  phy_rst_cnt_reg[23]/C  u_eth/u_icmp/u_icmp_tx/ip_head_reg[5][1]/R
 847  CDC-1   Critical  1-bit unknown CDC circuitry                         0  Asynch Clock Groups  phy_rst_cnt_reg[23]/C  u_eth/u_icmp/u_icmp_tx/ip_head_reg[5][2]/CE
 848  CDC-15  Warning   Clock enable controlled CDC structure detected      0  Asynch Clock Groups  phy_rst_cnt_reg[23]/C  u_eth/u_icmp/u_icmp_tx/ip_head_reg[5][2]/R
 849  CDC-1   Critical  1-bit unknown CDC circuitry                         0  Asynch Clock Groups  phy_rst_cnt_reg[23]/C  u_eth/u_icmp/u_icmp_tx/ip_head_reg[5][3]/CE
 850  CDC-15  Warning   Clock enable controlled CDC structure detected      0  Asynch Clock Groups  phy_rst_cnt_reg[23]/C  u_eth/u_icmp/u_icmp_tx/ip_head_reg[5][3]/R
 851  CDC-1   Critical  1-bit unknown CDC circuitry                         0  Asynch Clock Groups  phy_rst_cnt_reg[23]/C  u_eth/u_icmp/u_icmp_tx/ip_head_reg[5][4]/CE
 852  CDC-15  Warning   Clock enable controlled CDC structure detected      0  Asynch Clock Groups  phy_rst_cnt_reg[23]/C  u_eth/u_icmp/u_icmp_tx/ip_head_reg[5][4]/R
 853  CDC-1   Critical  1-bit unknown CDC circuitry                         0  Asynch Clock Groups  phy_rst_cnt_reg[23]/C  u_eth/u_icmp/u_icmp_tx/ip_head_reg[5][5]/CE
 854  CDC-15  Warning   Clock enable controlled CDC structure detected      0  Asynch Clock Groups  phy_rst_cnt_reg[23]/C  u_eth/u_icmp/u_icmp_tx/ip_head_reg[5][5]/R
 855  CDC-1   Critical  1-bit unknown CDC circuitry                         0  Asynch Clock Groups  phy_rst_cnt_reg[23]/C  u_eth/u_icmp/u_icmp_tx/ip_head_reg[5][6]/CE
 856  CDC-15  Warning   Clock enable controlled CDC structure detected      0  Asynch Clock Groups  phy_rst_cnt_reg[23]/C  u_eth/u_icmp/u_icmp_tx/ip_head_reg[5][6]/R
 857  CDC-1   Critical  1-bit unknown CDC circuitry                         0  Asynch Clock Groups  phy_rst_cnt_reg[23]/C  u_eth/u_icmp/u_icmp_tx/ip_head_reg[5][7]/CE
 858  CDC-15  Warning   Clock enable controlled CDC structure detected      0  Asynch Clock Groups  phy_rst_cnt_reg[23]/C  u_eth/u_icmp/u_icmp_tx/ip_head_reg[5][7]/R
 859  CDC-1   Critical  1-bit unknown CDC circuitry                         0  Asynch Clock Groups  phy_rst_cnt_reg[23]/C  u_eth/u_icmp/u_icmp_tx/ip_head_reg[5][8]/CE
 860  CDC-15  Warning   Clock enable controlled CDC structure detected      0  Asynch Clock Groups  phy_rst_cnt_reg[23]/C  u_eth/u_icmp/u_icmp_tx/ip_head_reg[5][8]/R
 861  CDC-1   Critical  1-bit unknown CDC circuitry                         0  Asynch Clock Groups  phy_rst_cnt_reg[23]/C  u_eth/u_icmp/u_icmp_tx/ip_head_reg[5][9]/CE
 862  CDC-15  Warning   Clock enable controlled CDC structure detected      0  Asynch Clock Groups  phy_rst_cnt_reg[23]/C  u_eth/u_icmp/u_icmp_tx/ip_head_reg[5][9]/R
 863  CDC-1   Critical  1-bit unknown CDC circuitry                         0  Asynch Clock Groups  phy_rst_cnt_reg[23]/C  u_eth/u_icmp/u_icmp_tx/ip_head_reg[5][10]/CE
 864  CDC-15  Warning   Clock enable controlled CDC structure detected      0  Asynch Clock Groups  phy_rst_cnt_reg[23]/C  u_eth/u_icmp/u_icmp_tx/ip_head_reg[5][10]/R
 865  CDC-1   Critical  1-bit unknown CDC circuitry                         0  Asynch Clock Groups  phy_rst_cnt_reg[23]/C  u_eth/u_icmp/u_icmp_tx/ip_head_reg[5][11]/CE
 866  CDC-15  Warning   Clock enable controlled CDC structure detected      0  Asynch Clock Groups  phy_rst_cnt_reg[23]/C  u_eth/u_icmp/u_icmp_tx/ip_head_reg[5][11]/R
 867  CDC-1   Critical  1-bit unknown CDC circuitry                         0  Asynch Clock Groups  phy_rst_cnt_reg[23]/C  u_eth/u_icmp/u_icmp_tx/ip_head_reg[5][12]/CE
 868  CDC-15  Warning   Clock enable controlled CDC structure detected      0  Asynch Clock Groups  phy_rst_cnt_reg[23]/C  u_eth/u_icmp/u_icmp_tx/ip_head_reg[5][12]/R
 869  CDC-1   Critical  1-bit unknown CDC circuitry                         0  Asynch Clock Groups  phy_rst_cnt_reg[23]/C  u_eth/u_icmp/u_icmp_tx/ip_head_reg[5][13]/CE
 870  CDC-15  Warning   Clock enable controlled CDC structure detected      0  Asynch Clock Groups  phy_rst_cnt_reg[23]/C  u_eth/u_icmp/u_icmp_tx/ip_head_reg[5][13]/R
 871  CDC-1   Critical  1-bit unknown CDC circuitry                         0  Asynch Clock Groups  phy_rst_cnt_reg[23]/C  u_eth/u_icmp/u_icmp_tx/ip_head_reg[5][14]/CE
 872  CDC-15  Warning   Clock enable controlled CDC structure detected      0  Asynch Clock Groups  phy_rst_cnt_reg[23]/C  u_eth/u_icmp/u_icmp_tx/ip_head_reg[5][14]/R
 873  CDC-1   Critical  1-bit unknown CDC circuitry                         0  Asynch Clock Groups  phy_rst_cnt_reg[23]/C  u_eth/u_icmp/u_icmp_tx/ip_head_reg[5][15]/CE
 874  CDC-15  Warning   Clock enable controlled CDC structure detected      0  Asynch Clock Groups  phy_rst_cnt_reg[23]/C  u_eth/u_icmp/u_icmp_tx/ip_head_reg[5][15]/R
 875  CDC-1   Critical  1-bit unknown CDC circuitry                         0  Asynch Clock Groups  phy_rst_cnt_reg[23]/C  u_eth/u_icmp/u_icmp_tx/ip_head_reg[6][0]/CE
 876  CDC-1   Critical  1-bit unknown CDC circuitry                         0  Asynch Clock Groups  phy_rst_cnt_reg[23]/C  u_eth/u_icmp/u_icmp_tx/ip_head_reg[6][1]/CE
 877  CDC-1   Critical  1-bit unknown CDC circuitry                         0  Asynch Clock Groups  phy_rst_cnt_reg[23]/C  u_eth/u_icmp/u_icmp_tx/ip_head_reg[6][2]/CE
 878  CDC-1   Critical  1-bit unknown CDC circuitry                         0  Asynch Clock Groups  phy_rst_cnt_reg[23]/C  u_eth/u_icmp/u_icmp_tx/ip_head_reg[6][3]/CE
 879  CDC-1   Critical  1-bit unknown CDC circuitry                         0  Asynch Clock Groups  phy_rst_cnt_reg[23]/C  u_eth/u_icmp/u_icmp_tx/ip_head_reg[6][4]/CE
 880  CDC-1   Critical  1-bit unknown CDC circuitry                         0  Asynch Clock Groups  phy_rst_cnt_reg[23]/C  u_eth/u_icmp/u_icmp_tx/ip_head_reg[6][5]/CE
 881  CDC-1   Critical  1-bit unknown CDC circuitry                         0  Asynch Clock Groups  phy_rst_cnt_reg[23]/C  u_eth/u_icmp/u_icmp_tx/ip_head_reg[6][6]/CE
 882  CDC-1   Critical  1-bit unknown CDC circuitry                         0  Asynch Clock Groups  phy_rst_cnt_reg[23]/C  u_eth/u_icmp/u_icmp_tx/ip_head_reg[6][7]/CE
 883  CDC-1   Critical  1-bit unknown CDC circuitry                         0  Asynch Clock Groups  phy_rst_cnt_reg[23]/C  u_eth/u_icmp/u_icmp_tx/ip_head_reg[6][8]/CE
 884  CDC-1   Critical  1-bit unknown CDC circuitry                         0  Asynch Clock Groups  phy_rst_cnt_reg[23]/C  u_eth/u_icmp/u_icmp_tx/ip_head_reg[6][9]/CE
 885  CDC-1   Critical  1-bit unknown CDC circuitry                         0  Asynch Clock Groups  phy_rst_cnt_reg[23]/C  u_eth/u_icmp/u_icmp_tx/ip_head_reg[6][10]/CE
 886  CDC-1   Critical  1-bit unknown CDC circuitry                         0  Asynch Clock Groups  phy_rst_cnt_reg[23]/C  u_eth/u_icmp/u_icmp_tx/ip_head_reg[6][11]/CE
 887  CDC-1   Critical  1-bit unknown CDC circuitry                         0  Asynch Clock Groups  phy_rst_cnt_reg[23]/C  u_eth/u_icmp/u_icmp_tx/ip_head_reg[6][12]/CE
 888  CDC-1   Critical  1-bit unknown CDC circuitry                         0  Asynch Clock Groups  phy_rst_cnt_reg[23]/C  u_eth/u_icmp/u_icmp_tx/ip_head_reg[6][13]/CE
 889  CDC-1   Critical  1-bit unknown CDC circuitry                         0  Asynch Clock Groups  phy_rst_cnt_reg[23]/C  u_eth/u_icmp/u_icmp_tx/ip_head_reg[6][14]/CE
 890  CDC-1   Critical  1-bit unknown CDC circuitry                         0  Asynch Clock Groups  phy_rst_cnt_reg[23]/C  u_eth/u_icmp/u_icmp_tx/ip_head_reg[6][15]/CE
 891  CDC-1   Critical  1-bit unknown CDC circuitry                         0  Asynch Clock Groups  phy_rst_cnt_reg[23]/C  u_eth/u_icmp/u_icmp_tx/ip_head_reg[6][16]/CE
 892  CDC-1   Critical  1-bit unknown CDC circuitry                         0  Asynch Clock Groups  phy_rst_cnt_reg[23]/C  u_eth/u_icmp/u_icmp_tx/ip_head_reg[6][17]/CE
 893  CDC-1   Critical  1-bit unknown CDC circuitry                         0  Asynch Clock Groups  phy_rst_cnt_reg[23]/C  u_eth/u_icmp/u_icmp_tx/ip_head_reg[6][18]/CE
 894  CDC-1   Critical  1-bit unknown CDC circuitry                         0  Asynch Clock Groups  phy_rst_cnt_reg[23]/C  u_eth/u_icmp/u_icmp_tx/ip_head_reg[6][19]/CE
 895  CDC-1   Critical  1-bit unknown CDC circuitry                         0  Asynch Clock Groups  phy_rst_cnt_reg[23]/C  u_eth/u_icmp/u_icmp_tx/ip_head_reg[6][20]/CE
 896  CDC-1   Critical  1-bit unknown CDC circuitry                         0  Asynch Clock Groups  phy_rst_cnt_reg[23]/C  u_eth/u_icmp/u_icmp_tx/ip_head_reg[6][21]/CE
 897  CDC-1   Critical  1-bit unknown CDC circuitry                         0  Asynch Clock Groups  phy_rst_cnt_reg[23]/C  u_eth/u_icmp/u_icmp_tx/ip_head_reg[6][22]/CE
 898  CDC-1   Critical  1-bit unknown CDC circuitry                         0  Asynch Clock Groups  phy_rst_cnt_reg[23]/C  u_eth/u_icmp/u_icmp_tx/ip_head_reg[6][23]/CE
 899  CDC-1   Critical  1-bit unknown CDC circuitry                         0  Asynch Clock Groups  phy_rst_cnt_reg[23]/C  u_eth/u_icmp/u_icmp_tx/ip_head_reg[6][24]/CE
 900  CDC-1   Critical  1-bit unknown CDC circuitry                         0  Asynch Clock Groups  phy_rst_cnt_reg[23]/C  u_eth/u_icmp/u_icmp_tx/ip_head_reg[6][25]/CE
 901  CDC-1   Critical  1-bit unknown CDC circuitry                         0  Asynch Clock Groups  phy_rst_cnt_reg[23]/C  u_eth/u_icmp/u_icmp_tx/ip_head_reg[6][26]/CE
 902  CDC-1   Critical  1-bit unknown CDC circuitry                         0  Asynch Clock Groups  phy_rst_cnt_reg[23]/C  u_eth/u_icmp/u_icmp_tx/ip_head_reg[6][27]/CE
 903  CDC-1   Critical  1-bit unknown CDC circuitry                         0  Asynch Clock Groups  phy_rst_cnt_reg[23]/C  u_eth/u_icmp/u_icmp_tx/ip_head_reg[6][28]/CE
 904  CDC-1   Critical  1-bit unknown CDC circuitry                         0  Asynch Clock Groups  phy_rst_cnt_reg[23]/C  u_eth/u_icmp/u_icmp_tx/ip_head_reg[6][29]/CE
 905  CDC-1   Critical  1-bit unknown CDC circuitry                         0  Asynch Clock Groups  phy_rst_cnt_reg[23]/C  u_eth/u_icmp/u_icmp_tx/ip_head_reg[6][30]/CE
 906  CDC-1   Critical  1-bit unknown CDC circuitry                         0  Asynch Clock Groups  phy_rst_cnt_reg[23]/C  u_eth/u_icmp/u_icmp_tx/ip_head_reg[6][31]/CE
 907  CDC-15  Warning   Clock enable controlled CDC structure detected      0  Asynch Clock Groups  phy_rst_cnt_reg[23]/C  u_eth/u_icmp/u_icmp_tx/real_add_cnt_reg[0]/CLR
 908  CDC-15  Warning   Clock enable controlled CDC structure detected      0  Asynch Clock Groups  phy_rst_cnt_reg[23]/C  u_eth/u_icmp/u_icmp_tx/real_add_cnt_reg[1]/CLR
 909  CDC-15  Warning   Clock enable controlled CDC structure detected      0  Asynch Clock Groups  phy_rst_cnt_reg[23]/C  u_eth/u_icmp/u_icmp_tx/real_add_cnt_reg[2]/CLR
 910  CDC-15  Warning   Clock enable controlled CDC structure detected      0  Asynch Clock Groups  phy_rst_cnt_reg[23]/C  u_eth/u_icmp/u_icmp_tx/real_add_cnt_reg[3]/CLR
 911  CDC-15  Warning   Clock enable controlled CDC structure detected      0  Asynch Clock Groups  phy_rst_cnt_reg[23]/C  u_eth/u_icmp/u_icmp_tx/real_add_cnt_reg[4]/CLR
 912  CDC-7   Critical  Asynchronous reset unknown CDC circuitry            0  Asynch Clock Groups  phy_rst_cnt_reg[23]/C  u_eth/u_icmp/u_icmp_tx/skip_en_reg/CLR
 913  CDC-15  Warning   Clock enable controlled CDC structure detected      0  Asynch Clock Groups  phy_rst_cnt_reg[23]/C  u_eth/u_icmp/u_icmp_tx/total_num_reg[1]/CLR
 914  CDC-15  Warning   Clock enable controlled CDC structure detected      0  Asynch Clock Groups  phy_rst_cnt_reg[23]/C  u_eth/u_icmp/u_icmp_tx/total_num_reg[2]/CLR
 915  CDC-15  Warning   Clock enable controlled CDC structure detected      0  Asynch Clock Groups  phy_rst_cnt_reg[23]/C  u_eth/u_icmp/u_icmp_tx/total_num_reg[3]/CLR
 916  CDC-15  Warning   Clock enable controlled CDC structure detected      0  Asynch Clock Groups  phy_rst_cnt_reg[23]/C  u_eth/u_icmp/u_icmp_tx/total_num_reg[4]/CLR
 917  CDC-15  Warning   Clock enable controlled CDC structure detected      0  Asynch Clock Groups  phy_rst_cnt_reg[23]/C  u_eth/u_icmp/u_icmp_tx/total_num_reg[5]/CLR
 918  CDC-15  Warning   Clock enable controlled CDC structure detected      0  Asynch Clock Groups  phy_rst_cnt_reg[23]/C  u_eth/u_icmp/u_icmp_tx/total_num_reg[6]/CLR
 919  CDC-15  Warning   Clock enable controlled CDC structure detected      0  Asynch Clock Groups  phy_rst_cnt_reg[23]/C  u_eth/u_icmp/u_icmp_tx/total_num_reg[7]/CLR
 920  CDC-15  Warning   Clock enable controlled CDC structure detected      0  Asynch Clock Groups  phy_rst_cnt_reg[23]/C  u_eth/u_icmp/u_icmp_tx/total_num_reg[8]/CLR
 921  CDC-15  Warning   Clock enable controlled CDC structure detected      0  Asynch Clock Groups  phy_rst_cnt_reg[23]/C  u_eth/u_icmp/u_icmp_tx/total_num_reg[9]/CLR
 922  CDC-15  Warning   Clock enable controlled CDC structure detected      0  Asynch Clock Groups  phy_rst_cnt_reg[23]/C  u_eth/u_icmp/u_icmp_tx/total_num_reg[10]/CLR
 923  CDC-15  Warning   Clock enable controlled CDC structure detected      0  Asynch Clock Groups  phy_rst_cnt_reg[23]/C  u_eth/u_icmp/u_icmp_tx/total_num_reg[11]/CLR
 924  CDC-15  Warning   Clock enable controlled CDC structure detected      0  Asynch Clock Groups  phy_rst_cnt_reg[23]/C  u_eth/u_icmp/u_icmp_tx/total_num_reg[12]/CLR
 925  CDC-15  Warning   Clock enable controlled CDC structure detected      0  Asynch Clock Groups  phy_rst_cnt_reg[23]/C  u_eth/u_icmp/u_icmp_tx/total_num_reg[13]/CLR
 926  CDC-15  Warning   Clock enable controlled CDC structure detected      0  Asynch Clock Groups  phy_rst_cnt_reg[23]/C  u_eth/u_icmp/u_icmp_tx/total_num_reg[14]/CLR
 927  CDC-15  Warning   Clock enable controlled CDC structure detected      0  Asynch Clock Groups  phy_rst_cnt_reg[23]/C  u_eth/u_icmp/u_icmp_tx/total_num_reg[15]/CLR
 928  CDC-7   Critical  Asynchronous reset unknown CDC circuitry            0  Asynch Clock Groups  phy_rst_cnt_reg[23]/C  u_eth/u_icmp/u_icmp_tx/trig_tx_en_reg/CLR
 929  CDC-7   Critical  Asynchronous reset unknown CDC circuitry            0  Asynch Clock Groups  phy_rst_cnt_reg[23]/C  u_eth/u_icmp/u_icmp_tx/tx_bit_sel_reg[0]/CLR
 930  CDC-7   Critical  Asynchronous reset unknown CDC circuitry            0  Asynch Clock Groups  phy_rst_cnt_reg[23]/C  u_eth/u_icmp/u_icmp_tx/tx_bit_sel_reg[1]/CLR
 931  CDC-7   Critical  Asynchronous reset unknown CDC circuitry            0  Asynch Clock Groups  phy_rst_cnt_reg[23]/C  u_eth/u_icmp/u_icmp_tx/tx_req_reg/CLR
 932  CDC-13  Critical  1-bit CDC path on a non-FD primitive                0  Asynch Clock Groups  phy_rst_cnt_reg[23]/C  u_eth/u_icmp_fifo/mem_reg/ENBWREN
 933  CDC-13  Critical  1-bit CDC path on a non-FD primitive                0  Asynch Clock Groups  phy_rst_cnt_reg[23]/C  u_eth/u_icmp_fifo/mem_reg/RSTRAMB
 934  CDC-7   Critical  Asynchronous reset unknown CDC circuitry            0  Asynch Clock Groups  phy_rst_cnt_reg[23]/C  u_eth/u_icmp_fifo/mem_reg_async_reset_b/CLR
 935  CDC-15  Warning   Clock enable controlled CDC structure detected      0  Asynch Clock Groups  phy_rst_cnt_reg[23]/C  u_eth/u_icmp_fifo/rptr_reg[0]/CLR
 936  CDC-15  Warning   Clock enable controlled CDC structure detected      0  Asynch Clock Groups  phy_rst_cnt_reg[23]/C  u_eth/u_icmp_fifo/rptr_reg[1]/CLR
 937  CDC-15  Warning   Clock enable controlled CDC structure detected      0  Asynch Clock Groups  phy_rst_cnt_reg[23]/C  u_eth/u_icmp_fifo/rptr_reg[2]/CLR
 938  CDC-15  Warning   Clock enable controlled CDC structure detected      0  Asynch Clock Groups  phy_rst_cnt_reg[23]/C  u_eth/u_icmp_fifo/rptr_reg[3]/CLR
 939  CDC-15  Warning   Clock enable controlled CDC structure detected      0  Asynch Clock Groups  phy_rst_cnt_reg[23]/C  u_eth/u_icmp_fifo/rptr_reg[4]/CLR
 940  CDC-15  Warning   Clock enable controlled CDC structure detected      0  Asynch Clock Groups  phy_rst_cnt_reg[23]/C  u_eth/u_icmp_fifo/rptr_reg[5]/CLR
 941  CDC-15  Warning   Clock enable controlled CDC structure detected      0  Asynch Clock Groups  phy_rst_cnt_reg[23]/C  u_eth/u_icmp_fifo/rptr_reg[6]/CLR
 942  CDC-15  Warning   Clock enable controlled CDC structure detected      0  Asynch Clock Groups  phy_rst_cnt_reg[23]/C  u_eth/u_icmp_fifo/rptr_reg[7]/CLR
 943  CDC-15  Warning   Clock enable controlled CDC structure detected      0  Asynch Clock Groups  phy_rst_cnt_reg[23]/C  u_eth/u_icmp_fifo/rptr_reg[8]/CLR
 944  CDC-15  Warning   Clock enable controlled CDC structure detected      0  Asynch Clock Groups  phy_rst_cnt_reg[23]/C  u_eth/u_icmp_fifo/rptr_reg[9]/CLR
 945  CDC-15  Warning   Clock enable controlled CDC structure detected      0  Asynch Clock Groups  phy_rst_cnt_reg[23]/C  u_eth/u_icmp_fifo/rptr_reg[10]/CLR
 946  CDC-15  Warning   Clock enable controlled CDC structure detected      0  Asynch Clock Groups  phy_rst_cnt_reg[23]/C  u_eth/u_icmp_fifo/rptr_reg[11]/CLR
 947  CDC-15  Warning   Clock enable controlled CDC structure detected      0  Asynch Clock Groups  phy_rst_cnt_reg[23]/C  u_eth/u_icmp_fifo/rptr_reg_rep[0]/CLR
 948  CDC-15  Warning   Clock enable controlled CDC structure detected      0  Asynch Clock Groups  phy_rst_cnt_reg[23]/C  u_eth/u_icmp_fifo/rptr_reg_rep[1]/CLR
 949  CDC-15  Warning   Clock enable controlled CDC structure detected      0  Asynch Clock Groups  phy_rst_cnt_reg[23]/C  u_eth/u_icmp_fifo/rptr_reg_rep[2]/CLR
 950  CDC-15  Warning   Clock enable controlled CDC structure detected      0  Asynch Clock Groups  phy_rst_cnt_reg[23]/C  u_eth/u_icmp_fifo/rptr_reg_rep[3]/CLR
 951  CDC-15  Warning   Clock enable controlled CDC structure detected      0  Asynch Clock Groups  phy_rst_cnt_reg[23]/C  u_eth/u_icmp_fifo/rptr_reg_rep[4]/CLR
 952  CDC-15  Warning   Clock enable controlled CDC structure detected      0  Asynch Clock Groups  phy_rst_cnt_reg[23]/C  u_eth/u_icmp_fifo/rptr_reg_rep[5]/CLR
 953  CDC-15  Warning   Clock enable controlled CDC structure detected      0  Asynch Clock Groups  phy_rst_cnt_reg[23]/C  u_eth/u_icmp_fifo/rptr_reg_rep[6]/CLR
 954  CDC-15  Warning   Clock enable controlled CDC structure detected      0  Asynch Clock Groups  phy_rst_cnt_reg[23]/C  u_eth/u_icmp_fifo/rptr_reg_rep[7]/CLR
 955  CDC-15  Warning   Clock enable controlled CDC structure detected      0  Asynch Clock Groups  phy_rst_cnt_reg[23]/C  u_eth/u_icmp_fifo/rptr_reg_rep[8]/CLR
 956  CDC-15  Warning   Clock enable controlled CDC structure detected      0  Asynch Clock Groups  phy_rst_cnt_reg[23]/C  u_eth/u_icmp_fifo/rptr_reg_rep[9]/CLR
 957  CDC-15  Warning   Clock enable controlled CDC structure detected      0  Asynch Clock Groups  phy_rst_cnt_reg[23]/C  u_eth/u_icmp_fifo/rptr_reg_rep[10]/CLR
 958  CDC-15  Warning   Clock enable controlled CDC structure detected      0  Asynch Clock Groups  phy_rst_cnt_reg[23]/C  u_eth/u_icmp_fifo/wptr_reg[0]/CLR
 959  CDC-15  Warning   Clock enable controlled CDC structure detected      0  Asynch Clock Groups  phy_rst_cnt_reg[23]/C  u_eth/u_icmp_fifo/wptr_reg[1]/CLR
 960  CDC-15  Warning   Clock enable controlled CDC structure detected      0  Asynch Clock Groups  phy_rst_cnt_reg[23]/C  u_eth/u_icmp_fifo/wptr_reg[2]/CLR
 961  CDC-15  Warning   Clock enable controlled CDC structure detected      0  Asynch Clock Groups  phy_rst_cnt_reg[23]/C  u_eth/u_icmp_fifo/wptr_reg[3]/CLR
 962  CDC-15  Warning   Clock enable controlled CDC structure detected      0  Asynch Clock Groups  phy_rst_cnt_reg[23]/C  u_eth/u_icmp_fifo/wptr_reg[4]/CLR
 963  CDC-15  Warning   Clock enable controlled CDC structure detected      0  Asynch Clock Groups  phy_rst_cnt_reg[23]/C  u_eth/u_icmp_fifo/wptr_reg[5]/CLR
 964  CDC-15  Warning   Clock enable controlled CDC structure detected      0  Asynch Clock Groups  phy_rst_cnt_reg[23]/C  u_eth/u_icmp_fifo/wptr_reg[6]/CLR
 965  CDC-15  Warning   Clock enable controlled CDC structure detected      0  Asynch Clock Groups  phy_rst_cnt_reg[23]/C  u_eth/u_icmp_fifo/wptr_reg[7]/CLR
 966  CDC-15  Warning   Clock enable controlled CDC structure detected      0  Asynch Clock Groups  phy_rst_cnt_reg[23]/C  u_eth/u_icmp_fifo/wptr_reg[8]/CLR
 967  CDC-15  Warning   Clock enable controlled CDC structure detected      0  Asynch Clock Groups  phy_rst_cnt_reg[23]/C  u_eth/u_icmp_fifo/wptr_reg[9]/CLR
 968  CDC-15  Warning   Clock enable controlled CDC structure detected      0  Asynch Clock Groups  phy_rst_cnt_reg[23]/C  u_eth/u_icmp_fifo/wptr_reg[10]/CLR
 969  CDC-15  Warning   Clock enable controlled CDC structure detected      0  Asynch Clock Groups  phy_rst_cnt_reg[23]/C  u_eth/u_icmp_fifo/wptr_reg[11]/CLR
 970  CDC-15  Warning   Clock enable controlled CDC structure detected      0  Asynch Clock Groups  phy_rst_cnt_reg[23]/C  u_eth/u_lm/cdc_ep_reg[0]/CLR
 971  CDC-15  Warning   Clock enable controlled CDC structure detected      0  Asynch Clock Groups  phy_rst_cnt_reg[23]/C  u_eth/u_lm/cdc_ep_reg[1]/CLR
 972  CDC-15  Warning   Clock enable controlled CDC structure detected      0  Asynch Clock Groups  phy_rst_cnt_reg[23]/C  u_eth/u_lm/cdc_ep_reg[2]/CLR
 973  CDC-15  Warning   Clock enable controlled CDC structure detected      0  Asynch Clock Groups  phy_rst_cnt_reg[23]/C  u_eth/u_lm/cdc_ep_reg[3]/CLR
 974  CDC-15  Warning   Clock enable controlled CDC structure detected      0  Asynch Clock Groups  phy_rst_cnt_reg[23]/C  u_eth/u_lm/cdc_ep_reg[4]/CLR
 975  CDC-15  Warning   Clock enable controlled CDC structure detected      0  Asynch Clock Groups  phy_rst_cnt_reg[23]/C  u_eth/u_lm/cdc_ep_reg[5]/CLR
 976  CDC-15  Warning   Clock enable controlled CDC structure detected      0  Asynch Clock Groups  phy_rst_cnt_reg[23]/C  u_eth/u_lm/cdc_ep_reg[6]/CLR
 977  CDC-15  Warning   Clock enable controlled CDC structure detected      0  Asynch Clock Groups  phy_rst_cnt_reg[23]/C  u_eth/u_lm/cdc_ep_reg[7]/CLR
 978  CDC-15  Warning   Clock enable controlled CDC structure detected      0  Asynch Clock Groups  phy_rst_cnt_reg[23]/C  u_eth/u_lm/cdc_ep_reg[8]/CLR
 979  CDC-15  Warning   Clock enable controlled CDC structure detected      0  Asynch Clock Groups  phy_rst_cnt_reg[23]/C  u_eth/u_lm/cdc_ep_reg[9]/CLR
 980  CDC-15  Warning   Clock enable controlled CDC structure detected      0  Asynch Clock Groups  phy_rst_cnt_reg[23]/C  u_eth/u_lm/cdc_ep_reg[10]/CLR
 981  CDC-15  Warning   Clock enable controlled CDC structure detected      0  Asynch Clock Groups  phy_rst_cnt_reg[23]/C  u_eth/u_lm/cdc_ep_reg[11]/CLR
 982  CDC-15  Warning   Clock enable controlled CDC structure detected      0  Asynch Clock Groups  phy_rst_cnt_reg[23]/C  u_eth/u_lm/cdc_ep_reg[12]/CLR
 983  CDC-15  Warning   Clock enable controlled CDC structure detected      0  Asynch Clock Groups  phy_rst_cnt_reg[23]/C  u_eth/u_lm/cdc_ep_reg[13]/CLR
 984  CDC-15  Warning   Clock enable controlled CDC structure detected      0  Asynch Clock Groups  phy_rst_cnt_reg[23]/C  u_eth/u_lm/cdc_ep_reg[14]/CLR
 985  CDC-15  Warning   Clock enable controlled CDC structure detected      0  Asynch Clock Groups  phy_rst_cnt_reg[23]/C  u_eth/u_lm/cdc_ep_reg[15]/CLR
 986  CDC-15  Warning   Clock enable controlled CDC structure detected      0  Asynch Clock Groups  phy_rst_cnt_reg[23]/C  u_eth/u_lm/cdc_ep_reg[16]/CLR
 987  CDC-15  Warning   Clock enable controlled CDC structure detected      0  Asynch Clock Groups  phy_rst_cnt_reg[23]/C  u_eth/u_lm/cdc_ep_reg[17]/CLR
 988  CDC-15  Warning   Clock enable controlled CDC structure detected      0  Asynch Clock Groups  phy_rst_cnt_reg[23]/C  u_eth/u_lm/cdc_ep_reg[18]/CLR
 989  CDC-15  Warning   Clock enable controlled CDC structure detected      0  Asynch Clock Groups  phy_rst_cnt_reg[23]/C  u_eth/u_lm/cdc_ep_reg[19]/CLR
 990  CDC-15  Warning   Clock enable controlled CDC structure detected      0  Asynch Clock Groups  phy_rst_cnt_reg[23]/C  u_eth/u_lm/cdc_ep_reg[20]/CLR
 991  CDC-15  Warning   Clock enable controlled CDC structure detected      0  Asynch Clock Groups  phy_rst_cnt_reg[23]/C  u_eth/u_lm/cdc_ep_reg[21]/CLR
 992  CDC-15  Warning   Clock enable controlled CDC structure detected      0  Asynch Clock Groups  phy_rst_cnt_reg[23]/C  u_eth/u_lm/cdc_ep_reg[22]/CLR
 993  CDC-15  Warning   Clock enable controlled CDC structure detected      0  Asynch Clock Groups  phy_rst_cnt_reg[23]/C  u_eth/u_lm/cdc_ep_reg[23]/CLR
 994  CDC-15  Warning   Clock enable controlled CDC structure detected      0  Asynch Clock Groups  phy_rst_cnt_reg[23]/C  u_eth/u_lm/cdc_ep_reg[24]/CLR
 995  CDC-15  Warning   Clock enable controlled CDC structure detected      0  Asynch Clock Groups  phy_rst_cnt_reg[23]/C  u_eth/u_lm/cdc_ep_reg[25]/CLR
 996  CDC-15  Warning   Clock enable controlled CDC structure detected      0  Asynch Clock Groups  phy_rst_cnt_reg[23]/C  u_eth/u_lm/cdc_ep_reg[26]/CLR
 997  CDC-15  Warning   Clock enable controlled CDC structure detected      0  Asynch Clock Groups  phy_rst_cnt_reg[23]/C  u_eth/u_lm/cdc_ep_reg[27]/CLR
 998  CDC-15  Warning   Clock enable controlled CDC structure detected      0  Asynch Clock Groups  phy_rst_cnt_reg[23]/C  u_eth/u_lm/cdc_ep_reg[28]/CLR
 999  CDC-15  Warning   Clock enable controlled CDC structure detected      0  Asynch Clock Groups  phy_rst_cnt_reg[23]/C  u_eth/u_lm/cdc_ep_reg[29]/CLR
1000  CDC-15  Warning   Clock enable controlled CDC structure detected      0  Asynch Clock Groups  phy_rst_cnt_reg[23]/C  u_eth/u_lm/cdc_ep_reg[30]/CLR
1001  CDC-15  Warning   Clock enable controlled CDC structure detected      0  Asynch Clock Groups  phy_rst_cnt_reg[23]/C  u_eth/u_lm/cdc_ep_reg[31]/CLR
1002  CDC-15  Warning   Clock enable controlled CDC structure detected      0  Asynch Clock Groups  phy_rst_cnt_reg[23]/C  u_eth/u_lm/drop_words_reg[0]/CLR
1003  CDC-15  Warning   Clock enable controlled CDC structure detected      0  Asynch Clock Groups  phy_rst_cnt_reg[23]/C  u_eth/u_lm/drop_words_reg[1]/CLR
1004  CDC-15  Warning   Clock enable controlled CDC structure detected      0  Asynch Clock Groups  phy_rst_cnt_reg[23]/C  u_eth/u_lm/drop_words_reg[2]/CLR
1005  CDC-15  Warning   Clock enable controlled CDC structure detected      0  Asynch Clock Groups  phy_rst_cnt_reg[23]/C  u_eth/u_lm/drop_words_reg[3]/CLR
1006  CDC-15  Warning   Clock enable controlled CDC structure detected      0  Asynch Clock Groups  phy_rst_cnt_reg[23]/C  u_eth/u_lm/drop_words_reg[4]/CLR
1007  CDC-15  Warning   Clock enable controlled CDC structure detected      0  Asynch Clock Groups  phy_rst_cnt_reg[23]/C  u_eth/u_lm/drop_words_reg[5]/CLR
1008  CDC-15  Warning   Clock enable controlled CDC structure detected      0  Asynch Clock Groups  phy_rst_cnt_reg[23]/C  u_eth/u_lm/drop_words_reg[6]/CLR
1009  CDC-15  Warning   Clock enable controlled CDC structure detected      0  Asynch Clock Groups  phy_rst_cnt_reg[23]/C  u_eth/u_lm/drop_words_reg[7]/CLR
1010  CDC-15  Warning   Clock enable controlled CDC structure detected      0  Asynch Clock Groups  phy_rst_cnt_reg[23]/C  u_eth/u_lm/drop_words_reg[8]/CLR
1011  CDC-15  Warning   Clock enable controlled CDC structure detected      0  Asynch Clock Groups  phy_rst_cnt_reg[23]/C  u_eth/u_lm/drop_words_reg[9]/CLR
1012  CDC-15  Warning   Clock enable controlled CDC structure detected      0  Asynch Clock Groups  phy_rst_cnt_reg[23]/C  u_eth/u_lm/drop_words_reg[10]/CLR
1013  CDC-15  Warning   Clock enable controlled CDC structure detected      0  Asynch Clock Groups  phy_rst_cnt_reg[23]/C  u_eth/u_lm/drop_words_reg[11]/CLR
1014  CDC-15  Warning   Clock enable controlled CDC structure detected      0  Asynch Clock Groups  phy_rst_cnt_reg[23]/C  u_eth/u_lm/drop_words_reg[12]/CLR
1015  CDC-15  Warning   Clock enable controlled CDC structure detected      0  Asynch Clock Groups  phy_rst_cnt_reg[23]/C  u_eth/u_lm/drop_words_reg[13]/CLR
1016  CDC-15  Warning   Clock enable controlled CDC structure detected      0  Asynch Clock Groups  phy_rst_cnt_reg[23]/C  u_eth/u_lm/drop_words_reg[14]/CLR
1017  CDC-15  Warning   Clock enable controlled CDC structure detected      0  Asynch Clock Groups  phy_rst_cnt_reg[23]/C  u_eth/u_lm/drop_words_reg[15]/CLR
1018  CDC-15  Warning   Clock enable controlled CDC structure detected      0  Asynch Clock Groups  phy_rst_cnt_reg[23]/C  u_eth/u_lm/drop_words_reg[16]/CLR
1019  CDC-15  Warning   Clock enable controlled CDC structure detected      0  Asynch Clock Groups  phy_rst_cnt_reg[23]/C  u_eth/u_lm/drop_words_reg[17]/CLR
1020  CDC-15  Warning   Clock enable controlled CDC structure detected      0  Asynch Clock Groups  phy_rst_cnt_reg[23]/C  u_eth/u_lm/drop_words_reg[18]/CLR
1021  CDC-15  Warning   Clock enable controlled CDC structure detected      0  Asynch Clock Groups  phy_rst_cnt_reg[23]/C  u_eth/u_lm/drop_words_reg[19]/CLR
1022  CDC-15  Warning   Clock enable controlled CDC structure detected      0  Asynch Clock Groups  phy_rst_cnt_reg[23]/C  u_eth/u_lm/drop_words_reg[20]/CLR
1023  CDC-15  Warning   Clock enable controlled CDC structure detected      0  Asynch Clock Groups  phy_rst_cnt_reg[23]/C  u_eth/u_lm/drop_words_reg[21]/CLR
1024  CDC-15  Warning   Clock enable controlled CDC structure detected      0  Asynch Clock Groups  phy_rst_cnt_reg[23]/C  u_eth/u_lm/drop_words_reg[22]/CLR
1025  CDC-15  Warning   Clock enable controlled CDC structure detected      0  Asynch Clock Groups  phy_rst_cnt_reg[23]/C  u_eth/u_lm/drop_words_reg[23]/CLR
1026  CDC-15  Warning   Clock enable controlled CDC structure detected      0  Asynch Clock Groups  phy_rst_cnt_reg[23]/C  u_eth/u_lm/drop_words_reg[24]/CLR
1027  CDC-15  Warning   Clock enable controlled CDC structure detected      0  Asynch Clock Groups  phy_rst_cnt_reg[23]/C  u_eth/u_lm/drop_words_reg[25]/CLR
1028  CDC-15  Warning   Clock enable controlled CDC structure detected      0  Asynch Clock Groups  phy_rst_cnt_reg[23]/C  u_eth/u_lm/drop_words_reg[26]/CLR
1029  CDC-15  Warning   Clock enable controlled CDC structure detected      0  Asynch Clock Groups  phy_rst_cnt_reg[23]/C  u_eth/u_lm/drop_words_reg[27]/CLR
1030  CDC-15  Warning   Clock enable controlled CDC structure detected      0  Asynch Clock Groups  phy_rst_cnt_reg[23]/C  u_eth/u_lm/drop_words_reg[28]/CLR
1031  CDC-15  Warning   Clock enable controlled CDC structure detected      0  Asynch Clock Groups  phy_rst_cnt_reg[23]/C  u_eth/u_lm/drop_words_reg[29]/CLR
1032  CDC-15  Warning   Clock enable controlled CDC structure detected      0  Asynch Clock Groups  phy_rst_cnt_reg[23]/C  u_eth/u_lm/drop_words_reg[30]/CLR
1033  CDC-15  Warning   Clock enable controlled CDC structure detected      0  Asynch Clock Groups  phy_rst_cnt_reg[23]/C  u_eth/u_lm/drop_words_reg[31]/CLR
1034  CDC-15  Warning   Clock enable controlled CDC structure detected      0  Asynch Clock Groups  phy_rst_cnt_reg[23]/C  u_eth/u_lm/frames_bad_reg[0]/CLR
1035  CDC-15  Warning   Clock enable controlled CDC structure detected      0  Asynch Clock Groups  phy_rst_cnt_reg[23]/C  u_eth/u_lm/frames_bad_reg[1]/CLR
1036  CDC-15  Warning   Clock enable controlled CDC structure detected      0  Asynch Clock Groups  phy_rst_cnt_reg[23]/C  u_eth/u_lm/frames_bad_reg[2]/CLR
1037  CDC-15  Warning   Clock enable controlled CDC structure detected      0  Asynch Clock Groups  phy_rst_cnt_reg[23]/C  u_eth/u_lm/frames_bad_reg[3]/CLR
1038  CDC-15  Warning   Clock enable controlled CDC structure detected      0  Asynch Clock Groups  phy_rst_cnt_reg[23]/C  u_eth/u_lm/frames_bad_reg[4]/CLR
1039  CDC-15  Warning   Clock enable controlled CDC structure detected      0  Asynch Clock Groups  phy_rst_cnt_reg[23]/C  u_eth/u_lm/frames_bad_reg[5]/CLR
1040  CDC-15  Warning   Clock enable controlled CDC structure detected      0  Asynch Clock Groups  phy_rst_cnt_reg[23]/C  u_eth/u_lm/frames_bad_reg[6]/CLR
1041  CDC-15  Warning   Clock enable controlled CDC structure detected      0  Asynch Clock Groups  phy_rst_cnt_reg[23]/C  u_eth/u_lm/frames_bad_reg[7]/CLR
1042  CDC-15  Warning   Clock enable controlled CDC structure detected      0  Asynch Clock Groups  phy_rst_cnt_reg[23]/C  u_eth/u_lm/frames_bad_reg[8]/CLR
1043  CDC-15  Warning   Clock enable controlled CDC structure detected      0  Asynch Clock Groups  phy_rst_cnt_reg[23]/C  u_eth/u_lm/frames_bad_reg[9]/CLR
1044  CDC-15  Warning   Clock enable controlled CDC structure detected      0  Asynch Clock Groups  phy_rst_cnt_reg[23]/C  u_eth/u_lm/frames_bad_reg[10]/CLR
1045  CDC-15  Warning   Clock enable controlled CDC structure detected      0  Asynch Clock Groups  phy_rst_cnt_reg[23]/C  u_eth/u_lm/frames_bad_reg[11]/CLR
1046  CDC-15  Warning   Clock enable controlled CDC structure detected      0  Asynch Clock Groups  phy_rst_cnt_reg[23]/C  u_eth/u_lm/frames_bad_reg[12]/CLR
1047  CDC-15  Warning   Clock enable controlled CDC structure detected      0  Asynch Clock Groups  phy_rst_cnt_reg[23]/C  u_eth/u_lm/frames_bad_reg[13]/CLR
1048  CDC-15  Warning   Clock enable controlled CDC structure detected      0  Asynch Clock Groups  phy_rst_cnt_reg[23]/C  u_eth/u_lm/frames_bad_reg[14]/CLR
1049  CDC-15  Warning   Clock enable controlled CDC structure detected      0  Asynch Clock Groups  phy_rst_cnt_reg[23]/C  u_eth/u_lm/frames_bad_reg[15]/CLR
1050  CDC-15  Warning   Clock enable controlled CDC structure detected      0  Asynch Clock Groups  phy_rst_cnt_reg[23]/C  u_eth/u_lm/frames_bad_reg[16]/CLR
1051  CDC-15  Warning   Clock enable controlled CDC structure detected      0  Asynch Clock Groups  phy_rst_cnt_reg[23]/C  u_eth/u_lm/frames_bad_reg[17]/CLR
1052  CDC-15  Warning   Clock enable controlled CDC structure detected      0  Asynch Clock Groups  phy_rst_cnt_reg[23]/C  u_eth/u_lm/frames_bad_reg[18]/CLR
1053  CDC-15  Warning   Clock enable controlled CDC structure detected      0  Asynch Clock Groups  phy_rst_cnt_reg[23]/C  u_eth/u_lm/frames_bad_reg[19]/CLR
1054  CDC-15  Warning   Clock enable controlled CDC structure detected      0  Asynch Clock Groups  phy_rst_cnt_reg[23]/C  u_eth/u_lm/frames_bad_reg[20]/CLR
1055  CDC-15  Warning   Clock enable controlled CDC structure detected      0  Asynch Clock Groups  phy_rst_cnt_reg[23]/C  u_eth/u_lm/frames_bad_reg[21]/CLR
1056  CDC-15  Warning   Clock enable controlled CDC structure detected      0  Asynch Clock Groups  phy_rst_cnt_reg[23]/C  u_eth/u_lm/frames_bad_reg[22]/CLR
1057  CDC-15  Warning   Clock enable controlled CDC structure detected      0  Asynch Clock Groups  phy_rst_cnt_reg[23]/C  u_eth/u_lm/frames_bad_reg[23]/CLR
1058  CDC-15  Warning   Clock enable controlled CDC structure detected      0  Asynch Clock Groups  phy_rst_cnt_reg[23]/C  u_eth/u_lm/frames_bad_reg[24]/CLR
1059  CDC-15  Warning   Clock enable controlled CDC structure detected      0  Asynch Clock Groups  phy_rst_cnt_reg[23]/C  u_eth/u_lm/frames_bad_reg[25]/CLR
1060  CDC-15  Warning   Clock enable controlled CDC structure detected      0  Asynch Clock Groups  phy_rst_cnt_reg[23]/C  u_eth/u_lm/frames_bad_reg[26]/CLR
1061  CDC-15  Warning   Clock enable controlled CDC structure detected      0  Asynch Clock Groups  phy_rst_cnt_reg[23]/C  u_eth/u_lm/frames_bad_reg[27]/CLR
1062  CDC-15  Warning   Clock enable controlled CDC structure detected      0  Asynch Clock Groups  phy_rst_cnt_reg[23]/C  u_eth/u_lm/frames_bad_reg[28]/CLR
1063  CDC-15  Warning   Clock enable controlled CDC structure detected      0  Asynch Clock Groups  phy_rst_cnt_reg[23]/C  u_eth/u_lm/frames_bad_reg[29]/CLR
1064  CDC-15  Warning   Clock enable controlled CDC structure detected      0  Asynch Clock Groups  phy_rst_cnt_reg[23]/C  u_eth/u_lm/frames_bad_reg[30]/CLR
1065  CDC-15  Warning   Clock enable controlled CDC structure detected      0  Asynch Clock Groups  phy_rst_cnt_reg[23]/C  u_eth/u_lm/frames_bad_reg[31]/CLR
1066  CDC-7   Critical  Asynchronous reset unknown CDC circuitry            0  Asynch Clock Groups  phy_rst_cnt_reg[23]/C  u_eth/u_lm/full_d_reg/CLR
1067  CDC-15  Warning   Clock enable controlled CDC structure detected      0  Asynch Clock Groups  phy_rst_cnt_reg[23]/C  u_eth/u_lm/gap_last_reg[0]/CLR
1068  CDC-15  Warning   Clock enable controlled CDC structure detected      0  Asynch Clock Groups  phy_rst_cnt_reg[23]/C  u_eth/u_lm/gap_last_reg[1]/CLR
1069  CDC-15  Warning   Clock enable controlled CDC structure detected      0  Asynch Clock Groups  phy_rst_cnt_reg[23]/C  u_eth/u_lm/gap_last_reg[2]/CLR
1070  CDC-15  Warning   Clock enable controlled CDC structure detected      0  Asynch Clock Groups  phy_rst_cnt_reg[23]/C  u_eth/u_lm/gap_last_reg[3]/CLR
1071  CDC-15  Warning   Clock enable controlled CDC structure detected      0  Asynch Clock Groups  phy_rst_cnt_reg[23]/C  u_eth/u_lm/gap_last_reg[4]/CLR
1072  CDC-15  Warning   Clock enable controlled CDC structure detected      0  Asynch Clock Groups  phy_rst_cnt_reg[23]/C  u_eth/u_lm/gap_last_reg[5]/CLR
1073  CDC-15  Warning   Clock enable controlled CDC structure detected      0  Asynch Clock Groups  phy_rst_cnt_reg[23]/C  u_eth/u_lm/gap_last_reg[6]/CLR
1074  CDC-15  Warning   Clock enable controlled CDC structure detected      0  Asynch Clock Groups  phy_rst_cnt_reg[23]/C  u_eth/u_lm/gap_last_reg[7]/CLR
1075  CDC-15  Warning   Clock enable controlled CDC structure detected      0  Asynch Clock Groups  phy_rst_cnt_reg[23]/C  u_eth/u_lm/gap_last_reg[8]/CLR
1076  CDC-15  Warning   Clock enable controlled CDC structure detected      0  Asynch Clock Groups  phy_rst_cnt_reg[23]/C  u_eth/u_lm/gap_last_reg[9]/CLR
1077  CDC-15  Warning   Clock enable controlled CDC structure detected      0  Asynch Clock Groups  phy_rst_cnt_reg[23]/C  u_eth/u_lm/gap_last_reg[10]/CLR
1078  CDC-15  Warning   Clock enable controlled CDC structure detected      0  Asynch Clock Groups  phy_rst_cnt_reg[23]/C  u_eth/u_lm/gap_last_reg[11]/CLR
1079  CDC-15  Warning   Clock enable controlled CDC structure detected      0  Asynch Clock Groups  phy_rst_cnt_reg[23]/C  u_eth/u_lm/gap_last_reg[12]/CLR
1080  CDC-15  Warning   Clock enable controlled CDC structure detected      0  Asynch Clock Groups  phy_rst_cnt_reg[23]/C  u_eth/u_lm/gap_last_reg[13]/CLR
1081  CDC-15  Warning   Clock enable controlled CDC structure detected      0  Asynch Clock Groups  phy_rst_cnt_reg[23]/C  u_eth/u_lm/gap_last_reg[14]/CLR
1082  CDC-15  Warning   Clock enable controlled CDC structure detected      0  Asynch Clock Groups  phy_rst_cnt_reg[23]/C  u_eth/u_lm/gap_last_reg[15]/CLR
1083  CDC-15  Warning   Clock enable controlled CDC structure detected      0  Asynch Clock Groups  phy_rst_cnt_reg[23]/C  u_eth/u_lm/gap_max_reg[0]/CLR
1084  CDC-15  Warning   Clock enable controlled CDC structure detected      0  Asynch Clock Groups  phy_rst_cnt_reg[23]/C  u_eth/u_lm/gap_max_reg[1]/CLR
1085  CDC-15  Warning   Clock enable controlled CDC structure detected      0  Asynch Clock Groups  phy_rst_cnt_reg[23]/C  u_eth/u_lm/gap_max_reg[2]/CLR
1086  CDC-15  Warning   Clock enable controlled CDC structure detected      0  Asynch Clock Groups  phy_rst_cnt_reg[23]/C  u_eth/u_lm/gap_max_reg[3]/CLR
1087  CDC-15  Warning   Clock enable controlled CDC structure detected      0  Asynch Clock Groups  phy_rst_cnt_reg[23]/C  u_eth/u_lm/gap_max_reg[4]/CLR
1088  CDC-15  Warning   Clock enable controlled CDC structure detected      0  Asynch Clock Groups  phy_rst_cnt_reg[23]/C  u_eth/u_lm/gap_max_reg[5]/CLR
1089  CDC-15  Warning   Clock enable controlled CDC structure detected      0  Asynch Clock Groups  phy_rst_cnt_reg[23]/C  u_eth/u_lm/gap_max_reg[6]/CLR
1090  CDC-15  Warning   Clock enable controlled CDC structure detected      0  Asynch Clock Groups  phy_rst_cnt_reg[23]/C  u_eth/u_lm/gap_max_reg[7]/CLR
1091  CDC-15  Warning   Clock enable controlled CDC structure detected      0  Asynch Clock Groups  phy_rst_cnt_reg[23]/C  u_eth/u_lm/gap_max_reg[8]/CLR
1092  CDC-15  Warning   Clock enable controlled CDC structure detected      0  Asynch Clock Groups  phy_rst_cnt_reg[23]/C  u_eth/u_lm/gap_max_reg[9]/CLR
1093  CDC-15  Warning   Clock enable controlled CDC structure detected      0  Asynch Clock Groups  phy_rst_cnt_reg[23]/C  u_eth/u_lm/gap_max_reg[10]/CLR
1094  CDC-15  Warning   Clock enable controlled CDC structure detected      0  Asynch Clock Groups  phy_rst_cnt_reg[23]/C  u_eth/u_lm/gap_max_reg[11]/CLR
1095  CDC-15  Warning   Clock enable controlled CDC structure detected      0  Asynch Clock Groups  phy_rst_cnt_reg[23]/C  u_eth/u_lm/gap_max_reg[12]/CLR
1096  CDC-15  Warning   Clock enable controlled CDC structure detected      0  Asynch Clock Groups  phy_rst_cnt_reg[23]/C  u_eth/u_lm/gap_max_reg[13]/CLR
1097  CDC-15  Warning   Clock enable controlled CDC structure detected      0  Asynch Clock Groups  phy_rst_cnt_reg[23]/C  u_eth/u_lm/gap_max_reg[14]/CLR
1098  CDC-15  Warning   Clock enable controlled CDC structure detected      0  Asynch Clock Groups  phy_rst_cnt_reg[23]/C  u_eth/u_lm/gap_max_reg[15]/CLR
1099  CDC-15  Warning   Clock enable controlled CDC structure detected      0  Asynch Clock Groups  phy_rst_cnt_reg[23]/C  u_eth/u_lm/gap_min_reg[0]/CLR
1100  CDC-15  Warning   Clock enable controlled CDC structure detected      0  Asynch Clock Groups  phy_rst_cnt_reg[23]/C  u_eth/u_lm/gap_min_reg[1]/CLR
1101  CDC-15  Warning   Clock enable controlled CDC structure detected      0  Asynch Clock Groups  phy_rst_cnt_reg[23]/C  u_eth/u_lm/gap_min_reg[2]/CLR
1102  CDC-15  Warning   Clock enable controlled CDC structure detected      0  Asynch Clock Groups  phy_rst_cnt_reg[23]/C  u_eth/u_lm/gap_min_reg[3]/CLR
1103  CDC-15  Warning   Clock enable controlled CDC structure detected      0  Asynch Clock Groups  phy_rst_cnt_reg[23]/C  u_eth/u_lm/gap_min_reg[4]/CLR
1104  CDC-15  Warning   Clock enable controlled CDC structure detected      0  Asynch Clock Groups  phy_rst_cnt_reg[23]/C  u_eth/u_lm/gap_min_reg[5]/CLR
1105  CDC-15  Warning   Clock enable controlled CDC structure detected      0  Asynch Clock Groups  phy_rst_cnt_reg[23]/C  u_eth/u_lm/gap_min_reg[6]/CLR
1106  CDC-15  Warning   Clock enable controlled CDC structure detected      0  Asynch Clock Groups  phy_rst_cnt_reg[23]/C  u_eth/u_lm/gap_min_reg[7]/CLR
1107  CDC-15  Warning   Clock enable controlled CDC structure detected      0  Asynch Clock Groups  phy_rst_cnt_reg[23]/C  u_eth/u_lm/gap_min_reg[8]/CLR
1108  CDC-15  Warning   Clock enable controlled CDC structure detected      0  Asynch Clock Groups  phy_rst_cnt_reg[23]/C  u_eth/u_lm/gap_min_reg[9]/CLR
1109  CDC-15  Warning   Clock enable controlled CDC structure detected      0  Asynch Clock Groups  phy_rst_cnt_reg[23]/C  u_eth/u_lm/gap_min_reg[10]/CLR
1110  CDC-15  Warning   Clock enable controlled CDC structure detected      0  Asynch Clock Groups  phy_rst_cnt_reg[23]/C  u_eth/u_lm/gap_min_reg[11]/CLR
1111  CDC-15  Warning   Clock enable controlled CDC structure detected      0  Asynch Clock Groups  phy_rst_cnt_reg[23]/C  u_eth/u_lm/gap_min_reg[12]/CLR
1112  CDC-15  Warning   Clock enable controlled CDC structure detected      0  Asynch Clock Groups  phy_rst_cnt_reg[23]/C  u_eth/u_lm/gap_min_reg[13]/CLR
1113  CDC-15  Warning   Clock enable controlled CDC structure detected      0  Asynch Clock Groups  phy_rst_cnt_reg[23]/C  u_eth/u_lm/gap_min_reg[14]/CLR
1114  CDC-15  Warning   Clock enable controlled CDC structure detected      0  Asynch Clock Groups  phy_rst_cnt_reg[23]/C  u_eth/u_lm/gap_min_reg[15]/CLR
1115  CDC-15  Warning   Clock enable controlled CDC structure detected      0  Asynch Clock Groups  phy_rst_cnt_reg[23]/C  u_eth/u_lm/gap_sum_reg[0]/CLR
1116  CDC-15  Warning   Clock enable controlled CDC structure detected      0  Asynch Clock Groups  phy_rst_cnt_reg[23]/C  u_eth/u_lm/gap_sum_reg[1]/CLR
1117  CDC-15  Warning   Clock enable controlled CDC structure detected      0  Asynch Clock Groups  phy_rst_cnt_reg[23]/C  u_eth/u_lm/gap_sum_reg[2]/CLR
1118  CDC-15  Warning   Clock enable controlled CDC structure detected      0  Asynch Clock Groups  phy_rst_cnt_reg[23]/C  u_eth/u_lm/gap_sum_reg[3]/CLR
1119  CDC-15  Warning   Clock enable controlled CDC structure detected      0  Asynch Clock Groups  phy_rst_cnt_reg[23]/C  u_eth/u_lm/gap_sum_reg[4]/CLR
1120  CDC-15  Warning   Clock enable controlled CDC structure detected      0  Asynch Clock Groups  phy_rst_cnt_reg[23]/C  u_eth/u_lm/gap_sum_reg[5]/CLR
1121  CDC-15  Warning   Clock enable controlled CDC structure detected      0  Asynch Clock Groups  phy_rst_cnt_reg[23]/C  u_eth/u_lm/gap_sum_reg[6]/CLR
1122  CDC-15  Warning   Clock enable controlled CDC structure detected      0  Asynch Clock Groups  phy_rst_cnt_reg[23]/C  u_eth/u_lm/gap_sum_reg[7]/CLR
1123  CDC-15  Warning   Clock enable controlled CDC structure detected      0  Asynch Clock Groups  phy_rst_cnt_reg[23]/C  u_eth/u_lm/gap_sum_reg[8]/CLR
1124  CDC-15  Warning   Clock enable controlled CDC structure detected      0  Asynch Clock Groups  phy_rst_cnt_reg[23]/C  u_eth/u_lm/gap_sum_reg[9]/CLR
1125  CDC-15  Warning   Clock enable controlled CDC structure detected      0  Asynch Clock Groups  phy_rst_cnt_reg[23]/C  u_eth/u_lm/gap_sum_reg[10]/CLR
1126  CDC-15  Warning   Clock enable controlled CDC structure detected      0  Asynch Clock Groups  phy_rst_cnt_reg[23]/C  u_eth/u_lm/gap_sum_reg[11]/CLR
1127  CDC-15  Warning   Clock enable controlled CDC structure detected      0  Asynch Clock Groups  phy_rst_cnt_reg[23]/C  u_eth/u_lm/gap_sum_reg[12]/CLR
1128  CDC-15  Warning   Clock enable controlled CDC structure detected      0  Asynch Clock Groups  phy_rst_cnt_reg[23]/C  u_eth/u_lm/gap_sum_reg[13]/CLR
1129  CDC-15  Warning   Clock enable controlled CDC structure detected      0  Asynch Clock Groups  phy_rst_cnt_reg[23]/C  u_eth/u_lm/gap_sum_reg[14]/CLR
1130  CDC-15  Warning   Clock enable controlled CDC structure detected      0  Asynch Clock Groups  phy_rst_cnt_reg[23]/C  u_eth/u_lm/gap_sum_reg[15]/CLR
1131  CDC-15  Warning   Clock enable controlled CDC structure detected      0  Asynch Clock Groups  phy_rst_cnt_reg[23]/C  u_eth/u_lm/gap_sum_reg[16]/CLR
1132  CDC-15  Warning   Clock enable controlled CDC structure detected      0  Asynch Clock Groups  phy_rst_cnt_reg[23]/C  u_eth/u_lm/gap_sum_reg[17]/CLR
1133  CDC-15  Warning   Clock enable controlled CDC structure detected      0  Asynch Clock Groups  phy_rst_cnt_reg[23]/C  u_eth/u_lm/gap_sum_reg[18]/CLR
1134  CDC-15  Warning   Clock enable controlled CDC structure detected      0  Asynch Clock Groups  phy_rst_cnt_reg[23]/C  u_eth/u_lm/gap_sum_reg[19]/CLR
1135  CDC-15  Warning   Clock enable controlled CDC structure detected      0  Asynch Clock Groups  phy_rst_cnt_reg[23]/C  u_eth/u_lm/gap_sum_reg[20]/CLR
1136  CDC-15  Warning   Clock enable controlled CDC structure detected      0  Asynch Clock Groups  phy_rst_cnt_reg[23]/C  u_eth/u_lm/gap_sum_reg[21]/CLR
1137  CDC-15  Warning   Clock enable controlled CDC structure detected      0  Asynch Clock Groups  phy_rst_cnt_reg[23]/C  u_eth/u_lm/gap_sum_reg[22]/CLR
1138  CDC-15  Warning   Clock enable controlled CDC structure detected      0  Asynch Clock Groups  phy_rst_cnt_reg[23]/C  u_eth/u_lm/gap_sum_reg[23]/CLR
1139  CDC-15  Warning   Clock enable controlled CDC structure detected      0  Asynch Clock Groups  phy_rst_cnt_reg[23]/C  u_eth/u_lm/gap_sum_reg[24]/CLR
1140  CDC-15  Warning   Clock enable controlled CDC structure detected      0  Asynch Clock Groups  phy_rst_cnt_reg[23]/C  u_eth/u_lm/gap_sum_reg[25]/CLR
1141  CDC-15  Warning   Clock enable controlled CDC structure detected      0  Asynch Clock Groups  phy_rst_cnt_reg[23]/C  u_eth/u_lm/gap_sum_reg[26]/CLR
1142  CDC-15  Warning   Clock enable controlled CDC structure detected      0  Asynch Clock Groups  phy_rst_cnt_reg[23]/C  u_eth/u_lm/gap_sum_reg[27]/CLR
1143  CDC-15  Warning   Clock enable controlled CDC structure detected      0  Asynch Clock Groups  phy_rst_cnt_reg[23]/C  u_eth/u_lm/gap_sum_reg[28]/CLR
1144  CDC-15  Warning   Clock enable controlled CDC structure detected      0  Asynch Clock Groups  phy_rst_cnt_reg[23]/C  u_eth/u_lm/gap_sum_reg[29]/CLR
1145  CDC-15  Warning   Clock enable controlled CDC structure detected      0  Asynch Clock Groups  phy_rst_cnt_reg[23]/C  u_eth/u_lm/gap_sum_reg[30]/CLR
1146  CDC-15  Warning   Clock enable controlled CDC structure detected      0  Asynch Clock Groups  phy_rst_cnt_reg[23]/C  u_eth/u_lm/gap_sum_reg[31]/CLR
1147  CDC-7   Critical  Asynchronous reset unknown CDC circuitry            0  Asynch Clock Groups  phy_rst_cnt_reg[23]/C  u_eth/u_lm/gap_valid_reg/CLR
1148  CDC-7   Critical  Asynchronous reset unknown CDC circuitry            0  Asynch Clock Groups  phy_rst_cnt_reg[23]/C  u_eth/u_lm/have_base_reg/CLR
1149  CDC-15  Warning   Clock enable controlled CDC structure detected      0  Asynch Clock Groups  phy_rst_cnt_reg[23]/C  u_eth/u_lm/lm_bus_reg[32]/CLR
1150  CDC-15  Warning   Clock enable controlled CDC structure detected      0  Asynch Clock Groups  phy_rst_cnt_reg[23]/C  u_eth/u_lm/lm_bus_reg[33]/CLR
1151  CDC-15  Warning   Clock enable controlled CDC structure detected      0  Asynch Clock Groups  phy_rst_cnt_reg[23]/C  u_eth/u_lm/lm_bus_reg[34]/CLR
1152  CDC-15  Warning   Clock enable controlled CDC structure detected      0  Asynch Clock Groups  phy_rst_cnt_reg[23]/C  u_eth/u_lm/lm_bus_reg[35]/CLR
1153  CDC-15  Warning   Clock enable controlled CDC structure detected      0  Asynch Clock Groups  phy_rst_cnt_reg[23]/C  u_eth/u_lm/lm_bus_reg[36]/CLR
1154  CDC-15  Warning   Clock enable controlled CDC structure detected      0  Asynch Clock Groups  phy_rst_cnt_reg[23]/C  u_eth/u_lm/lm_bus_reg[37]/CLR
1155  CDC-15  Warning   Clock enable controlled CDC structure detected      0  Asynch Clock Groups  phy_rst_cnt_reg[23]/C  u_eth/u_lm/lm_bus_reg[38]/CLR
1156  CDC-15  Warning   Clock enable controlled CDC structure detected      0  Asynch Clock Groups  phy_rst_cnt_reg[23]/C  u_eth/u_lm/lm_bus_reg[39]/CLR
1157  CDC-15  Warning   Clock enable controlled CDC structure detected      0  Asynch Clock Groups  phy_rst_cnt_reg[23]/C  u_eth/u_lm/lm_bus_reg[40]/CLR
1158  CDC-15  Warning   Clock enable controlled CDC structure detected      0  Asynch Clock Groups  phy_rst_cnt_reg[23]/C  u_eth/u_lm/lm_bus_reg[41]/CLR
1159  CDC-15  Warning   Clock enable controlled CDC structure detected      0  Asynch Clock Groups  phy_rst_cnt_reg[23]/C  u_eth/u_lm/lm_bus_reg[42]/CLR
1160  CDC-15  Warning   Clock enable controlled CDC structure detected      0  Asynch Clock Groups  phy_rst_cnt_reg[23]/C  u_eth/u_lm/lm_bus_reg[43]/CLR
1161  CDC-15  Warning   Clock enable controlled CDC structure detected      0  Asynch Clock Groups  phy_rst_cnt_reg[23]/C  u_eth/u_lm/lm_bus_reg[44]/CLR
1162  CDC-15  Warning   Clock enable controlled CDC structure detected      0  Asynch Clock Groups  phy_rst_cnt_reg[23]/C  u_eth/u_lm/lm_bus_reg[45]/CLR
1163  CDC-15  Warning   Clock enable controlled CDC structure detected      0  Asynch Clock Groups  phy_rst_cnt_reg[23]/C  u_eth/u_lm/lm_bus_reg[46]/CLR
1164  CDC-15  Warning   Clock enable controlled CDC structure detected      0  Asynch Clock Groups  phy_rst_cnt_reg[23]/C  u_eth/u_lm/lm_bus_reg[47]/CLR
1165  CDC-15  Warning   Clock enable controlled CDC structure detected      0  Asynch Clock Groups  phy_rst_cnt_reg[23]/C  u_eth/u_lm/lm_bus_reg[48]/CLR
1166  CDC-15  Warning   Clock enable controlled CDC structure detected      0  Asynch Clock Groups  phy_rst_cnt_reg[23]/C  u_eth/u_lm/lm_bus_reg[49]/CLR
1167  CDC-15  Warning   Clock enable controlled CDC structure detected      0  Asynch Clock Groups  phy_rst_cnt_reg[23]/C  u_eth/u_lm/lm_bus_reg[50]/CLR
1168  CDC-15  Warning   Clock enable controlled CDC structure detected      0  Asynch Clock Groups  phy_rst_cnt_reg[23]/C  u_eth/u_lm/lm_bus_reg[51]/CLR
1169  CDC-15  Warning   Clock enable controlled CDC structure detected      0  Asynch Clock Groups  phy_rst_cnt_reg[23]/C  u_eth/u_lm/lm_bus_reg[52]/CLR
1170  CDC-15  Warning   Clock enable controlled CDC structure detected      0  Asynch Clock Groups  phy_rst_cnt_reg[23]/C  u_eth/u_lm/lm_bus_reg[53]/CLR
1171  CDC-15  Warning   Clock enable controlled CDC structure detected      0  Asynch Clock Groups  phy_rst_cnt_reg[23]/C  u_eth/u_lm/lm_bus_reg[54]/CLR
1172  CDC-15  Warning   Clock enable controlled CDC structure detected      0  Asynch Clock Groups  phy_rst_cnt_reg[23]/C  u_eth/u_lm/lm_bus_reg[55]/CLR
1173  CDC-15  Warning   Clock enable controlled CDC structure detected      0  Asynch Clock Groups  phy_rst_cnt_reg[23]/C  u_eth/u_lm/lm_bus_reg[56]/CLR
1174  CDC-15  Warning   Clock enable controlled CDC structure detected      0  Asynch Clock Groups  phy_rst_cnt_reg[23]/C  u_eth/u_lm/lm_bus_reg[57]/CLR
1175  CDC-15  Warning   Clock enable controlled CDC structure detected      0  Asynch Clock Groups  phy_rst_cnt_reg[23]/C  u_eth/u_lm/lm_bus_reg[58]/CLR
1176  CDC-15  Warning   Clock enable controlled CDC structure detected      0  Asynch Clock Groups  phy_rst_cnt_reg[23]/C  u_eth/u_lm/lm_bus_reg[59]/CLR
1177  CDC-15  Warning   Clock enable controlled CDC structure detected      0  Asynch Clock Groups  phy_rst_cnt_reg[23]/C  u_eth/u_lm/lm_bus_reg[60]/CLR
1178  CDC-15  Warning   Clock enable controlled CDC structure detected      0  Asynch Clock Groups  phy_rst_cnt_reg[23]/C  u_eth/u_lm/lm_bus_reg[61]/CLR
1179  CDC-15  Warning   Clock enable controlled CDC structure detected      0  Asynch Clock Groups  phy_rst_cnt_reg[23]/C  u_eth/u_lm/lm_bus_reg[62]/CLR
1180  CDC-15  Warning   Clock enable controlled CDC structure detected      0  Asynch Clock Groups  phy_rst_cnt_reg[23]/C  u_eth/u_lm/lm_bus_reg[63]/CLR
1181  CDC-15  Warning   Clock enable controlled CDC structure detected      0  Asynch Clock Groups  phy_rst_cnt_reg[23]/C  u_eth/u_lm/lm_bus_reg[192]/CLR
1182  CDC-15  Warning   Clock enable controlled CDC structure detected      0  Asynch Clock Groups  phy_rst_cnt_reg[23]/C  u_eth/u_lm/lm_bus_reg[193]/CLR
1183  CDC-15  Warning   Clock enable controlled CDC structure detected      0  Asynch Clock Groups  phy_rst_cnt_reg[23]/C  u_eth/u_lm/lm_bus_reg[194]/CLR
1184  CDC-15  Warning   Clock enable controlled CDC structure detected      0  Asynch Clock Groups  phy_rst_cnt_reg[23]/C  u_eth/u_lm/lm_bus_reg[195]/CLR
1185  CDC-15  Warning   Clock enable controlled CDC structure detected      0  Asynch Clock Groups  phy_rst_cnt_reg[23]/C  u_eth/u_lm/lm_bus_reg[196]/CLR
1186  CDC-15  Warning   Clock enable controlled CDC structure detected      0  Asynch Clock Groups  phy_rst_cnt_reg[23]/C  u_eth/u_lm/lm_bus_reg[197]/CLR
1187  CDC-15  Warning   Clock enable controlled CDC structure detected      0  Asynch Clock Groups  phy_rst_cnt_reg[23]/C  u_eth/u_lm/lm_bus_reg[198]/CLR
1188  CDC-15  Warning   Clock enable controlled CDC structure detected      0  Asynch Clock Groups  phy_rst_cnt_reg[23]/C  u_eth/u_lm/lm_bus_reg[199]/CLR
1189  CDC-15  Warning   Clock enable controlled CDC structure detected      0  Asynch Clock Groups  phy_rst_cnt_reg[23]/C  u_eth/u_lm/lm_bus_reg[200]/CLR
1190  CDC-15  Warning   Clock enable controlled CDC structure detected      0  Asynch Clock Groups  phy_rst_cnt_reg[23]/C  u_eth/u_lm/lm_bus_reg[201]/CLR
1191  CDC-15  Warning   Clock enable controlled CDC structure detected      0  Asynch Clock Groups  phy_rst_cnt_reg[23]/C  u_eth/u_lm/lm_bus_reg[202]/CLR
1192  CDC-15  Warning   Clock enable controlled CDC structure detected      0  Asynch Clock Groups  phy_rst_cnt_reg[23]/C  u_eth/u_lm/lm_bus_reg[203]/CLR
1193  CDC-15  Warning   Clock enable controlled CDC structure detected      0  Asynch Clock Groups  phy_rst_cnt_reg[23]/C  u_eth/u_lm/lm_bus_reg[204]/CLR
1194  CDC-15  Warning   Clock enable controlled CDC structure detected      0  Asynch Clock Groups  phy_rst_cnt_reg[23]/C  u_eth/u_lm/lm_bus_reg[205]/CLR
1195  CDC-15  Warning   Clock enable controlled CDC structure detected      0  Asynch Clock Groups  phy_rst_cnt_reg[23]/C  u_eth/u_lm/lm_bus_reg[206]/CLR
1196  CDC-15  Warning   Clock enable controlled CDC structure detected      0  Asynch Clock Groups  phy_rst_cnt_reg[23]/C  u_eth/u_lm/lm_bus_reg[207]/CLR
1197  CDC-15  Warning   Clock enable controlled CDC structure detected      0  Asynch Clock Groups  phy_rst_cnt_reg[23]/C  u_eth/u_lm/lm_bus_reg[224]/CLR
1198  CDC-15  Warning   Clock enable controlled CDC structure detected      0  Asynch Clock Groups  phy_rst_cnt_reg[23]/C  u_eth/u_lm/lm_bus_reg[225]/CLR
1199  CDC-15  Warning   Clock enable controlled CDC structure detected      0  Asynch Clock Groups  phy_rst_cnt_reg[23]/C  u_eth/u_lm/lm_bus_reg[226]/CLR
1200  CDC-15  Warning   Clock enable controlled CDC structure detected      0  Asynch Clock Groups  phy_rst_cnt_reg[23]/C  u_eth/u_lm/lm_bus_reg[227]/CLR
1201  CDC-15  Warning   Clock enable controlled CDC structure detected      0  Asynch Clock Groups  phy_rst_cnt_reg[23]/C  u_eth/u_lm/lm_bus_tog_reg/CLR
1202  CDC-15  Warning   Clock enable controlled CDC structure detected      0  Asynch Clock Groups  phy_rst_cnt_reg[23]/C  u_eth/u_lm/lm_hb_reg/CLR
1203  CDC-15  Warning   Clock enable controlled CDC structure detected      0  Asynch Clock Groups  phy_rst_cnt_reg[23]/C  u_eth/u_lm/ms32_reg[0]/CLR
1204  CDC-15  Warning   Clock enable controlled CDC structure detected      0  Asynch Clock Groups  phy_rst_cnt_reg[23]/C  u_eth/u_lm/ms32_reg[1]/CLR
1205  CDC-15  Warning   Clock enable controlled CDC structure detected      0  Asynch Clock Groups  phy_rst_cnt_reg[23]/C  u_eth/u_lm/ms32_reg[2]/CLR
1206  CDC-15  Warning   Clock enable controlled CDC structure detected      0  Asynch Clock Groups  phy_rst_cnt_reg[23]/C  u_eth/u_lm/ms32_reg[3]/CLR
1207  CDC-15  Warning   Clock enable controlled CDC structure detected      0  Asynch Clock Groups  phy_rst_cnt_reg[23]/C  u_eth/u_lm/ms32_reg[4]/CLR
1208  CDC-15  Warning   Clock enable controlled CDC structure detected      0  Asynch Clock Groups  phy_rst_cnt_reg[23]/C  u_eth/u_lm/ms32_reg[5]/CLR
1209  CDC-15  Warning   Clock enable controlled CDC structure detected      0  Asynch Clock Groups  phy_rst_cnt_reg[23]/C  u_eth/u_lm/ms32_reg[6]/CLR
1210  CDC-15  Warning   Clock enable controlled CDC structure detected      0  Asynch Clock Groups  phy_rst_cnt_reg[23]/C  u_eth/u_lm/ms32_reg[7]/CLR
1211  CDC-15  Warning   Clock enable controlled CDC structure detected      0  Asynch Clock Groups  phy_rst_cnt_reg[23]/C  u_eth/u_lm/ms32_reg[8]/CLR
1212  CDC-15  Warning   Clock enable controlled CDC structure detected      0  Asynch Clock Groups  phy_rst_cnt_reg[23]/C  u_eth/u_lm/ms32_reg[9]/CLR
1213  CDC-15  Warning   Clock enable controlled CDC structure detected      0  Asynch Clock Groups  phy_rst_cnt_reg[23]/C  u_eth/u_lm/ms32_reg[10]/CLR
1214  CDC-15  Warning   Clock enable controlled CDC structure detected      0  Asynch Clock Groups  phy_rst_cnt_reg[23]/C  u_eth/u_lm/ms32_reg[11]/CLR
1215  CDC-15  Warning   Clock enable controlled CDC structure detected      0  Asynch Clock Groups  phy_rst_cnt_reg[23]/C  u_eth/u_lm/ms32_reg[12]/CLR
1216  CDC-15  Warning   Clock enable controlled CDC structure detected      0  Asynch Clock Groups  phy_rst_cnt_reg[23]/C  u_eth/u_lm/ms32_reg[13]/CLR
1217  CDC-15  Warning   Clock enable controlled CDC structure detected      0  Asynch Clock Groups  phy_rst_cnt_reg[23]/C  u_eth/u_lm/ms32_reg[14]/CLR
1218  CDC-15  Warning   Clock enable controlled CDC structure detected      0  Asynch Clock Groups  phy_rst_cnt_reg[23]/C  u_eth/u_lm/ms32_reg[15]/CLR
1219  CDC-15  Warning   Clock enable controlled CDC structure detected      0  Asynch Clock Groups  phy_rst_cnt_reg[23]/C  u_eth/u_lm/ms32_reg[16]/CLR
1220  CDC-15  Warning   Clock enable controlled CDC structure detected      0  Asynch Clock Groups  phy_rst_cnt_reg[23]/C  u_eth/u_lm/ms32_reg[17]/CLR
1221  CDC-15  Warning   Clock enable controlled CDC structure detected      0  Asynch Clock Groups  phy_rst_cnt_reg[23]/C  u_eth/u_lm/ms32_reg[18]/CLR
1222  CDC-15  Warning   Clock enable controlled CDC structure detected      0  Asynch Clock Groups  phy_rst_cnt_reg[23]/C  u_eth/u_lm/ms32_reg[19]/CLR
1223  CDC-15  Warning   Clock enable controlled CDC structure detected      0  Asynch Clock Groups  phy_rst_cnt_reg[23]/C  u_eth/u_lm/ms32_reg[20]/CLR
1224  CDC-15  Warning   Clock enable controlled CDC structure detected      0  Asynch Clock Groups  phy_rst_cnt_reg[23]/C  u_eth/u_lm/ms32_reg[21]/CLR
1225  CDC-15  Warning   Clock enable controlled CDC structure detected      0  Asynch Clock Groups  phy_rst_cnt_reg[23]/C  u_eth/u_lm/ms32_reg[22]/CLR
1226  CDC-15  Warning   Clock enable controlled CDC structure detected      0  Asynch Clock Groups  phy_rst_cnt_reg[23]/C  u_eth/u_lm/ms32_reg[23]/CLR
1227  CDC-15  Warning   Clock enable controlled CDC structure detected      0  Asynch Clock Groups  phy_rst_cnt_reg[23]/C  u_eth/u_lm/ms32_reg[24]/CLR
1228  CDC-15  Warning   Clock enable controlled CDC structure detected      0  Asynch Clock Groups  phy_rst_cnt_reg[23]/C  u_eth/u_lm/ms32_reg[25]/CLR
1229  CDC-15  Warning   Clock enable controlled CDC structure detected      0  Asynch Clock Groups  phy_rst_cnt_reg[23]/C  u_eth/u_lm/ms32_reg[26]/CLR
1230  CDC-15  Warning   Clock enable controlled CDC structure detected      0  Asynch Clock Groups  phy_rst_cnt_reg[23]/C  u_eth/u_lm/ms32_reg[27]/CLR
1231  CDC-15  Warning   Clock enable controlled CDC structure detected      0  Asynch Clock Groups  phy_rst_cnt_reg[23]/C  u_eth/u_lm/ms32_reg[28]/CLR
1232  CDC-15  Warning   Clock enable controlled CDC structure detected      0  Asynch Clock Groups  phy_rst_cnt_reg[23]/C  u_eth/u_lm/ms32_reg[29]/CLR
1233  CDC-15  Warning   Clock enable controlled CDC structure detected      0  Asynch Clock Groups  phy_rst_cnt_reg[23]/C  u_eth/u_lm/ms32_reg[30]/CLR
1234  CDC-15  Warning   Clock enable controlled CDC structure detected      0  Asynch Clock Groups  phy_rst_cnt_reg[23]/C  u_eth/u_lm/ms32_reg[31]/CLR
1235  CDC-7   Critical  Asynchronous reset unknown CDC circuitry            0  Asynch Clock Groups  phy_rst_cnt_reg[23]/C  u_eth/u_lm/ms_div_reg[0]/CLR
1236  CDC-7   Critical  Asynchronous reset unknown CDC circuitry            0  Asynch Clock Groups  phy_rst_cnt_reg[23]/C  u_eth/u_lm/ms_div_reg[1]/CLR
1237  CDC-7   Critical  Asynchronous reset unknown CDC circuitry            0  Asynch Clock Groups  phy_rst_cnt_reg[23]/C  u_eth/u_lm/ms_div_reg[2]/CLR
1238  CDC-7   Critical  Asynchronous reset unknown CDC circuitry            0  Asynch Clock Groups  phy_rst_cnt_reg[23]/C  u_eth/u_lm/ms_div_reg[3]/CLR
1239  CDC-7   Critical  Asynchronous reset unknown CDC circuitry            0  Asynch Clock Groups  phy_rst_cnt_reg[23]/C  u_eth/u_lm/ms_div_reg[4]/CLR
1240  CDC-7   Critical  Asynchronous reset unknown CDC circuitry            0  Asynch Clock Groups  phy_rst_cnt_reg[23]/C  u_eth/u_lm/ms_div_reg[5]/CLR
1241  CDC-7   Critical  Asynchronous reset unknown CDC circuitry            0  Asynch Clock Groups  phy_rst_cnt_reg[23]/C  u_eth/u_lm/ms_div_reg[6]/CLR
1242  CDC-7   Critical  Asynchronous reset unknown CDC circuitry            0  Asynch Clock Groups  phy_rst_cnt_reg[23]/C  u_eth/u_lm/ms_div_reg[7]/CLR
1243  CDC-7   Critical  Asynchronous reset unknown CDC circuitry            0  Asynch Clock Groups  phy_rst_cnt_reg[23]/C  u_eth/u_lm/ms_div_reg[8]/CLR
1244  CDC-7   Critical  Asynchronous reset unknown CDC circuitry            0  Asynch Clock Groups  phy_rst_cnt_reg[23]/C  u_eth/u_lm/ms_div_reg[9]/CLR
1245  CDC-7   Critical  Asynchronous reset unknown CDC circuitry            0  Asynch Clock Groups  phy_rst_cnt_reg[23]/C  u_eth/u_lm/ms_div_reg[10]/CLR
1246  CDC-7   Critical  Asynchronous reset unknown CDC circuitry            0  Asynch Clock Groups  phy_rst_cnt_reg[23]/C  u_eth/u_lm/ms_div_reg[11]/CLR
1247  CDC-7   Critical  Asynchronous reset unknown CDC circuitry            0  Asynch Clock Groups  phy_rst_cnt_reg[23]/C  u_eth/u_lm/ms_div_reg[12]/CLR
1248  CDC-7   Critical  Asynchronous reset unknown CDC circuitry            0  Asynch Clock Groups  phy_rst_cnt_reg[23]/C  u_eth/u_lm/ms_div_reg[13]/CLR
1249  CDC-7   Critical  Asynchronous reset unknown CDC circuitry            0  Asynch Clock Groups  phy_rst_cnt_reg[23]/C  u_eth/u_lm/ms_div_reg[14]/CLR
1250  CDC-7   Critical  Asynchronous reset unknown CDC circuitry            0  Asynch Clock Groups  phy_rst_cnt_reg[23]/C  u_eth/u_lm/ms_div_reg[15]/CLR
1251  CDC-7   Critical  Asynchronous reset unknown CDC circuitry            0  Asynch Clock Groups  phy_rst_cnt_reg[23]/C  u_eth/u_lm/ms_div_reg[16]/CLR
1252  CDC-7   Critical  Asynchronous reset unknown CDC circuitry            0  Asynch Clock Groups  phy_rst_cnt_reg[23]/C  u_eth/u_lm/ms_tick_reg/CLR
1253  CDC-7   Critical  Asynchronous reset unknown CDC circuitry            0  Asynch Clock Groups  phy_rst_cnt_reg[23]/C  u_eth/u_lm/pend_ev_reg/CLR
1254  CDC-15  Warning   Clock enable controlled CDC structure detected      0  Asynch Clock Groups  phy_rst_cnt_reg[23]/C  u_eth/u_lm/pkt_err_reg[0]/CLR
1255  CDC-15  Warning   Clock enable controlled CDC structure detected      0  Asynch Clock Groups  phy_rst_cnt_reg[23]/C  u_eth/u_lm/pkt_err_reg[1]/CLR
1256  CDC-15  Warning   Clock enable controlled CDC structure detected      0  Asynch Clock Groups  phy_rst_cnt_reg[23]/C  u_eth/u_lm/pkt_err_reg[2]/CLR
1257  CDC-15  Warning   Clock enable controlled CDC structure detected      0  Asynch Clock Groups  phy_rst_cnt_reg[23]/C  u_eth/u_lm/pkt_err_reg[3]/CLR
1258  CDC-15  Warning   Clock enable controlled CDC structure detected      0  Asynch Clock Groups  phy_rst_cnt_reg[23]/C  u_eth/u_lm/pkt_err_reg[4]/CLR
1259  CDC-15  Warning   Clock enable controlled CDC structure detected      0  Asynch Clock Groups  phy_rst_cnt_reg[23]/C  u_eth/u_lm/pkt_err_reg[5]/CLR
1260  CDC-15  Warning   Clock enable controlled CDC structure detected      0  Asynch Clock Groups  phy_rst_cnt_reg[23]/C  u_eth/u_lm/pkt_err_reg[6]/CLR
1261  CDC-15  Warning   Clock enable controlled CDC structure detected      0  Asynch Clock Groups  phy_rst_cnt_reg[23]/C  u_eth/u_lm/pkt_err_reg[7]/CLR
1262  CDC-15  Warning   Clock enable controlled CDC structure detected      0  Asynch Clock Groups  phy_rst_cnt_reg[23]/C  u_eth/u_lm/pkt_err_reg[8]/CLR
1263  CDC-15  Warning   Clock enable controlled CDC structure detected      0  Asynch Clock Groups  phy_rst_cnt_reg[23]/C  u_eth/u_lm/pkt_err_reg[9]/CLR
1264  CDC-15  Warning   Clock enable controlled CDC structure detected      0  Asynch Clock Groups  phy_rst_cnt_reg[23]/C  u_eth/u_lm/pkt_err_reg[10]/CLR
1265  CDC-15  Warning   Clock enable controlled CDC structure detected      0  Asynch Clock Groups  phy_rst_cnt_reg[23]/C  u_eth/u_lm/pkt_err_reg[11]/CLR
1266  CDC-15  Warning   Clock enable controlled CDC structure detected      0  Asynch Clock Groups  phy_rst_cnt_reg[23]/C  u_eth/u_lm/pkt_err_reg[12]/CLR
1267  CDC-15  Warning   Clock enable controlled CDC structure detected      0  Asynch Clock Groups  phy_rst_cnt_reg[23]/C  u_eth/u_lm/pkt_err_reg[13]/CLR
1268  CDC-15  Warning   Clock enable controlled CDC structure detected      0  Asynch Clock Groups  phy_rst_cnt_reg[23]/C  u_eth/u_lm/pkt_err_reg[14]/CLR
1269  CDC-15  Warning   Clock enable controlled CDC structure detected      0  Asynch Clock Groups  phy_rst_cnt_reg[23]/C  u_eth/u_lm/pkt_err_reg[15]/CLR
1270  CDC-15  Warning   Clock enable controlled CDC structure detected      0  Asynch Clock Groups  phy_rst_cnt_reg[23]/C  u_eth/u_lm/pkt_err_reg[16]/CLR
1271  CDC-15  Warning   Clock enable controlled CDC structure detected      0  Asynch Clock Groups  phy_rst_cnt_reg[23]/C  u_eth/u_lm/pkt_err_reg[17]/CLR
1272  CDC-15  Warning   Clock enable controlled CDC structure detected      0  Asynch Clock Groups  phy_rst_cnt_reg[23]/C  u_eth/u_lm/pkt_err_reg[18]/CLR
1273  CDC-15  Warning   Clock enable controlled CDC structure detected      0  Asynch Clock Groups  phy_rst_cnt_reg[23]/C  u_eth/u_lm/pkt_err_reg[19]/CLR
1274  CDC-15  Warning   Clock enable controlled CDC structure detected      0  Asynch Clock Groups  phy_rst_cnt_reg[23]/C  u_eth/u_lm/pkt_err_reg[20]/CLR
1275  CDC-15  Warning   Clock enable controlled CDC structure detected      0  Asynch Clock Groups  phy_rst_cnt_reg[23]/C  u_eth/u_lm/pkt_err_reg[21]/CLR
1276  CDC-15  Warning   Clock enable controlled CDC structure detected      0  Asynch Clock Groups  phy_rst_cnt_reg[23]/C  u_eth/u_lm/pkt_err_reg[22]/CLR
1277  CDC-15  Warning   Clock enable controlled CDC structure detected      0  Asynch Clock Groups  phy_rst_cnt_reg[23]/C  u_eth/u_lm/pkt_err_reg[23]/CLR
1278  CDC-15  Warning   Clock enable controlled CDC structure detected      0  Asynch Clock Groups  phy_rst_cnt_reg[23]/C  u_eth/u_lm/pkt_err_reg[24]/CLR
1279  CDC-15  Warning   Clock enable controlled CDC structure detected      0  Asynch Clock Groups  phy_rst_cnt_reg[23]/C  u_eth/u_lm/pkt_err_reg[25]/CLR
1280  CDC-15  Warning   Clock enable controlled CDC structure detected      0  Asynch Clock Groups  phy_rst_cnt_reg[23]/C  u_eth/u_lm/pkt_err_reg[26]/CLR
1281  CDC-15  Warning   Clock enable controlled CDC structure detected      0  Asynch Clock Groups  phy_rst_cnt_reg[23]/C  u_eth/u_lm/pkt_err_reg[27]/CLR
1282  CDC-15  Warning   Clock enable controlled CDC structure detected      0  Asynch Clock Groups  phy_rst_cnt_reg[23]/C  u_eth/u_lm/pkt_err_reg[28]/CLR
1283  CDC-15  Warning   Clock enable controlled CDC structure detected      0  Asynch Clock Groups  phy_rst_cnt_reg[23]/C  u_eth/u_lm/pkt_err_reg[29]/CLR
1284  CDC-15  Warning   Clock enable controlled CDC structure detected      0  Asynch Clock Groups  phy_rst_cnt_reg[23]/C  u_eth/u_lm/pkt_err_reg[30]/CLR
1285  CDC-15  Warning   Clock enable controlled CDC structure detected      0  Asynch Clock Groups  phy_rst_cnt_reg[23]/C  u_eth/u_lm/pkt_err_reg[31]/CLR
1286  CDC-15  Warning   Clock enable controlled CDC structure detected      0  Asynch Clock Groups  phy_rst_cnt_reg[23]/C  u_eth/u_lm/settle_reg[0]/CLR
1287  CDC-15  Warning   Clock enable controlled CDC structure detected      0  Asynch Clock Groups  phy_rst_cnt_reg[23]/C  u_eth/u_lm/settle_reg[1]/CLR
1288  CDC-15  Warning   Clock enable controlled CDC structure detected      0  Asynch Clock Groups  phy_rst_cnt_reg[23]/C  u_eth/u_lm/settle_reg[2]/CLR
1289  CDC-15  Warning   Clock enable controlled CDC structure detected      0  Asynch Clock Groups  phy_rst_cnt_reg[23]/C  u_eth/u_lm/settle_reg[3]/CLR
1290  CDC-15  Warning   Clock enable controlled CDC structure detected      0  Asynch Clock Groups  phy_rst_cnt_reg[23]/C  u_eth/u_lm/settle_reg[4]/CLR
1291  CDC-15  Warning   Clock enable controlled CDC structure detected      0  Asynch Clock Groups  phy_rst_cnt_reg[23]/C  u_eth/u_lm/settle_reg[5]/CLR
1292  CDC-15  Warning   Clock enable controlled CDC structure detected      0  Asynch Clock Groups  phy_rst_cnt_reg[23]/C  u_eth/u_lm/settle_reg[6]/CLR
1293  CDC-15  Warning   Clock enable controlled CDC structure detected      0  Asynch Clock Groups  phy_rst_cnt_reg[23]/C  u_eth/u_lm/settle_reg[7]/CLR
1294  CDC-15  Warning   Clock enable controlled CDC structure detected      0  Asynch Clock Groups  phy_rst_cnt_reg[23]/C  u_eth/u_lm/stall_ms_reg[0]/CLR
1295  CDC-15  Warning   Clock enable controlled CDC structure detected      0  Asynch Clock Groups  phy_rst_cnt_reg[23]/C  u_eth/u_lm/stall_ms_reg[1]/CLR
1296  CDC-15  Warning   Clock enable controlled CDC structure detected      0  Asynch Clock Groups  phy_rst_cnt_reg[23]/C  u_eth/u_lm/stall_ms_reg[2]/CLR
1297  CDC-15  Warning   Clock enable controlled CDC structure detected      0  Asynch Clock Groups  phy_rst_cnt_reg[23]/C  u_eth/u_lm/stall_ms_reg[3]/CLR
1298  CDC-15  Warning   Clock enable controlled CDC structure detected      0  Asynch Clock Groups  phy_rst_cnt_reg[23]/C  u_eth/u_lm/stall_ms_reg[4]/CLR
1299  CDC-15  Warning   Clock enable controlled CDC structure detected      0  Asynch Clock Groups  phy_rst_cnt_reg[23]/C  u_eth/u_lm/stall_ms_reg[5]/CLR
1300  CDC-15  Warning   Clock enable controlled CDC structure detected      0  Asynch Clock Groups  phy_rst_cnt_reg[23]/C  u_eth/u_lm/stall_ms_reg[6]/CLR
1301  CDC-15  Warning   Clock enable controlled CDC structure detected      0  Asynch Clock Groups  phy_rst_cnt_reg[23]/C  u_eth/u_lm/stall_ms_reg[7]/CLR
1302  CDC-15  Warning   Clock enable controlled CDC structure detected      0  Asynch Clock Groups  phy_rst_cnt_reg[23]/C  u_eth/u_lm/stall_ms_reg[8]/CLR
1303  CDC-15  Warning   Clock enable controlled CDC structure detected      0  Asynch Clock Groups  phy_rst_cnt_reg[23]/C  u_eth/u_lm/stall_ms_reg[9]/CLR
1304  CDC-15  Warning   Clock enable controlled CDC structure detected      0  Asynch Clock Groups  phy_rst_cnt_reg[23]/C  u_eth/u_lm/stall_ms_reg[10]/CLR
1305  CDC-15  Warning   Clock enable controlled CDC structure detected      0  Asynch Clock Groups  phy_rst_cnt_reg[23]/C  u_eth/u_lm/stall_ms_reg[11]/CLR
1306  CDC-15  Warning   Clock enable controlled CDC structure detected      0  Asynch Clock Groups  phy_rst_cnt_reg[23]/C  u_eth/u_lm/stall_ms_reg[12]/CLR
1307  CDC-15  Warning   Clock enable controlled CDC structure detected      0  Asynch Clock Groups  phy_rst_cnt_reg[23]/C  u_eth/u_lm/stall_ms_reg[13]/CLR
1308  CDC-15  Warning   Clock enable controlled CDC structure detected      0  Asynch Clock Groups  phy_rst_cnt_reg[23]/C  u_eth/u_lm/stall_ms_reg[14]/CLR
1309  CDC-15  Warning   Clock enable controlled CDC structure detected      0  Asynch Clock Groups  phy_rst_cnt_reg[23]/C  u_eth/u_lm/stall_ms_reg[15]/CLR
1310  CDC-7   Critical  Asynchronous reset unknown CDC circuitry            0  Asynch Clock Groups  phy_rst_cnt_reg[23]/C  u_eth/u_lm/upd_reg/CLR
1311  CDC-7   Critical  Asynchronous reset unknown CDC circuitry            0  Asynch Clock Groups  phy_rst_cnt_reg[23]/C  u_eth/u_reasm/bad_frame_reg/CLR
1312  CDC-15  Warning   Clock enable controlled CDC structure detected      0  Asynch Clock Groups  phy_rst_cnt_reg[23]/C  u_eth/u_reasm/cov_reg[0]/CLR
1313  CDC-15  Warning   Clock enable controlled CDC structure detected      0  Asynch Clock Groups  phy_rst_cnt_reg[23]/C  u_eth/u_reasm/cov_reg[1]/CLR
1314  CDC-15  Warning   Clock enable controlled CDC structure detected      0  Asynch Clock Groups  phy_rst_cnt_reg[23]/C  u_eth/u_reasm/cov_reg[2]/CLR
1315  CDC-15  Warning   Clock enable controlled CDC structure detected      0  Asynch Clock Groups  phy_rst_cnt_reg[23]/C  u_eth/u_reasm/cov_reg[3]/CLR
1316  CDC-15  Warning   Clock enable controlled CDC structure detected      0  Asynch Clock Groups  phy_rst_cnt_reg[23]/C  u_eth/u_reasm/cov_reg[4]/CLR
1317  CDC-15  Warning   Clock enable controlled CDC structure detected      0  Asynch Clock Groups  phy_rst_cnt_reg[23]/C  u_eth/u_reasm/cov_reg[5]/CLR
1318  CDC-15  Warning   Clock enable controlled CDC structure detected      0  Asynch Clock Groups  phy_rst_cnt_reg[23]/C  u_eth/u_reasm/cov_reg[6]/CLR
1319  CDC-15  Warning   Clock enable controlled CDC structure detected      0  Asynch Clock Groups  phy_rst_cnt_reg[23]/C  u_eth/u_reasm/cov_reg[7]/CLR
1320  CDC-15  Warning   Clock enable controlled CDC structure detected      0  Asynch Clock Groups  phy_rst_cnt_reg[23]/C  u_eth/u_reasm/cov_reg[8]/CLR
1321  CDC-15  Warning   Clock enable controlled CDC structure detected      0  Asynch Clock Groups  phy_rst_cnt_reg[23]/C  u_eth/u_reasm/cov_reg[9]/CLR
1322  CDC-15  Warning   Clock enable controlled CDC structure detected      0  Asynch Clock Groups  phy_rst_cnt_reg[23]/C  u_eth/u_reasm/cov_reg[10]/CLR
1323  CDC-15  Warning   Clock enable controlled CDC structure detected      0  Asynch Clock Groups  phy_rst_cnt_reg[23]/C  u_eth/u_reasm/cov_reg[11]/CLR
1324  CDC-15  Warning   Clock enable controlled CDC structure detected      0  Asynch Clock Groups  phy_rst_cnt_reg[23]/C  u_eth/u_reasm/cov_reg[12]/CLR
1325  CDC-15  Warning   Clock enable controlled CDC structure detected      0  Asynch Clock Groups  phy_rst_cnt_reg[23]/C  u_eth/u_reasm/cov_reg[13]/CLR
1326  CDC-15  Warning   Clock enable controlled CDC structure detected      0  Asynch Clock Groups  phy_rst_cnt_reg[23]/C  u_eth/u_reasm/cov_reg[14]/CLR
1327  CDC-15  Warning   Clock enable controlled CDC structure detected      0  Asynch Clock Groups  phy_rst_cnt_reg[23]/C  u_eth/u_reasm/cov_reg[15]/CLR
1328  CDC-15  Warning   Clock enable controlled CDC structure detected      0  Asynch Clock Groups  phy_rst_cnt_reg[23]/C  u_eth/u_reasm/cov_reg[16]/CLR
1329  CDC-15  Warning   Clock enable controlled CDC structure detected      0  Asynch Clock Groups  phy_rst_cnt_reg[23]/C  u_eth/u_reasm/cov_reg[17]/CLR
1330  CDC-15  Warning   Clock enable controlled CDC structure detected      0  Asynch Clock Groups  phy_rst_cnt_reg[23]/C  u_eth/u_reasm/cov_reg[18]/CLR
1331  CDC-7   Critical  Asynchronous reset unknown CDC circuitry            0  Asynch Clock Groups  phy_rst_cnt_reg[23]/C  u_eth/u_reasm/flush_reg/CLR
1332  CDC-7   Critical  Asynchronous reset unknown CDC circuitry            0  Asynch Clock Groups  phy_rst_cnt_reg[23]/C  u_eth/u_reasm/frame_abort_reg/CLR
1333  CDC-7   Critical  Asynchronous reset unknown CDC circuitry            0  Asynch Clock Groups  phy_rst_cnt_reg[23]/C  u_eth/u_reasm/frame_done_reg/CLR
1334  CDC-7   Critical  Asynchronous reset unknown CDC circuitry            0  Asynch Clock Groups  phy_rst_cnt_reg[23]/C  u_eth/u_reasm/frame_err_reg/CLR
1335  CDC-7   Critical  Asynchronous reset unknown CDC circuitry            0  Asynch Clock Groups  phy_rst_cnt_reg[23]/C  u_eth/u_reasm/have_lo_reg/CLR
1336  CDC-15  Warning   Clock enable controlled CDC structure detected      0  Asynch Clock Groups  phy_rst_cnt_reg[23]/C  u_eth/u_reasm/off_reg[0]/CLR
1337  CDC-15  Warning   Clock enable controlled CDC structure detected      0  Asynch Clock Groups  phy_rst_cnt_reg[23]/C  u_eth/u_reasm/off_reg[1]/CLR
1338  CDC-15  Warning   Clock enable controlled CDC structure detected      0  Asynch Clock Groups  phy_rst_cnt_reg[23]/C  u_eth/u_reasm/off_reg[2]/CLR
1339  CDC-15  Warning   Clock enable controlled CDC structure detected      0  Asynch Clock Groups  phy_rst_cnt_reg[23]/C  u_eth/u_reasm/off_reg[3]/CLR
1340  CDC-15  Warning   Clock enable controlled CDC structure detected      0  Asynch Clock Groups  phy_rst_cnt_reg[23]/C  u_eth/u_reasm/off_reg[4]/CLR
1341  CDC-15  Warning   Clock enable controlled CDC structure detected      0  Asynch Clock Groups  phy_rst_cnt_reg[23]/C  u_eth/u_reasm/off_reg[5]/CLR
1342  CDC-15  Warning   Clock enable controlled CDC structure detected      0  Asynch Clock Groups  phy_rst_cnt_reg[23]/C  u_eth/u_reasm/off_reg[6]/CLR
1343  CDC-15  Warning   Clock enable controlled CDC structure detected      0  Asynch Clock Groups  phy_rst_cnt_reg[23]/C  u_eth/u_reasm/off_reg[7]/CLR
1344  CDC-15  Warning   Clock enable controlled CDC structure detected      0  Asynch Clock Groups  phy_rst_cnt_reg[23]/C  u_eth/u_reasm/off_reg[8]/CLR
1345  CDC-15  Warning   Clock enable controlled CDC structure detected      0  Asynch Clock Groups  phy_rst_cnt_reg[23]/C  u_eth/u_reasm/off_reg[9]/CLR
1346  CDC-15  Warning   Clock enable controlled CDC structure detected      0  Asynch Clock Groups  phy_rst_cnt_reg[23]/C  u_eth/u_reasm/off_reg[10]/CLR
1347  CDC-15  Warning   Clock enable controlled CDC structure detected      0  Asynch Clock Groups  phy_rst_cnt_reg[23]/C  u_eth/u_reasm/off_reg[10]_rep/CLR
1348  CDC-15  Warning   Clock enable controlled CDC structure detected      0  Asynch Clock Groups  phy_rst_cnt_reg[23]/C  u_eth/u_reasm/off_reg[10]_rep__0/CLR
1349  CDC-15  Warning   Clock enable controlled CDC structure detected      0  Asynch Clock Groups  phy_rst_cnt_reg[23]/C  u_eth/u_reasm/off_reg[11]/CLR
1350  CDC-15  Warning   Clock enable controlled CDC structure detected      0  Asynch Clock Groups  phy_rst_cnt_reg[23]/C  u_eth/u_reasm/off_reg[11]_rep/CLR
1351  CDC-15  Warning   Clock enable controlled CDC structure detected      0  Asynch Clock Groups  phy_rst_cnt_reg[23]/C  u_eth/u_reasm/off_reg[11]_rep__0/CLR
1352  CDC-15  Warning   Clock enable controlled CDC structure detected      0  Asynch Clock Groups  phy_rst_cnt_reg[23]/C  u_eth/u_reasm/off_reg[12]/CLR
1353  CDC-15  Warning   Clock enable controlled CDC structure detected      0  Asynch Clock Groups  phy_rst_cnt_reg[23]/C  u_eth/u_reasm/off_reg[12]_rep/CLR
1354  CDC-15  Warning   Clock enable controlled CDC structure detected      0  Asynch Clock Groups  phy_rst_cnt_reg[23]/C  u_eth/u_reasm/off_reg[12]_rep__0/CLR
1355  CDC-15  Warning   Clock enable controlled CDC structure detected      0  Asynch Clock Groups  phy_rst_cnt_reg[23]/C  u_eth/u_reasm/off_reg[13]/CLR
1356  CDC-15  Warning   Clock enable controlled CDC structure detected      0  Asynch Clock Groups  phy_rst_cnt_reg[23]/C  u_eth/u_reasm/off_reg[13]_rep/CLR
1357  CDC-15  Warning   Clock enable controlled CDC structure detected      0  Asynch Clock Groups  phy_rst_cnt_reg[23]/C  u_eth/u_reasm/off_reg[13]_rep__0/CLR
1358  CDC-15  Warning   Clock enable controlled CDC structure detected      0  Asynch Clock Groups  phy_rst_cnt_reg[23]/C  u_eth/u_reasm/off_reg[14]/CLR
1359  CDC-15  Warning   Clock enable controlled CDC structure detected      0  Asynch Clock Groups  phy_rst_cnt_reg[23]/C  u_eth/u_reasm/off_reg[14]_rep/CLR
1360  CDC-15  Warning   Clock enable controlled CDC structure detected      0  Asynch Clock Groups  phy_rst_cnt_reg[23]/C  u_eth/u_reasm/off_reg[14]_rep__0/CLR
1361  CDC-15  Warning   Clock enable controlled CDC structure detected      0  Asynch Clock Groups  phy_rst_cnt_reg[23]/C  u_eth/u_reasm/off_reg[15]/CLR
1362  CDC-15  Warning   Clock enable controlled CDC structure detected      0  Asynch Clock Groups  phy_rst_cnt_reg[23]/C  u_eth/u_reasm/off_reg[16]/CLR
1363  CDC-15  Warning   Clock enable controlled CDC structure detected      0  Asynch Clock Groups  phy_rst_cnt_reg[23]/C  u_eth/u_reasm/off_reg[17]/CLR
1364  CDC-15  Warning   Clock enable controlled CDC structure detected      0  Asynch Clock Groups  phy_rst_cnt_reg[23]/C  u_eth/u_reasm/off_reg[18]/CLR
1365  CDC-15  Warning   Clock enable controlled CDC structure detected      0  Asynch Clock Groups  phy_rst_cnt_reg[23]/C  u_eth/u_reasm/off_reg[19]/CLR
1366  CDC-15  Warning   Clock enable controlled CDC structure detected      0  Asynch Clock Groups  phy_rst_cnt_reg[23]/C  u_eth/u_reasm/off_reg[20]/CLR
1367  CDC-15  Warning   Clock enable controlled CDC structure detected      0  Asynch Clock Groups  phy_rst_cnt_reg[23]/C  u_eth/u_reasm/off_reg[21]/CLR
1368  CDC-15  Warning   Clock enable controlled CDC structure detected      0  Asynch Clock Groups  phy_rst_cnt_reg[23]/C  u_eth/u_reasm/off_reg[22]/CLR
1369  CDC-15  Warning   Clock enable controlled CDC structure detected      0  Asynch Clock Groups  phy_rst_cnt_reg[23]/C  u_eth/u_reasm/off_reg[23]/CLR
1370  CDC-15  Warning   Clock enable controlled CDC structure detected      0  Asynch Clock Groups  phy_rst_cnt_reg[23]/C  u_eth/u_reasm/off_reg[24]/CLR
1371  CDC-15  Warning   Clock enable controlled CDC structure detected      0  Asynch Clock Groups  phy_rst_cnt_reg[23]/C  u_eth/u_reasm/off_reg[25]/CLR
1372  CDC-15  Warning   Clock enable controlled CDC structure detected      0  Asynch Clock Groups  phy_rst_cnt_reg[23]/C  u_eth/u_reasm/off_reg[26]/CLR
1373  CDC-15  Warning   Clock enable controlled CDC structure detected      0  Asynch Clock Groups  phy_rst_cnt_reg[23]/C  u_eth/u_reasm/off_reg[27]/CLR
1374  CDC-15  Warning   Clock enable controlled CDC structure detected      0  Asynch Clock Groups  phy_rst_cnt_reg[23]/C  u_eth/u_reasm/off_reg[28]/CLR
1375  CDC-15  Warning   Clock enable controlled CDC structure detected      0  Asynch Clock Groups  phy_rst_cnt_reg[23]/C  u_eth/u_reasm/off_reg[29]/CLR
1376  CDC-15  Warning   Clock enable controlled CDC structure detected      0  Asynch Clock Groups  phy_rst_cnt_reg[23]/C  u_eth/u_reasm/off_reg[30]/CLR
1377  CDC-15  Warning   Clock enable controlled CDC structure detected      0  Asynch Clock Groups  phy_rst_cnt_reg[23]/C  u_eth/u_reasm/off_reg[31]/CLR
1378  CDC-15  Warning   Clock enable controlled CDC structure detected      0  Asynch Clock Groups  phy_rst_cnt_reg[23]/C  u_eth/u_reasm/pend_reg[0]/CLR
1379  CDC-15  Warning   Clock enable controlled CDC structure detected      0  Asynch Clock Groups  phy_rst_cnt_reg[23]/C  u_eth/u_reasm/pend_reg[1]/CLR
1380  CDC-15  Warning   Clock enable controlled CDC structure detected      0  Asynch Clock Groups  phy_rst_cnt_reg[23]/C  u_eth/u_reasm/pend_reg[2]/CLR
1381  CDC-15  Warning   Clock enable controlled CDC structure detected      0  Asynch Clock Groups  phy_rst_cnt_reg[23]/C  u_eth/u_reasm/pend_reg[3]/CLR
1382  CDC-15  Warning   Clock enable controlled CDC structure detected      0  Asynch Clock Groups  phy_rst_cnt_reg[23]/C  u_eth/u_reasm/pend_reg[4]/CLR
1383  CDC-15  Warning   Clock enable controlled CDC structure detected      0  Asynch Clock Groups  phy_rst_cnt_reg[23]/C  u_eth/u_reasm/pend_reg[5]/CLR
1384  CDC-15  Warning   Clock enable controlled CDC structure detected      0  Asynch Clock Groups  phy_rst_cnt_reg[23]/C  u_eth/u_reasm/pend_reg[6]/CLR
1385  CDC-15  Warning   Clock enable controlled CDC structure detected      0  Asynch Clock Groups  phy_rst_cnt_reg[23]/C  u_eth/u_reasm/pend_reg[7]/CLR
1386  CDC-15  Warning   Clock enable controlled CDC structure detected      0  Asynch Clock Groups  phy_rst_cnt_reg[23]/C  u_eth/u_reasm/pend_reg[8]/CLR
1387  CDC-15  Warning   Clock enable controlled CDC structure detected      0  Asynch Clock Groups  phy_rst_cnt_reg[23]/C  u_eth/u_reasm/pend_reg[9]/CLR
1388  CDC-15  Warning   Clock enable controlled CDC structure detected      0  Asynch Clock Groups  phy_rst_cnt_reg[23]/C  u_eth/u_reasm/pend_reg[10]/CLR
1389  CDC-15  Warning   Clock enable controlled CDC structure detected      0  Asynch Clock Groups  phy_rst_cnt_reg[23]/C  u_eth/u_reasm/pend_reg[11]/CLR
1390  CDC-15  Warning   Clock enable controlled CDC structure detected      0  Asynch Clock Groups  phy_rst_cnt_reg[23]/C  u_eth/u_reasm/pend_reg[12]/CLR
1391  CDC-15  Warning   Clock enable controlled CDC structure detected      0  Asynch Clock Groups  phy_rst_cnt_reg[23]/C  u_eth/u_reasm/pend_reg[13]/CLR
1392  CDC-15  Warning   Clock enable controlled CDC structure detected      0  Asynch Clock Groups  phy_rst_cnt_reg[23]/C  u_eth/u_reasm/pend_reg[14]/CLR
1393  CDC-15  Warning   Clock enable controlled CDC structure detected      0  Asynch Clock Groups  phy_rst_cnt_reg[23]/C  u_eth/u_reasm/pend_reg[15]/CLR
1394  CDC-15  Warning   Clock enable controlled CDC structure detected      0  Asynch Clock Groups  phy_rst_cnt_reg[23]/C  u_eth/u_reasm/pend_reg[16]/CLR
1395  CDC-15  Warning   Clock enable controlled CDC structure detected      0  Asynch Clock Groups  phy_rst_cnt_reg[23]/C  u_eth/u_reasm/pend_reg[17]/CLR
1396  CDC-15  Warning   Clock enable controlled CDC structure detected      0  Asynch Clock Groups  phy_rst_cnt_reg[23]/C  u_eth/u_reasm/pend_reg[18]/CLR
1397  CDC-7   Critical  Asynchronous reset unknown CDC circuitry            0  Asynch Clock Groups  phy_rst_cnt_reg[23]/C  u_eth/u_reasm/pkt_active_reg/CLR
1398  CDC-15  Warning   Clock enable controlled CDC structure detected      0  Asynch Clock Groups  phy_rst_cnt_reg[23]/C  u_eth/u_reasm/pkt_pay_reg[0]/CLR
1399  CDC-15  Warning   Clock enable controlled CDC structure detected      0  Asynch Clock Groups  phy_rst_cnt_reg[23]/C  u_eth/u_reasm/pkt_pay_reg[1]/CLR
1400  CDC-15  Warning   Clock enable controlled CDC structure detected      0  Asynch Clock Groups  phy_rst_cnt_reg[23]/C  u_eth/u_reasm/pkt_pay_reg[2]/CLR
1401  CDC-15  Warning   Clock enable controlled CDC structure detected      0  Asynch Clock Groups  phy_rst_cnt_reg[23]/C  u_eth/u_reasm/pkt_pay_reg[3]/CLR
1402  CDC-15  Warning   Clock enable controlled CDC structure detected      0  Asynch Clock Groups  phy_rst_cnt_reg[23]/C  u_eth/u_reasm/pkt_pay_reg[4]/CLR
1403  CDC-15  Warning   Clock enable controlled CDC structure detected      0  Asynch Clock Groups  phy_rst_cnt_reg[23]/C  u_eth/u_reasm/pkt_pay_reg[5]/CLR
1404  CDC-15  Warning   Clock enable controlled CDC structure detected      0  Asynch Clock Groups  phy_rst_cnt_reg[23]/C  u_eth/u_reasm/pkt_pay_reg[6]/CLR
1405  CDC-15  Warning   Clock enable controlled CDC structure detected      0  Asynch Clock Groups  phy_rst_cnt_reg[23]/C  u_eth/u_reasm/pkt_pay_reg[7]/CLR
1406  CDC-15  Warning   Clock enable controlled CDC structure detected      0  Asynch Clock Groups  phy_rst_cnt_reg[23]/C  u_eth/u_reasm/pkt_pay_reg[8]/CLR
1407  CDC-15  Warning   Clock enable controlled CDC structure detected      0  Asynch Clock Groups  phy_rst_cnt_reg[23]/C  u_eth/u_reasm/pkt_pay_reg[9]/CLR
1408  CDC-15  Warning   Clock enable controlled CDC structure detected      0  Asynch Clock Groups  phy_rst_cnt_reg[23]/C  u_eth/u_reasm/pkt_pay_reg[10]/CLR
1409  CDC-15  Warning   Clock enable controlled CDC structure detected      0  Asynch Clock Groups  phy_rst_cnt_reg[23]/C  u_eth/u_reasm/pkt_pay_reg[11]/CLR
1410  CDC-15  Warning   Clock enable controlled CDC structure detected      0  Asynch Clock Groups  phy_rst_cnt_reg[23]/C  u_eth/u_reasm/pkt_pay_reg[12]/CLR
1411  CDC-15  Warning   Clock enable controlled CDC structure detected      0  Asynch Clock Groups  phy_rst_cnt_reg[23]/C  u_eth/u_reasm/pkt_pay_reg[13]/CLR
1412  CDC-15  Warning   Clock enable controlled CDC structure detected      0  Asynch Clock Groups  phy_rst_cnt_reg[23]/C  u_eth/u_reasm/pkt_pay_reg[14]/CLR
1413  CDC-15  Warning   Clock enable controlled CDC structure detected      0  Asynch Clock Groups  phy_rst_cnt_reg[23]/C  u_eth/u_reasm/pkt_pay_reg[15]/CLR
1414  CDC-15  Warning   Clock enable controlled CDC structure detected      0  Asynch Clock Groups  phy_rst_cnt_reg[23]/C  u_eth/u_reasm/pkt_pay_reg[16]/CLR
1415  CDC-15  Warning   Clock enable controlled CDC structure detected      0  Asynch Clock Groups  phy_rst_cnt_reg[23]/C  u_eth/u_reasm/pkt_pay_reg[17]/CLR
1416  CDC-15  Warning   Clock enable controlled CDC structure detected      0  Asynch Clock Groups  phy_rst_cnt_reg[23]/C  u_eth/u_reasm/pkt_pay_reg[18]/CLR
1417  CDC-15  Warning   Clock enable controlled CDC structure detected      0  Asynch Clock Groups  phy_rst_cnt_reg[23]/C  u_eth/u_reasm/pkt_pay_reg[19]/CLR
1418  CDC-15  Warning   Clock enable controlled CDC structure detected      0  Asynch Clock Groups  phy_rst_cnt_reg[23]/C  u_eth/u_reasm/pkt_pay_reg[20]/CLR
1419  CDC-15  Warning   Clock enable controlled CDC structure detected      0  Asynch Clock Groups  phy_rst_cnt_reg[23]/C  u_eth/u_reasm/pkt_pay_reg[21]/CLR
1420  CDC-15  Warning   Clock enable controlled CDC structure detected      0  Asynch Clock Groups  phy_rst_cnt_reg[23]/C  u_eth/u_reasm/pkt_pay_reg[22]/CLR
1421  CDC-15  Warning   Clock enable controlled CDC structure detected      0  Asynch Clock Groups  phy_rst_cnt_reg[23]/C  u_eth/u_reasm/pkt_pay_reg[23]/CLR
1422  CDC-15  Warning   Clock enable controlled CDC structure detected      0  Asynch Clock Groups  phy_rst_cnt_reg[23]/C  u_eth/u_reasm/pkt_pay_reg[24]/CLR
1423  CDC-15  Warning   Clock enable controlled CDC structure detected      0  Asynch Clock Groups  phy_rst_cnt_reg[23]/C  u_eth/u_reasm/pkt_pay_reg[25]/CLR
1424  CDC-15  Warning   Clock enable controlled CDC structure detected      0  Asynch Clock Groups  phy_rst_cnt_reg[23]/C  u_eth/u_reasm/pkt_pay_reg[26]/CLR
1425  CDC-15  Warning   Clock enable controlled CDC structure detected      0  Asynch Clock Groups  phy_rst_cnt_reg[23]/C  u_eth/u_reasm/pkt_pay_reg[27]/CLR
1426  CDC-15  Warning   Clock enable controlled CDC structure detected      0  Asynch Clock Groups  phy_rst_cnt_reg[23]/C  u_eth/u_reasm/pkt_pay_reg[28]/CLR
1427  CDC-15  Warning   Clock enable controlled CDC structure detected      0  Asynch Clock Groups  phy_rst_cnt_reg[23]/C  u_eth/u_reasm/pkt_pay_reg[29]/CLR
1428  CDC-15  Warning   Clock enable controlled CDC structure detected      0  Asynch Clock Groups  phy_rst_cnt_reg[23]/C  u_eth/u_reasm/pkt_pay_reg[30]/CLR
1429  CDC-15  Warning   Clock enable controlled CDC structure detected      0  Asynch Clock Groups  phy_rst_cnt_reg[23]/C  u_eth/u_reasm/pkt_pay_reg[31]/CLR
1430  CDC-7   Critical  Asynchronous reset unknown CDC circuitry            0  Asynch Clock Groups  phy_rst_cnt_reg[23]/C  u_eth/u_reasm/row_ok_reg[0]/CLR
1431  CDC-7   Critical  Asynchronous reset unknown CDC circuitry            0  Asynch Clock Groups  phy_rst_cnt_reg[23]/C  u_eth/u_reasm/row_ok_reg[1]/CLR
1432  CDC-7   Critical  Asynchronous reset unknown CDC circuitry            0  Asynch Clock Groups  phy_rst_cnt_reg[23]/C  u_eth/u_reasm/row_ok_reg[2]/CLR
1433  CDC-7   Critical  Asynchronous reset unknown CDC circuitry            0  Asynch Clock Groups  phy_rst_cnt_reg[23]/C  u_eth/u_reasm/row_ok_reg[3]/CLR
1434  CDC-7   Critical  Asynchronous reset unknown CDC circuitry            0  Asynch Clock Groups  phy_rst_cnt_reg[23]/C  u_eth/u_reasm/row_ok_reg[4]/CLR
1435  CDC-7   Critical  Asynchronous reset unknown CDC circuitry            0  Asynch Clock Groups  phy_rst_cnt_reg[23]/C  u_eth/u_reasm/row_ok_reg[5]/CLR
1436  CDC-7   Critical  Asynchronous reset unknown CDC circuitry            0  Asynch Clock Groups  phy_rst_cnt_reg[23]/C  u_eth/u_reasm/row_ok_reg[6]/CLR
1437  CDC-7   Critical  Asynchronous reset unknown CDC circuitry            0  Asynch Clock Groups  phy_rst_cnt_reg[23]/C  u_eth/u_reasm/row_ok_reg[7]/CLR
1438  CDC-7   Critical  Asynchronous reset unknown CDC circuitry            0  Asynch Clock Groups  phy_rst_cnt_reg[23]/C  u_eth/u_reasm/row_ok_reg[8]/CLR
1439  CDC-7   Critical  Asynchronous reset unknown CDC circuitry            0  Asynch Clock Groups  phy_rst_cnt_reg[23]/C  u_eth/u_reasm/row_ok_reg[9]/CLR
1440  CDC-7   Critical  Asynchronous reset unknown CDC circuitry            0  Asynch Clock Groups  phy_rst_cnt_reg[23]/C  u_eth/u_reasm/row_ok_reg[10]/CLR
1441  CDC-7   Critical  Asynchronous reset unknown CDC circuitry            0  Asynch Clock Groups  phy_rst_cnt_reg[23]/C  u_eth/u_reasm/row_ok_reg[11]/CLR
1442  CDC-7   Critical  Asynchronous reset unknown CDC circuitry            0  Asynch Clock Groups  phy_rst_cnt_reg[23]/C  u_eth/u_reasm/row_ok_reg[12]/CLR
1443  CDC-7   Critical  Asynchronous reset unknown CDC circuitry            0  Asynch Clock Groups  phy_rst_cnt_reg[23]/C  u_eth/u_reasm/row_ok_reg[13]/CLR
1444  CDC-7   Critical  Asynchronous reset unknown CDC circuitry            0  Asynch Clock Groups  phy_rst_cnt_reg[23]/C  u_eth/u_reasm/row_ok_reg[14]/CLR
1445  CDC-7   Critical  Asynchronous reset unknown CDC circuitry            0  Asynch Clock Groups  phy_rst_cnt_reg[23]/C  u_eth/u_reasm/row_ok_reg[15]/CLR
1446  CDC-7   Critical  Asynchronous reset unknown CDC circuitry            0  Asynch Clock Groups  phy_rst_cnt_reg[23]/C  u_eth/u_reasm/row_ok_reg[16]/CLR
1447  CDC-7   Critical  Asynchronous reset unknown CDC circuitry            0  Asynch Clock Groups  phy_rst_cnt_reg[23]/C  u_eth/u_reasm/row_ok_reg[17]/CLR
1448  CDC-7   Critical  Asynchronous reset unknown CDC circuitry            0  Asynch Clock Groups  phy_rst_cnt_reg[23]/C  u_eth/u_reasm/row_ok_reg[18]/CLR
1449  CDC-7   Critical  Asynchronous reset unknown CDC circuitry            0  Asynch Clock Groups  phy_rst_cnt_reg[23]/C  u_eth/u_reasm/row_ok_reg[19]/CLR
1450  CDC-7   Critical  Asynchronous reset unknown CDC circuitry            0  Asynch Clock Groups  phy_rst_cnt_reg[23]/C  u_eth/u_reasm/row_ok_reg[20]/CLR
1451  CDC-7   Critical  Asynchronous reset unknown CDC circuitry            0  Asynch Clock Groups  phy_rst_cnt_reg[23]/C  u_eth/u_reasm/row_ok_reg[21]/CLR
1452  CDC-7   Critical  Asynchronous reset unknown CDC circuitry            0  Asynch Clock Groups  phy_rst_cnt_reg[23]/C  u_eth/u_reasm/row_ok_reg[22]/CLR
1453  CDC-7   Critical  Asynchronous reset unknown CDC circuitry            0  Asynch Clock Groups  phy_rst_cnt_reg[23]/C  u_eth/u_reasm/row_ok_reg[23]/CLR
1454  CDC-7   Critical  Asynchronous reset unknown CDC circuitry            0  Asynch Clock Groups  phy_rst_cnt_reg[23]/C  u_eth/u_reasm/row_ok_reg[24]/CLR
1455  CDC-7   Critical  Asynchronous reset unknown CDC circuitry            0  Asynch Clock Groups  phy_rst_cnt_reg[23]/C  u_eth/u_reasm/row_ok_reg[25]/CLR
1456  CDC-7   Critical  Asynchronous reset unknown CDC circuitry            0  Asynch Clock Groups  phy_rst_cnt_reg[23]/C  u_eth/u_reasm/row_ok_reg[26]/CLR
1457  CDC-7   Critical  Asynchronous reset unknown CDC circuitry            0  Asynch Clock Groups  phy_rst_cnt_reg[23]/C  u_eth/u_reasm/row_ok_reg[27]/CLR
1458  CDC-7   Critical  Asynchronous reset unknown CDC circuitry            0  Asynch Clock Groups  phy_rst_cnt_reg[23]/C  u_eth/u_reasm/row_ok_reg[28]/CLR
1459  CDC-7   Critical  Asynchronous reset unknown CDC circuitry            0  Asynch Clock Groups  phy_rst_cnt_reg[23]/C  u_eth/u_reasm/row_ok_reg[29]/CLR
1460  CDC-7   Critical  Asynchronous reset unknown CDC circuitry            0  Asynch Clock Groups  phy_rst_cnt_reg[23]/C  u_eth/u_reasm/row_ok_reg[30]/CLR
1461  CDC-7   Critical  Asynchronous reset unknown CDC circuitry            0  Asynch Clock Groups  phy_rst_cnt_reg[23]/C  u_eth/u_reasm/row_ok_reg[31]/CLR
1462  CDC-7   Critical  Asynchronous reset unknown CDC circuitry            0  Asynch Clock Groups  phy_rst_cnt_reg[23]/C  u_eth/u_reasm/row_ok_reg[32]/CLR
1463  CDC-7   Critical  Asynchronous reset unknown CDC circuitry            0  Asynch Clock Groups  phy_rst_cnt_reg[23]/C  u_eth/u_reasm/row_ok_reg[33]/CLR
1464  CDC-7   Critical  Asynchronous reset unknown CDC circuitry            0  Asynch Clock Groups  phy_rst_cnt_reg[23]/C  u_eth/u_reasm/row_ok_reg[34]/CLR
1465  CDC-7   Critical  Asynchronous reset unknown CDC circuitry            0  Asynch Clock Groups  phy_rst_cnt_reg[23]/C  u_eth/u_reasm/row_ok_reg[35]/CLR
1466  CDC-7   Critical  Asynchronous reset unknown CDC circuitry            0  Asynch Clock Groups  phy_rst_cnt_reg[23]/C  u_eth/u_reasm/row_ok_reg[36]/CLR
1467  CDC-7   Critical  Asynchronous reset unknown CDC circuitry            0  Asynch Clock Groups  phy_rst_cnt_reg[23]/C  u_eth/u_reasm/row_ok_reg[37]/CLR
1468  CDC-7   Critical  Asynchronous reset unknown CDC circuitry            0  Asynch Clock Groups  phy_rst_cnt_reg[23]/C  u_eth/u_reasm/row_ok_reg[38]/CLR
1469  CDC-7   Critical  Asynchronous reset unknown CDC circuitry            0  Asynch Clock Groups  phy_rst_cnt_reg[23]/C  u_eth/u_reasm/row_ok_reg[39]/CLR
1470  CDC-7   Critical  Asynchronous reset unknown CDC circuitry            0  Asynch Clock Groups  phy_rst_cnt_reg[23]/C  u_eth/u_reasm/row_ok_reg[40]/CLR
1471  CDC-7   Critical  Asynchronous reset unknown CDC circuitry            0  Asynch Clock Groups  phy_rst_cnt_reg[23]/C  u_eth/u_reasm/row_ok_reg[41]/CLR
1472  CDC-7   Critical  Asynchronous reset unknown CDC circuitry            0  Asynch Clock Groups  phy_rst_cnt_reg[23]/C  u_eth/u_reasm/row_ok_reg[42]/CLR
1473  CDC-7   Critical  Asynchronous reset unknown CDC circuitry            0  Asynch Clock Groups  phy_rst_cnt_reg[23]/C  u_eth/u_reasm/row_ok_reg[43]/CLR
1474  CDC-7   Critical  Asynchronous reset unknown CDC circuitry            0  Asynch Clock Groups  phy_rst_cnt_reg[23]/C  u_eth/u_reasm/row_ok_reg[44]/CLR
1475  CDC-7   Critical  Asynchronous reset unknown CDC circuitry            0  Asynch Clock Groups  phy_rst_cnt_reg[23]/C  u_eth/u_reasm/row_ok_reg[45]/CLR
1476  CDC-7   Critical  Asynchronous reset unknown CDC circuitry            0  Asynch Clock Groups  phy_rst_cnt_reg[23]/C  u_eth/u_reasm/row_ok_reg[46]/CLR
1477  CDC-7   Critical  Asynchronous reset unknown CDC circuitry            0  Asynch Clock Groups  phy_rst_cnt_reg[23]/C  u_eth/u_reasm/row_ok_reg[47]/CLR
1478  CDC-7   Critical  Asynchronous reset unknown CDC circuitry            0  Asynch Clock Groups  phy_rst_cnt_reg[23]/C  u_eth/u_reasm/row_ok_reg[48]/CLR
1479  CDC-7   Critical  Asynchronous reset unknown CDC circuitry            0  Asynch Clock Groups  phy_rst_cnt_reg[23]/C  u_eth/u_reasm/row_ok_reg[49]/CLR
1480  CDC-7   Critical  Asynchronous reset unknown CDC circuitry            0  Asynch Clock Groups  phy_rst_cnt_reg[23]/C  u_eth/u_reasm/row_ok_reg[50]/CLR
1481  CDC-7   Critical  Asynchronous reset unknown CDC circuitry            0  Asynch Clock Groups  phy_rst_cnt_reg[23]/C  u_eth/u_reasm/row_ok_reg[51]/CLR
1482  CDC-7   Critical  Asynchronous reset unknown CDC circuitry            0  Asynch Clock Groups  phy_rst_cnt_reg[23]/C  u_eth/u_reasm/row_ok_reg[52]/CLR
1483  CDC-7   Critical  Asynchronous reset unknown CDC circuitry            0  Asynch Clock Groups  phy_rst_cnt_reg[23]/C  u_eth/u_reasm/row_ok_reg[53]/CLR
1484  CDC-7   Critical  Asynchronous reset unknown CDC circuitry            0  Asynch Clock Groups  phy_rst_cnt_reg[23]/C  u_eth/u_reasm/row_ok_reg[54]/CLR
1485  CDC-7   Critical  Asynchronous reset unknown CDC circuitry            0  Asynch Clock Groups  phy_rst_cnt_reg[23]/C  u_eth/u_reasm/row_ok_reg[55]/CLR
1486  CDC-7   Critical  Asynchronous reset unknown CDC circuitry            0  Asynch Clock Groups  phy_rst_cnt_reg[23]/C  u_eth/u_reasm/row_ok_reg[56]/CLR
1487  CDC-7   Critical  Asynchronous reset unknown CDC circuitry            0  Asynch Clock Groups  phy_rst_cnt_reg[23]/C  u_eth/u_reasm/row_ok_reg[57]/CLR
1488  CDC-7   Critical  Asynchronous reset unknown CDC circuitry            0  Asynch Clock Groups  phy_rst_cnt_reg[23]/C  u_eth/u_reasm/row_ok_reg[58]/CLR
1489  CDC-7   Critical  Asynchronous reset unknown CDC circuitry            0  Asynch Clock Groups  phy_rst_cnt_reg[23]/C  u_eth/u_reasm/row_ok_reg[59]/CLR
1490  CDC-7   Critical  Asynchronous reset unknown CDC circuitry            0  Asynch Clock Groups  phy_rst_cnt_reg[23]/C  u_eth/u_reasm/row_ok_reg[60]/CLR
1491  CDC-7   Critical  Asynchronous reset unknown CDC circuitry            0  Asynch Clock Groups  phy_rst_cnt_reg[23]/C  u_eth/u_reasm/row_ok_reg[61]/CLR
1492  CDC-7   Critical  Asynchronous reset unknown CDC circuitry            0  Asynch Clock Groups  phy_rst_cnt_reg[23]/C  u_eth/u_reasm/row_ok_reg[62]/CLR
1493  CDC-7   Critical  Asynchronous reset unknown CDC circuitry            0  Asynch Clock Groups  phy_rst_cnt_reg[23]/C  u_eth/u_reasm/row_ok_reg[63]/CLR
1494  CDC-7   Critical  Asynchronous reset unknown CDC circuitry            0  Asynch Clock Groups  phy_rst_cnt_reg[23]/C  u_eth/u_reasm/row_ok_reg[64]/CLR
1495  CDC-7   Critical  Asynchronous reset unknown CDC circuitry            0  Asynch Clock Groups  phy_rst_cnt_reg[23]/C  u_eth/u_reasm/row_ok_reg[65]/CLR
1496  CDC-7   Critical  Asynchronous reset unknown CDC circuitry            0  Asynch Clock Groups  phy_rst_cnt_reg[23]/C  u_eth/u_reasm/row_ok_reg[66]/CLR
1497  CDC-7   Critical  Asynchronous reset unknown CDC circuitry            0  Asynch Clock Groups  phy_rst_cnt_reg[23]/C  u_eth/u_reasm/row_ok_reg[67]/CLR
1498  CDC-7   Critical  Asynchronous reset unknown CDC circuitry            0  Asynch Clock Groups  phy_rst_cnt_reg[23]/C  u_eth/u_reasm/row_ok_reg[68]/CLR
1499  CDC-7   Critical  Asynchronous reset unknown CDC circuitry            0  Asynch Clock Groups  phy_rst_cnt_reg[23]/C  u_eth/u_reasm/row_ok_reg[69]/CLR
1500  CDC-7   Critical  Asynchronous reset unknown CDC circuitry            0  Asynch Clock Groups  phy_rst_cnt_reg[23]/C  u_eth/u_reasm/row_ok_reg[70]/CLR
1501  CDC-7   Critical  Asynchronous reset unknown CDC circuitry            0  Asynch Clock Groups  phy_rst_cnt_reg[23]/C  u_eth/u_reasm/row_ok_reg[71]/CLR
1502  CDC-7   Critical  Asynchronous reset unknown CDC circuitry            0  Asynch Clock Groups  phy_rst_cnt_reg[23]/C  u_eth/u_reasm/row_ok_reg[72]/CLR
1503  CDC-7   Critical  Asynchronous reset unknown CDC circuitry            0  Asynch Clock Groups  phy_rst_cnt_reg[23]/C  u_eth/u_reasm/row_ok_reg[73]/CLR
1504  CDC-7   Critical  Asynchronous reset unknown CDC circuitry            0  Asynch Clock Groups  phy_rst_cnt_reg[23]/C  u_eth/u_reasm/row_ok_reg[74]/CLR
1505  CDC-7   Critical  Asynchronous reset unknown CDC circuitry            0  Asynch Clock Groups  phy_rst_cnt_reg[23]/C  u_eth/u_reasm/row_ok_reg[75]/CLR
1506  CDC-7   Critical  Asynchronous reset unknown CDC circuitry            0  Asynch Clock Groups  phy_rst_cnt_reg[23]/C  u_eth/u_reasm/row_ok_reg[76]/CLR
1507  CDC-7   Critical  Asynchronous reset unknown CDC circuitry            0  Asynch Clock Groups  phy_rst_cnt_reg[23]/C  u_eth/u_reasm/row_ok_reg[77]/CLR
1508  CDC-7   Critical  Asynchronous reset unknown CDC circuitry            0  Asynch Clock Groups  phy_rst_cnt_reg[23]/C  u_eth/u_reasm/row_ok_reg[78]/CLR
1509  CDC-7   Critical  Asynchronous reset unknown CDC circuitry            0  Asynch Clock Groups  phy_rst_cnt_reg[23]/C  u_eth/u_reasm/row_ok_reg[79]/CLR
1510  CDC-7   Critical  Asynchronous reset unknown CDC circuitry            0  Asynch Clock Groups  phy_rst_cnt_reg[23]/C  u_eth/u_reasm/row_ok_reg[80]/CLR
1511  CDC-7   Critical  Asynchronous reset unknown CDC circuitry            0  Asynch Clock Groups  phy_rst_cnt_reg[23]/C  u_eth/u_reasm/row_ok_reg[81]/CLR
1512  CDC-7   Critical  Asynchronous reset unknown CDC circuitry            0  Asynch Clock Groups  phy_rst_cnt_reg[23]/C  u_eth/u_reasm/row_ok_reg[82]/CLR
1513  CDC-7   Critical  Asynchronous reset unknown CDC circuitry            0  Asynch Clock Groups  phy_rst_cnt_reg[23]/C  u_eth/u_reasm/row_ok_reg[83]/CLR
1514  CDC-7   Critical  Asynchronous reset unknown CDC circuitry            0  Asynch Clock Groups  phy_rst_cnt_reg[23]/C  u_eth/u_reasm/row_ok_reg[84]/CLR
1515  CDC-7   Critical  Asynchronous reset unknown CDC circuitry            0  Asynch Clock Groups  phy_rst_cnt_reg[23]/C  u_eth/u_reasm/row_ok_reg[85]/CLR
1516  CDC-7   Critical  Asynchronous reset unknown CDC circuitry            0  Asynch Clock Groups  phy_rst_cnt_reg[23]/C  u_eth/u_reasm/row_ok_reg[86]/CLR
1517  CDC-7   Critical  Asynchronous reset unknown CDC circuitry            0  Asynch Clock Groups  phy_rst_cnt_reg[23]/C  u_eth/u_reasm/row_ok_reg[87]/CLR
1518  CDC-7   Critical  Asynchronous reset unknown CDC circuitry            0  Asynch Clock Groups  phy_rst_cnt_reg[23]/C  u_eth/u_reasm/row_ok_reg[88]/CLR
1519  CDC-7   Critical  Asynchronous reset unknown CDC circuitry            0  Asynch Clock Groups  phy_rst_cnt_reg[23]/C  u_eth/u_reasm/row_ok_reg[89]/CLR
1520  CDC-7   Critical  Asynchronous reset unknown CDC circuitry            0  Asynch Clock Groups  phy_rst_cnt_reg[23]/C  u_eth/u_reasm/row_ok_reg[90]/CLR
1521  CDC-7   Critical  Asynchronous reset unknown CDC circuitry            0  Asynch Clock Groups  phy_rst_cnt_reg[23]/C  u_eth/u_reasm/row_ok_reg[91]/CLR
1522  CDC-7   Critical  Asynchronous reset unknown CDC circuitry            0  Asynch Clock Groups  phy_rst_cnt_reg[23]/C  u_eth/u_reasm/row_ok_reg[92]/CLR
1523  CDC-7   Critical  Asynchronous reset unknown CDC circuitry            0  Asynch Clock Groups  phy_rst_cnt_reg[23]/C  u_eth/u_reasm/row_ok_reg[93]/CLR
1524  CDC-7   Critical  Asynchronous reset unknown CDC circuitry            0  Asynch Clock Groups  phy_rst_cnt_reg[23]/C  u_eth/u_reasm/row_ok_reg[94]/CLR
1525  CDC-7   Critical  Asynchronous reset unknown CDC circuitry            0  Asynch Clock Groups  phy_rst_cnt_reg[23]/C  u_eth/u_reasm/row_ok_reg[95]/CLR
1526  CDC-7   Critical  Asynchronous reset unknown CDC circuitry            0  Asynch Clock Groups  phy_rst_cnt_reg[23]/C  u_eth/u_reasm/row_ok_reg[96]/CLR
1527  CDC-7   Critical  Asynchronous reset unknown CDC circuitry            0  Asynch Clock Groups  phy_rst_cnt_reg[23]/C  u_eth/u_reasm/row_ok_reg[97]/CLR
1528  CDC-7   Critical  Asynchronous reset unknown CDC circuitry            0  Asynch Clock Groups  phy_rst_cnt_reg[23]/C  u_eth/u_reasm/row_ok_reg[98]/CLR
1529  CDC-7   Critical  Asynchronous reset unknown CDC circuitry            0  Asynch Clock Groups  phy_rst_cnt_reg[23]/C  u_eth/u_reasm/row_ok_reg[99]/CLR
1530  CDC-7   Critical  Asynchronous reset unknown CDC circuitry            0  Asynch Clock Groups  phy_rst_cnt_reg[23]/C  u_eth/u_reasm/row_ok_reg[100]/CLR
1531  CDC-7   Critical  Asynchronous reset unknown CDC circuitry            0  Asynch Clock Groups  phy_rst_cnt_reg[23]/C  u_eth/u_reasm/row_ok_reg[101]/CLR
1532  CDC-7   Critical  Asynchronous reset unknown CDC circuitry            0  Asynch Clock Groups  phy_rst_cnt_reg[23]/C  u_eth/u_reasm/row_ok_reg[102]/CLR
1533  CDC-7   Critical  Asynchronous reset unknown CDC circuitry            0  Asynch Clock Groups  phy_rst_cnt_reg[23]/C  u_eth/u_reasm/row_ok_reg[103]/CLR
1534  CDC-7   Critical  Asynchronous reset unknown CDC circuitry            0  Asynch Clock Groups  phy_rst_cnt_reg[23]/C  u_eth/u_reasm/row_ok_reg[104]/CLR
1535  CDC-7   Critical  Asynchronous reset unknown CDC circuitry            0  Asynch Clock Groups  phy_rst_cnt_reg[23]/C  u_eth/u_reasm/row_ok_reg[105]/CLR
1536  CDC-7   Critical  Asynchronous reset unknown CDC circuitry            0  Asynch Clock Groups  phy_rst_cnt_reg[23]/C  u_eth/u_reasm/row_ok_reg[106]/CLR
1537  CDC-7   Critical  Asynchronous reset unknown CDC circuitry            0  Asynch Clock Groups  phy_rst_cnt_reg[23]/C  u_eth/u_reasm/row_ok_reg[107]/CLR
1538  CDC-7   Critical  Asynchronous reset unknown CDC circuitry            0  Asynch Clock Groups  phy_rst_cnt_reg[23]/C  u_eth/u_reasm/row_ok_reg[108]/CLR
1539  CDC-7   Critical  Asynchronous reset unknown CDC circuitry            0  Asynch Clock Groups  phy_rst_cnt_reg[23]/C  u_eth/u_reasm/row_ok_reg[109]/CLR
1540  CDC-7   Critical  Asynchronous reset unknown CDC circuitry            0  Asynch Clock Groups  phy_rst_cnt_reg[23]/C  u_eth/u_reasm/row_ok_reg[110]/CLR
1541  CDC-7   Critical  Asynchronous reset unknown CDC circuitry            0  Asynch Clock Groups  phy_rst_cnt_reg[23]/C  u_eth/u_reasm/row_ok_reg[111]/CLR
1542  CDC-7   Critical  Asynchronous reset unknown CDC circuitry            0  Asynch Clock Groups  phy_rst_cnt_reg[23]/C  u_eth/u_reasm/row_ok_reg[112]/CLR
1543  CDC-7   Critical  Asynchronous reset unknown CDC circuitry            0  Asynch Clock Groups  phy_rst_cnt_reg[23]/C  u_eth/u_reasm/row_ok_reg[113]/CLR
1544  CDC-7   Critical  Asynchronous reset unknown CDC circuitry            0  Asynch Clock Groups  phy_rst_cnt_reg[23]/C  u_eth/u_reasm/row_ok_reg[114]/CLR
1545  CDC-7   Critical  Asynchronous reset unknown CDC circuitry            0  Asynch Clock Groups  phy_rst_cnt_reg[23]/C  u_eth/u_reasm/row_ok_reg[115]/CLR
1546  CDC-7   Critical  Asynchronous reset unknown CDC circuitry            0  Asynch Clock Groups  phy_rst_cnt_reg[23]/C  u_eth/u_reasm/row_ok_reg[116]/CLR
1547  CDC-7   Critical  Asynchronous reset unknown CDC circuitry            0  Asynch Clock Groups  phy_rst_cnt_reg[23]/C  u_eth/u_reasm/row_ok_reg[117]/CLR
1548  CDC-7   Critical  Asynchronous reset unknown CDC circuitry            0  Asynch Clock Groups  phy_rst_cnt_reg[23]/C  u_eth/u_reasm/row_ok_reg[118]/CLR
1549  CDC-7   Critical  Asynchronous reset unknown CDC circuitry            0  Asynch Clock Groups  phy_rst_cnt_reg[23]/C  u_eth/u_reasm/row_ok_reg[119]/CLR
1550  CDC-7   Critical  Asynchronous reset unknown CDC circuitry            0  Asynch Clock Groups  phy_rst_cnt_reg[23]/C  u_eth/u_reasm/row_ok_reg[120]/CLR
1551  CDC-7   Critical  Asynchronous reset unknown CDC circuitry            0  Asynch Clock Groups  phy_rst_cnt_reg[23]/C  u_eth/u_reasm/row_ok_reg[121]/CLR
1552  CDC-7   Critical  Asynchronous reset unknown CDC circuitry            0  Asynch Clock Groups  phy_rst_cnt_reg[23]/C  u_eth/u_reasm/row_ok_reg[122]/CLR
1553  CDC-7   Critical  Asynchronous reset unknown CDC circuitry            0  Asynch Clock Groups  phy_rst_cnt_reg[23]/C  u_eth/u_reasm/row_ok_reg[123]/CLR
1554  CDC-7   Critical  Asynchronous reset unknown CDC circuitry            0  Asynch Clock Groups  phy_rst_cnt_reg[23]/C  u_eth/u_reasm/row_ok_reg[124]/CLR
1555  CDC-7   Critical  Asynchronous reset unknown CDC circuitry            0  Asynch Clock Groups  phy_rst_cnt_reg[23]/C  u_eth/u_reasm/row_ok_reg[125]/CLR
1556  CDC-7   Critical  Asynchronous reset unknown CDC circuitry            0  Asynch Clock Groups  phy_rst_cnt_reg[23]/C  u_eth/u_reasm/row_ok_reg[126]/CLR
1557  CDC-7   Critical  Asynchronous reset unknown CDC circuitry            0  Asynch Clock Groups  phy_rst_cnt_reg[23]/C  u_eth/u_reasm/row_ok_reg[127]/CLR
1558  CDC-7   Critical  Asynchronous reset unknown CDC circuitry            0  Asynch Clock Groups  phy_rst_cnt_reg[23]/C  u_eth/u_reasm/row_ok_reg[128]/CLR
1559  CDC-7   Critical  Asynchronous reset unknown CDC circuitry            0  Asynch Clock Groups  phy_rst_cnt_reg[23]/C  u_eth/u_reasm/row_ok_reg[129]/CLR
1560  CDC-7   Critical  Asynchronous reset unknown CDC circuitry            0  Asynch Clock Groups  phy_rst_cnt_reg[23]/C  u_eth/u_reasm/row_ok_reg[130]/CLR
1561  CDC-7   Critical  Asynchronous reset unknown CDC circuitry            0  Asynch Clock Groups  phy_rst_cnt_reg[23]/C  u_eth/u_reasm/row_ok_reg[131]/CLR
1562  CDC-7   Critical  Asynchronous reset unknown CDC circuitry            0  Asynch Clock Groups  phy_rst_cnt_reg[23]/C  u_eth/u_reasm/row_ok_reg[132]/CLR
1563  CDC-7   Critical  Asynchronous reset unknown CDC circuitry            0  Asynch Clock Groups  phy_rst_cnt_reg[23]/C  u_eth/u_reasm/row_ok_reg[133]/CLR
1564  CDC-7   Critical  Asynchronous reset unknown CDC circuitry            0  Asynch Clock Groups  phy_rst_cnt_reg[23]/C  u_eth/u_reasm/row_ok_reg[134]/CLR
1565  CDC-7   Critical  Asynchronous reset unknown CDC circuitry            0  Asynch Clock Groups  phy_rst_cnt_reg[23]/C  u_eth/u_reasm/row_ok_reg[135]/CLR
1566  CDC-7   Critical  Asynchronous reset unknown CDC circuitry            0  Asynch Clock Groups  phy_rst_cnt_reg[23]/C  u_eth/u_reasm/row_ok_reg[136]/CLR
1567  CDC-7   Critical  Asynchronous reset unknown CDC circuitry            0  Asynch Clock Groups  phy_rst_cnt_reg[23]/C  u_eth/u_reasm/row_ok_reg[137]/CLR
1568  CDC-7   Critical  Asynchronous reset unknown CDC circuitry            0  Asynch Clock Groups  phy_rst_cnt_reg[23]/C  u_eth/u_reasm/row_ok_reg[138]/CLR
1569  CDC-7   Critical  Asynchronous reset unknown CDC circuitry            0  Asynch Clock Groups  phy_rst_cnt_reg[23]/C  u_eth/u_reasm/row_ok_reg[139]/CLR
1570  CDC-7   Critical  Asynchronous reset unknown CDC circuitry            0  Asynch Clock Groups  phy_rst_cnt_reg[23]/C  u_eth/u_reasm/row_ok_reg[140]/CLR
1571  CDC-7   Critical  Asynchronous reset unknown CDC circuitry            0  Asynch Clock Groups  phy_rst_cnt_reg[23]/C  u_eth/u_reasm/row_ok_reg[141]/CLR
1572  CDC-7   Critical  Asynchronous reset unknown CDC circuitry            0  Asynch Clock Groups  phy_rst_cnt_reg[23]/C  u_eth/u_reasm/row_ok_reg[142]/CLR
1573  CDC-7   Critical  Asynchronous reset unknown CDC circuitry            0  Asynch Clock Groups  phy_rst_cnt_reg[23]/C  u_eth/u_reasm/row_ok_reg[143]/CLR
1574  CDC-7   Critical  Asynchronous reset unknown CDC circuitry            0  Asynch Clock Groups  phy_rst_cnt_reg[23]/C  u_eth/u_reasm/row_ok_reg[144]/CLR
1575  CDC-7   Critical  Asynchronous reset unknown CDC circuitry            0  Asynch Clock Groups  phy_rst_cnt_reg[23]/C  u_eth/u_reasm/row_ok_reg[145]/CLR
1576  CDC-7   Critical  Asynchronous reset unknown CDC circuitry            0  Asynch Clock Groups  phy_rst_cnt_reg[23]/C  u_eth/u_reasm/row_ok_reg[146]/CLR
1577  CDC-7   Critical  Asynchronous reset unknown CDC circuitry            0  Asynch Clock Groups  phy_rst_cnt_reg[23]/C  u_eth/u_reasm/row_ok_reg[147]/CLR
1578  CDC-7   Critical  Asynchronous reset unknown CDC circuitry            0  Asynch Clock Groups  phy_rst_cnt_reg[23]/C  u_eth/u_reasm/row_ok_reg[148]/CLR
1579  CDC-7   Critical  Asynchronous reset unknown CDC circuitry            0  Asynch Clock Groups  phy_rst_cnt_reg[23]/C  u_eth/u_reasm/row_ok_reg[149]/CLR
1580  CDC-7   Critical  Asynchronous reset unknown CDC circuitry            0  Asynch Clock Groups  phy_rst_cnt_reg[23]/C  u_eth/u_reasm/row_ok_reg[150]/CLR
1581  CDC-7   Critical  Asynchronous reset unknown CDC circuitry            0  Asynch Clock Groups  phy_rst_cnt_reg[23]/C  u_eth/u_reasm/row_ok_reg[151]/CLR
1582  CDC-7   Critical  Asynchronous reset unknown CDC circuitry            0  Asynch Clock Groups  phy_rst_cnt_reg[23]/C  u_eth/u_reasm/row_ok_reg[152]/CLR
1583  CDC-7   Critical  Asynchronous reset unknown CDC circuitry            0  Asynch Clock Groups  phy_rst_cnt_reg[23]/C  u_eth/u_reasm/row_ok_reg[153]/CLR
1584  CDC-7   Critical  Asynchronous reset unknown CDC circuitry            0  Asynch Clock Groups  phy_rst_cnt_reg[23]/C  u_eth/u_reasm/row_ok_reg[154]/CLR
1585  CDC-7   Critical  Asynchronous reset unknown CDC circuitry            0  Asynch Clock Groups  phy_rst_cnt_reg[23]/C  u_eth/u_reasm/row_ok_reg[155]/CLR
1586  CDC-7   Critical  Asynchronous reset unknown CDC circuitry            0  Asynch Clock Groups  phy_rst_cnt_reg[23]/C  u_eth/u_reasm/row_ok_reg[156]/CLR
1587  CDC-7   Critical  Asynchronous reset unknown CDC circuitry            0  Asynch Clock Groups  phy_rst_cnt_reg[23]/C  u_eth/u_reasm/row_ok_reg[157]/CLR
1588  CDC-7   Critical  Asynchronous reset unknown CDC circuitry            0  Asynch Clock Groups  phy_rst_cnt_reg[23]/C  u_eth/u_reasm/row_ok_reg[158]/CLR
1589  CDC-7   Critical  Asynchronous reset unknown CDC circuitry            0  Asynch Clock Groups  phy_rst_cnt_reg[23]/C  u_eth/u_reasm/row_ok_reg[159]/CLR
1590  CDC-7   Critical  Asynchronous reset unknown CDC circuitry            0  Asynch Clock Groups  phy_rst_cnt_reg[23]/C  u_eth/u_reasm/row_ok_reg[160]/CLR
1591  CDC-7   Critical  Asynchronous reset unknown CDC circuitry            0  Asynch Clock Groups  phy_rst_cnt_reg[23]/C  u_eth/u_reasm/row_ok_reg[161]/CLR
1592  CDC-7   Critical  Asynchronous reset unknown CDC circuitry            0  Asynch Clock Groups  phy_rst_cnt_reg[23]/C  u_eth/u_reasm/row_ok_reg[162]/CLR
1593  CDC-7   Critical  Asynchronous reset unknown CDC circuitry            0  Asynch Clock Groups  phy_rst_cnt_reg[23]/C  u_eth/u_reasm/row_ok_reg[163]/CLR
1594  CDC-7   Critical  Asynchronous reset unknown CDC circuitry            0  Asynch Clock Groups  phy_rst_cnt_reg[23]/C  u_eth/u_reasm/row_ok_reg[164]/CLR
1595  CDC-7   Critical  Asynchronous reset unknown CDC circuitry            0  Asynch Clock Groups  phy_rst_cnt_reg[23]/C  u_eth/u_reasm/row_ok_reg[165]/CLR
1596  CDC-7   Critical  Asynchronous reset unknown CDC circuitry            0  Asynch Clock Groups  phy_rst_cnt_reg[23]/C  u_eth/u_reasm/row_ok_reg[166]/CLR
1597  CDC-7   Critical  Asynchronous reset unknown CDC circuitry            0  Asynch Clock Groups  phy_rst_cnt_reg[23]/C  u_eth/u_reasm/row_ok_reg[167]/CLR
1598  CDC-7   Critical  Asynchronous reset unknown CDC circuitry            0  Asynch Clock Groups  phy_rst_cnt_reg[23]/C  u_eth/u_reasm/row_ok_reg[168]/CLR
1599  CDC-7   Critical  Asynchronous reset unknown CDC circuitry            0  Asynch Clock Groups  phy_rst_cnt_reg[23]/C  u_eth/u_reasm/row_ok_reg[169]/CLR
1600  CDC-7   Critical  Asynchronous reset unknown CDC circuitry            0  Asynch Clock Groups  phy_rst_cnt_reg[23]/C  u_eth/u_reasm/row_ok_reg[170]/CLR
1601  CDC-7   Critical  Asynchronous reset unknown CDC circuitry            0  Asynch Clock Groups  phy_rst_cnt_reg[23]/C  u_eth/u_reasm/row_ok_reg[171]/CLR
1602  CDC-7   Critical  Asynchronous reset unknown CDC circuitry            0  Asynch Clock Groups  phy_rst_cnt_reg[23]/C  u_eth/u_reasm/row_ok_reg[172]/CLR
1603  CDC-7   Critical  Asynchronous reset unknown CDC circuitry            0  Asynch Clock Groups  phy_rst_cnt_reg[23]/C  u_eth/u_reasm/row_ok_reg[173]/CLR
1604  CDC-7   Critical  Asynchronous reset unknown CDC circuitry            0  Asynch Clock Groups  phy_rst_cnt_reg[23]/C  u_eth/u_reasm/row_ok_reg[174]/CLR
1605  CDC-7   Critical  Asynchronous reset unknown CDC circuitry            0  Asynch Clock Groups  phy_rst_cnt_reg[23]/C  u_eth/u_reasm/row_ok_reg[175]/CLR
1606  CDC-7   Critical  Asynchronous reset unknown CDC circuitry            0  Asynch Clock Groups  phy_rst_cnt_reg[23]/C  u_eth/u_reasm/row_ok_reg[176]/CLR
1607  CDC-7   Critical  Asynchronous reset unknown CDC circuitry            0  Asynch Clock Groups  phy_rst_cnt_reg[23]/C  u_eth/u_reasm/row_ok_reg[177]/CLR
1608  CDC-7   Critical  Asynchronous reset unknown CDC circuitry            0  Asynch Clock Groups  phy_rst_cnt_reg[23]/C  u_eth/u_reasm/row_ok_reg[178]/CLR
1609  CDC-7   Critical  Asynchronous reset unknown CDC circuitry            0  Asynch Clock Groups  phy_rst_cnt_reg[23]/C  u_eth/u_reasm/row_ok_reg[179]/CLR
1610  CDC-7   Critical  Asynchronous reset unknown CDC circuitry            0  Asynch Clock Groups  phy_rst_cnt_reg[23]/C  u_eth/u_reasm/row_ok_reg[180]/CLR
1611  CDC-7   Critical  Asynchronous reset unknown CDC circuitry            0  Asynch Clock Groups  phy_rst_cnt_reg[23]/C  u_eth/u_reasm/row_ok_reg[181]/CLR
1612  CDC-7   Critical  Asynchronous reset unknown CDC circuitry            0  Asynch Clock Groups  phy_rst_cnt_reg[23]/C  u_eth/u_reasm/row_ok_reg[182]/CLR
1613  CDC-7   Critical  Asynchronous reset unknown CDC circuitry            0  Asynch Clock Groups  phy_rst_cnt_reg[23]/C  u_eth/u_reasm/row_ok_reg[183]/CLR
1614  CDC-7   Critical  Asynchronous reset unknown CDC circuitry            0  Asynch Clock Groups  phy_rst_cnt_reg[23]/C  u_eth/u_reasm/row_ok_reg[184]/CLR
1615  CDC-7   Critical  Asynchronous reset unknown CDC circuitry            0  Asynch Clock Groups  phy_rst_cnt_reg[23]/C  u_eth/u_reasm/row_ok_reg[185]/CLR
1616  CDC-7   Critical  Asynchronous reset unknown CDC circuitry            0  Asynch Clock Groups  phy_rst_cnt_reg[23]/C  u_eth/u_reasm/row_ok_reg[186]/CLR
1617  CDC-7   Critical  Asynchronous reset unknown CDC circuitry            0  Asynch Clock Groups  phy_rst_cnt_reg[23]/C  u_eth/u_reasm/row_ok_reg[187]/CLR
1618  CDC-7   Critical  Asynchronous reset unknown CDC circuitry            0  Asynch Clock Groups  phy_rst_cnt_reg[23]/C  u_eth/u_reasm/row_ok_reg[188]/CLR
1619  CDC-7   Critical  Asynchronous reset unknown CDC circuitry            0  Asynch Clock Groups  phy_rst_cnt_reg[23]/C  u_eth/u_reasm/row_ok_reg[189]/CLR
1620  CDC-7   Critical  Asynchronous reset unknown CDC circuitry            0  Asynch Clock Groups  phy_rst_cnt_reg[23]/C  u_eth/u_reasm/row_ok_reg[190]/CLR
1621  CDC-7   Critical  Asynchronous reset unknown CDC circuitry            0  Asynch Clock Groups  phy_rst_cnt_reg[23]/C  u_eth/u_reasm/row_ok_reg[191]/CLR
1622  CDC-7   Critical  Asynchronous reset unknown CDC circuitry            0  Asynch Clock Groups  phy_rst_cnt_reg[23]/C  u_eth/u_reasm/row_ok_reg[192]/CLR
1623  CDC-7   Critical  Asynchronous reset unknown CDC circuitry            0  Asynch Clock Groups  phy_rst_cnt_reg[23]/C  u_eth/u_reasm/row_ok_reg[193]/CLR
1624  CDC-7   Critical  Asynchronous reset unknown CDC circuitry            0  Asynch Clock Groups  phy_rst_cnt_reg[23]/C  u_eth/u_reasm/row_ok_reg[194]/CLR
1625  CDC-7   Critical  Asynchronous reset unknown CDC circuitry            0  Asynch Clock Groups  phy_rst_cnt_reg[23]/C  u_eth/u_reasm/row_ok_reg[195]/CLR
1626  CDC-7   Critical  Asynchronous reset unknown CDC circuitry            0  Asynch Clock Groups  phy_rst_cnt_reg[23]/C  u_eth/u_reasm/row_ok_reg[196]/CLR
1627  CDC-7   Critical  Asynchronous reset unknown CDC circuitry            0  Asynch Clock Groups  phy_rst_cnt_reg[23]/C  u_eth/u_reasm/row_ok_reg[197]/CLR
1628  CDC-7   Critical  Asynchronous reset unknown CDC circuitry            0  Asynch Clock Groups  phy_rst_cnt_reg[23]/C  u_eth/u_reasm/row_ok_reg[198]/CLR
1629  CDC-7   Critical  Asynchronous reset unknown CDC circuitry            0  Asynch Clock Groups  phy_rst_cnt_reg[23]/C  u_eth/u_reasm/row_ok_reg[199]/CLR
1630  CDC-7   Critical  Asynchronous reset unknown CDC circuitry            0  Asynch Clock Groups  phy_rst_cnt_reg[23]/C  u_eth/u_reasm/row_ok_reg[200]/CLR
1631  CDC-7   Critical  Asynchronous reset unknown CDC circuitry            0  Asynch Clock Groups  phy_rst_cnt_reg[23]/C  u_eth/u_reasm/row_ok_reg[201]/CLR
1632  CDC-7   Critical  Asynchronous reset unknown CDC circuitry            0  Asynch Clock Groups  phy_rst_cnt_reg[23]/C  u_eth/u_reasm/row_ok_reg[202]/CLR
1633  CDC-7   Critical  Asynchronous reset unknown CDC circuitry            0  Asynch Clock Groups  phy_rst_cnt_reg[23]/C  u_eth/u_reasm/row_ok_reg[203]/CLR
1634  CDC-7   Critical  Asynchronous reset unknown CDC circuitry            0  Asynch Clock Groups  phy_rst_cnt_reg[23]/C  u_eth/u_reasm/row_ok_reg[204]/CLR
1635  CDC-7   Critical  Asynchronous reset unknown CDC circuitry            0  Asynch Clock Groups  phy_rst_cnt_reg[23]/C  u_eth/u_reasm/row_ok_reg[205]/CLR
1636  CDC-7   Critical  Asynchronous reset unknown CDC circuitry            0  Asynch Clock Groups  phy_rst_cnt_reg[23]/C  u_eth/u_reasm/row_ok_reg[206]/CLR
1637  CDC-7   Critical  Asynchronous reset unknown CDC circuitry            0  Asynch Clock Groups  phy_rst_cnt_reg[23]/C  u_eth/u_reasm/row_ok_reg[207]/CLR
1638  CDC-7   Critical  Asynchronous reset unknown CDC circuitry            0  Asynch Clock Groups  phy_rst_cnt_reg[23]/C  u_eth/u_reasm/row_ok_reg[208]/CLR
1639  CDC-7   Critical  Asynchronous reset unknown CDC circuitry            0  Asynch Clock Groups  phy_rst_cnt_reg[23]/C  u_eth/u_reasm/row_ok_reg[209]/CLR
1640  CDC-7   Critical  Asynchronous reset unknown CDC circuitry            0  Asynch Clock Groups  phy_rst_cnt_reg[23]/C  u_eth/u_reasm/row_ok_reg[210]/CLR
1641  CDC-7   Critical  Asynchronous reset unknown CDC circuitry            0  Asynch Clock Groups  phy_rst_cnt_reg[23]/C  u_eth/u_reasm/row_ok_reg[211]/CLR
1642  CDC-7   Critical  Asynchronous reset unknown CDC circuitry            0  Asynch Clock Groups  phy_rst_cnt_reg[23]/C  u_eth/u_reasm/row_ok_reg[212]/CLR
1643  CDC-7   Critical  Asynchronous reset unknown CDC circuitry            0  Asynch Clock Groups  phy_rst_cnt_reg[23]/C  u_eth/u_reasm/row_ok_reg[213]/CLR
1644  CDC-7   Critical  Asynchronous reset unknown CDC circuitry            0  Asynch Clock Groups  phy_rst_cnt_reg[23]/C  u_eth/u_reasm/row_ok_reg[214]/CLR
1645  CDC-7   Critical  Asynchronous reset unknown CDC circuitry            0  Asynch Clock Groups  phy_rst_cnt_reg[23]/C  u_eth/u_reasm/row_ok_reg[215]/CLR
1646  CDC-7   Critical  Asynchronous reset unknown CDC circuitry            0  Asynch Clock Groups  phy_rst_cnt_reg[23]/C  u_eth/u_reasm/row_ok_reg[216]/CLR
1647  CDC-7   Critical  Asynchronous reset unknown CDC circuitry            0  Asynch Clock Groups  phy_rst_cnt_reg[23]/C  u_eth/u_reasm/row_ok_reg[217]/CLR
1648  CDC-7   Critical  Asynchronous reset unknown CDC circuitry            0  Asynch Clock Groups  phy_rst_cnt_reg[23]/C  u_eth/u_reasm/row_ok_reg[218]/CLR
1649  CDC-7   Critical  Asynchronous reset unknown CDC circuitry            0  Asynch Clock Groups  phy_rst_cnt_reg[23]/C  u_eth/u_reasm/row_ok_reg[219]/CLR
1650  CDC-7   Critical  Asynchronous reset unknown CDC circuitry            0  Asynch Clock Groups  phy_rst_cnt_reg[23]/C  u_eth/u_reasm/row_ok_reg[220]/CLR
1651  CDC-7   Critical  Asynchronous reset unknown CDC circuitry            0  Asynch Clock Groups  phy_rst_cnt_reg[23]/C  u_eth/u_reasm/row_ok_reg[221]/CLR
1652  CDC-7   Critical  Asynchronous reset unknown CDC circuitry            0  Asynch Clock Groups  phy_rst_cnt_reg[23]/C  u_eth/u_reasm/row_ok_reg[222]/CLR
1653  CDC-7   Critical  Asynchronous reset unknown CDC circuitry            0  Asynch Clock Groups  phy_rst_cnt_reg[23]/C  u_eth/u_reasm/row_ok_reg[223]/CLR
1654  CDC-7   Critical  Asynchronous reset unknown CDC circuitry            0  Asynch Clock Groups  phy_rst_cnt_reg[23]/C  u_eth/u_reasm/row_ok_reg[224]/CLR
1655  CDC-7   Critical  Asynchronous reset unknown CDC circuitry            0  Asynch Clock Groups  phy_rst_cnt_reg[23]/C  u_eth/u_reasm/row_ok_reg[225]/CLR
1656  CDC-7   Critical  Asynchronous reset unknown CDC circuitry            0  Asynch Clock Groups  phy_rst_cnt_reg[23]/C  u_eth/u_reasm/row_ok_reg[226]/CLR
1657  CDC-7   Critical  Asynchronous reset unknown CDC circuitry            0  Asynch Clock Groups  phy_rst_cnt_reg[23]/C  u_eth/u_reasm/row_ok_reg[227]/CLR
1658  CDC-7   Critical  Asynchronous reset unknown CDC circuitry            0  Asynch Clock Groups  phy_rst_cnt_reg[23]/C  u_eth/u_reasm/row_ok_reg[228]/CLR
1659  CDC-7   Critical  Asynchronous reset unknown CDC circuitry            0  Asynch Clock Groups  phy_rst_cnt_reg[23]/C  u_eth/u_reasm/row_ok_reg[229]/CLR
1660  CDC-7   Critical  Asynchronous reset unknown CDC circuitry            0  Asynch Clock Groups  phy_rst_cnt_reg[23]/C  u_eth/u_reasm/row_ok_reg[230]/CLR
1661  CDC-7   Critical  Asynchronous reset unknown CDC circuitry            0  Asynch Clock Groups  phy_rst_cnt_reg[23]/C  u_eth/u_reasm/row_ok_reg[231]/CLR
1662  CDC-7   Critical  Asynchronous reset unknown CDC circuitry            0  Asynch Clock Groups  phy_rst_cnt_reg[23]/C  u_eth/u_reasm/row_ok_reg[232]/CLR
1663  CDC-7   Critical  Asynchronous reset unknown CDC circuitry            0  Asynch Clock Groups  phy_rst_cnt_reg[23]/C  u_eth/u_reasm/row_ok_reg[233]/CLR
1664  CDC-7   Critical  Asynchronous reset unknown CDC circuitry            0  Asynch Clock Groups  phy_rst_cnt_reg[23]/C  u_eth/u_reasm/row_ok_reg[234]/CLR
1665  CDC-7   Critical  Asynchronous reset unknown CDC circuitry            0  Asynch Clock Groups  phy_rst_cnt_reg[23]/C  u_eth/u_reasm/row_ok_reg[235]/CLR
1666  CDC-7   Critical  Asynchronous reset unknown CDC circuitry            0  Asynch Clock Groups  phy_rst_cnt_reg[23]/C  u_eth/u_reasm/row_ok_reg[236]/CLR
1667  CDC-7   Critical  Asynchronous reset unknown CDC circuitry            0  Asynch Clock Groups  phy_rst_cnt_reg[23]/C  u_eth/u_reasm/row_ok_reg[237]/CLR
1668  CDC-7   Critical  Asynchronous reset unknown CDC circuitry            0  Asynch Clock Groups  phy_rst_cnt_reg[23]/C  u_eth/u_reasm/row_ok_reg[238]/CLR
1669  CDC-7   Critical  Asynchronous reset unknown CDC circuitry            0  Asynch Clock Groups  phy_rst_cnt_reg[23]/C  u_eth/u_reasm/row_ok_reg[239]/CLR
1670  CDC-7   Critical  Asynchronous reset unknown CDC circuitry            0  Asynch Clock Groups  phy_rst_cnt_reg[23]/C  u_eth/u_reasm/row_ok_reg[240]/CLR
1671  CDC-7   Critical  Asynchronous reset unknown CDC circuitry            0  Asynch Clock Groups  phy_rst_cnt_reg[23]/C  u_eth/u_reasm/row_ok_reg[241]/CLR
1672  CDC-7   Critical  Asynchronous reset unknown CDC circuitry            0  Asynch Clock Groups  phy_rst_cnt_reg[23]/C  u_eth/u_reasm/row_ok_reg[242]/CLR
1673  CDC-7   Critical  Asynchronous reset unknown CDC circuitry            0  Asynch Clock Groups  phy_rst_cnt_reg[23]/C  u_eth/u_reasm/row_ok_reg[243]/CLR
1674  CDC-7   Critical  Asynchronous reset unknown CDC circuitry            0  Asynch Clock Groups  phy_rst_cnt_reg[23]/C  u_eth/u_reasm/row_ok_reg[244]/CLR
1675  CDC-7   Critical  Asynchronous reset unknown CDC circuitry            0  Asynch Clock Groups  phy_rst_cnt_reg[23]/C  u_eth/u_reasm/row_ok_reg[245]/CLR
1676  CDC-7   Critical  Asynchronous reset unknown CDC circuitry            0  Asynch Clock Groups  phy_rst_cnt_reg[23]/C  u_eth/u_reasm/row_ok_reg[246]/CLR
1677  CDC-7   Critical  Asynchronous reset unknown CDC circuitry            0  Asynch Clock Groups  phy_rst_cnt_reg[23]/C  u_eth/u_reasm/row_ok_reg[247]/CLR
1678  CDC-7   Critical  Asynchronous reset unknown CDC circuitry            0  Asynch Clock Groups  phy_rst_cnt_reg[23]/C  u_eth/u_reasm/row_ok_reg[248]/CLR
1679  CDC-7   Critical  Asynchronous reset unknown CDC circuitry            0  Asynch Clock Groups  phy_rst_cnt_reg[23]/C  u_eth/u_reasm/row_ok_reg[249]/CLR
1680  CDC-7   Critical  Asynchronous reset unknown CDC circuitry            0  Asynch Clock Groups  phy_rst_cnt_reg[23]/C  u_eth/u_reasm/row_ok_reg[250]/CLR
1681  CDC-7   Critical  Asynchronous reset unknown CDC circuitry            0  Asynch Clock Groups  phy_rst_cnt_reg[23]/C  u_eth/u_reasm/row_ok_reg[251]/CLR
1682  CDC-7   Critical  Asynchronous reset unknown CDC circuitry            0  Asynch Clock Groups  phy_rst_cnt_reg[23]/C  u_eth/u_reasm/row_ok_reg[252]/CLR
1683  CDC-7   Critical  Asynchronous reset unknown CDC circuitry            0  Asynch Clock Groups  phy_rst_cnt_reg[23]/C  u_eth/u_reasm/row_ok_reg[253]/CLR
1684  CDC-7   Critical  Asynchronous reset unknown CDC circuitry            0  Asynch Clock Groups  phy_rst_cnt_reg[23]/C  u_eth/u_reasm/row_ok_reg[254]/CLR
1685  CDC-7   Critical  Asynchronous reset unknown CDC circuitry            0  Asynch Clock Groups  phy_rst_cnt_reg[23]/C  u_eth/u_reasm/row_ok_reg[255]/CLR
1686  CDC-7   Critical  Asynchronous reset unknown CDC circuitry            0  Asynch Clock Groups  phy_rst_cnt_reg[23]/C  u_eth/u_reasm/row_ok_reg[256]/CLR
1687  CDC-7   Critical  Asynchronous reset unknown CDC circuitry            0  Asynch Clock Groups  phy_rst_cnt_reg[23]/C  u_eth/u_reasm/row_ok_reg[257]/CLR
1688  CDC-7   Critical  Asynchronous reset unknown CDC circuitry            0  Asynch Clock Groups  phy_rst_cnt_reg[23]/C  u_eth/u_reasm/row_ok_reg[258]/CLR
1689  CDC-7   Critical  Asynchronous reset unknown CDC circuitry            0  Asynch Clock Groups  phy_rst_cnt_reg[23]/C  u_eth/u_reasm/row_ok_reg[259]/CLR
1690  CDC-7   Critical  Asynchronous reset unknown CDC circuitry            0  Asynch Clock Groups  phy_rst_cnt_reg[23]/C  u_eth/u_reasm/row_ok_reg[260]/CLR
1691  CDC-7   Critical  Asynchronous reset unknown CDC circuitry            0  Asynch Clock Groups  phy_rst_cnt_reg[23]/C  u_eth/u_reasm/row_ok_reg[261]/CLR
1692  CDC-7   Critical  Asynchronous reset unknown CDC circuitry            0  Asynch Clock Groups  phy_rst_cnt_reg[23]/C  u_eth/u_reasm/row_ok_reg[262]/CLR
1693  CDC-7   Critical  Asynchronous reset unknown CDC circuitry            0  Asynch Clock Groups  phy_rst_cnt_reg[23]/C  u_eth/u_reasm/row_ok_reg[263]/CLR
1694  CDC-7   Critical  Asynchronous reset unknown CDC circuitry            0  Asynch Clock Groups  phy_rst_cnt_reg[23]/C  u_eth/u_reasm/row_ok_reg[264]/CLR
1695  CDC-7   Critical  Asynchronous reset unknown CDC circuitry            0  Asynch Clock Groups  phy_rst_cnt_reg[23]/C  u_eth/u_reasm/row_ok_reg[265]/CLR
1696  CDC-7   Critical  Asynchronous reset unknown CDC circuitry            0  Asynch Clock Groups  phy_rst_cnt_reg[23]/C  u_eth/u_reasm/row_ok_reg[266]/CLR
1697  CDC-7   Critical  Asynchronous reset unknown CDC circuitry            0  Asynch Clock Groups  phy_rst_cnt_reg[23]/C  u_eth/u_reasm/row_ok_reg[267]/CLR
1698  CDC-7   Critical  Asynchronous reset unknown CDC circuitry            0  Asynch Clock Groups  phy_rst_cnt_reg[23]/C  u_eth/u_reasm/row_ok_reg[268]/CLR
1699  CDC-7   Critical  Asynchronous reset unknown CDC circuitry            0  Asynch Clock Groups  phy_rst_cnt_reg[23]/C  u_eth/u_reasm/row_ok_reg[269]/CLR
1700  CDC-7   Critical  Asynchronous reset unknown CDC circuitry            0  Asynch Clock Groups  phy_rst_cnt_reg[23]/C  u_eth/u_reasm/row_ok_reg[270]/CLR
1701  CDC-7   Critical  Asynchronous reset unknown CDC circuitry            0  Asynch Clock Groups  phy_rst_cnt_reg[23]/C  u_eth/u_reasm/row_ok_reg[271]/CLR
1702  CDC-7   Critical  Asynchronous reset unknown CDC circuitry            0  Asynch Clock Groups  phy_rst_cnt_reg[23]/C  u_eth/u_reasm/row_ok_reg[272]/CLR
1703  CDC-7   Critical  Asynchronous reset unknown CDC circuitry            0  Asynch Clock Groups  phy_rst_cnt_reg[23]/C  u_eth/u_reasm/row_ok_reg[273]/CLR
1704  CDC-7   Critical  Asynchronous reset unknown CDC circuitry            0  Asynch Clock Groups  phy_rst_cnt_reg[23]/C  u_eth/u_reasm/row_ok_reg[274]/CLR
1705  CDC-7   Critical  Asynchronous reset unknown CDC circuitry            0  Asynch Clock Groups  phy_rst_cnt_reg[23]/C  u_eth/u_reasm/row_ok_reg[275]/CLR
1706  CDC-7   Critical  Asynchronous reset unknown CDC circuitry            0  Asynch Clock Groups  phy_rst_cnt_reg[23]/C  u_eth/u_reasm/row_ok_reg[276]/CLR
1707  CDC-7   Critical  Asynchronous reset unknown CDC circuitry            0  Asynch Clock Groups  phy_rst_cnt_reg[23]/C  u_eth/u_reasm/row_ok_reg[277]/CLR
1708  CDC-7   Critical  Asynchronous reset unknown CDC circuitry            0  Asynch Clock Groups  phy_rst_cnt_reg[23]/C  u_eth/u_reasm/row_ok_reg[278]/CLR
1709  CDC-7   Critical  Asynchronous reset unknown CDC circuitry            0  Asynch Clock Groups  phy_rst_cnt_reg[23]/C  u_eth/u_reasm/row_ok_reg[279]/CLR
1710  CDC-7   Critical  Asynchronous reset unknown CDC circuitry            0  Asynch Clock Groups  phy_rst_cnt_reg[23]/C  u_eth/u_reasm/row_ok_reg[280]/CLR
1711  CDC-7   Critical  Asynchronous reset unknown CDC circuitry            0  Asynch Clock Groups  phy_rst_cnt_reg[23]/C  u_eth/u_reasm/row_ok_reg[281]/CLR
1712  CDC-7   Critical  Asynchronous reset unknown CDC circuitry            0  Asynch Clock Groups  phy_rst_cnt_reg[23]/C  u_eth/u_reasm/row_ok_reg[282]/CLR
1713  CDC-7   Critical  Asynchronous reset unknown CDC circuitry            0  Asynch Clock Groups  phy_rst_cnt_reg[23]/C  u_eth/u_reasm/row_ok_reg[283]/CLR
1714  CDC-7   Critical  Asynchronous reset unknown CDC circuitry            0  Asynch Clock Groups  phy_rst_cnt_reg[23]/C  u_eth/u_reasm/row_ok_reg[284]/CLR
1715  CDC-7   Critical  Asynchronous reset unknown CDC circuitry            0  Asynch Clock Groups  phy_rst_cnt_reg[23]/C  u_eth/u_reasm/row_ok_reg[285]/CLR
1716  CDC-7   Critical  Asynchronous reset unknown CDC circuitry            0  Asynch Clock Groups  phy_rst_cnt_reg[23]/C  u_eth/u_reasm/row_ok_reg[286]/CLR
1717  CDC-7   Critical  Asynchronous reset unknown CDC circuitry            0  Asynch Clock Groups  phy_rst_cnt_reg[23]/C  u_eth/u_reasm/row_ok_reg[287]/CLR
1718  CDC-7   Critical  Asynchronous reset unknown CDC circuitry            0  Asynch Clock Groups  phy_rst_cnt_reg[23]/C  u_eth/u_reasm/row_ok_reg[288]/CLR
1719  CDC-7   Critical  Asynchronous reset unknown CDC circuitry            0  Asynch Clock Groups  phy_rst_cnt_reg[23]/C  u_eth/u_reasm/row_ok_reg[289]/CLR
1720  CDC-7   Critical  Asynchronous reset unknown CDC circuitry            0  Asynch Clock Groups  phy_rst_cnt_reg[23]/C  u_eth/u_reasm/row_ok_reg[290]/CLR
1721  CDC-7   Critical  Asynchronous reset unknown CDC circuitry            0  Asynch Clock Groups  phy_rst_cnt_reg[23]/C  u_eth/u_reasm/row_ok_reg[291]/CLR
1722  CDC-7   Critical  Asynchronous reset unknown CDC circuitry            0  Asynch Clock Groups  phy_rst_cnt_reg[23]/C  u_eth/u_reasm/row_ok_reg[292]/CLR
1723  CDC-7   Critical  Asynchronous reset unknown CDC circuitry            0  Asynch Clock Groups  phy_rst_cnt_reg[23]/C  u_eth/u_reasm/row_ok_reg[293]/CLR
1724  CDC-7   Critical  Asynchronous reset unknown CDC circuitry            0  Asynch Clock Groups  phy_rst_cnt_reg[23]/C  u_eth/u_reasm/row_ok_reg[294]/CLR
1725  CDC-7   Critical  Asynchronous reset unknown CDC circuitry            0  Asynch Clock Groups  phy_rst_cnt_reg[23]/C  u_eth/u_reasm/row_ok_reg[295]/CLR
1726  CDC-7   Critical  Asynchronous reset unknown CDC circuitry            0  Asynch Clock Groups  phy_rst_cnt_reg[23]/C  u_eth/u_reasm/row_ok_reg[296]/CLR
1727  CDC-7   Critical  Asynchronous reset unknown CDC circuitry            0  Asynch Clock Groups  phy_rst_cnt_reg[23]/C  u_eth/u_reasm/row_ok_reg[297]/CLR
1728  CDC-7   Critical  Asynchronous reset unknown CDC circuitry            0  Asynch Clock Groups  phy_rst_cnt_reg[23]/C  u_eth/u_reasm/row_ok_reg[298]/CLR
1729  CDC-7   Critical  Asynchronous reset unknown CDC circuitry            0  Asynch Clock Groups  phy_rst_cnt_reg[23]/C  u_eth/u_reasm/row_ok_reg[299]/CLR
1730  CDC-15  Warning   Clock enable controlled CDC structure detected      0  Asynch Clock Groups  phy_rst_cnt_reg[23]/C  u_eth/u_reasm/rows_hit_reg[0]/CLR
1731  CDC-15  Warning   Clock enable controlled CDC structure detected      0  Asynch Clock Groups  phy_rst_cnt_reg[23]/C  u_eth/u_reasm/rows_hit_reg[1]/CLR
1732  CDC-15  Warning   Clock enable controlled CDC structure detected      0  Asynch Clock Groups  phy_rst_cnt_reg[23]/C  u_eth/u_reasm/rows_hit_reg[2]/CLR
1733  CDC-15  Warning   Clock enable controlled CDC structure detected      0  Asynch Clock Groups  phy_rst_cnt_reg[23]/C  u_eth/u_reasm/rows_hit_reg[3]/CLR
1734  CDC-15  Warning   Clock enable controlled CDC structure detected      0  Asynch Clock Groups  phy_rst_cnt_reg[23]/C  u_eth/u_reasm/rows_hit_reg[4]/CLR
1735  CDC-15  Warning   Clock enable controlled CDC structure detected      0  Asynch Clock Groups  phy_rst_cnt_reg[23]/C  u_eth/u_reasm/rows_hit_reg[5]/CLR
1736  CDC-15  Warning   Clock enable controlled CDC structure detected      0  Asynch Clock Groups  phy_rst_cnt_reg[23]/C  u_eth/u_reasm/rows_hit_reg[6]/CLR
1737  CDC-15  Warning   Clock enable controlled CDC structure detected      0  Asynch Clock Groups  phy_rst_cnt_reg[23]/C  u_eth/u_reasm/rows_hit_reg[7]/CLR
1738  CDC-15  Warning   Clock enable controlled CDC structure detected      0  Asynch Clock Groups  phy_rst_cnt_reg[23]/C  u_eth/u_reasm/rows_hit_reg[8]/CLR
1739  CDC-15  Warning   Clock enable controlled CDC structure detected      0  Asynch Clock Groups  phy_rst_cnt_reg[23]/C  u_eth/u_reasm/rows_hit_reg[9]/CLR
1740  CDC-15  Warning   Clock enable controlled CDC structure detected      0  Asynch Clock Groups  phy_rst_cnt_reg[23]/C  u_eth/u_reasm/rows_hit_reg[10]/CLR
1741  CDC-15  Warning   Clock enable controlled CDC structure detected      0  Asynch Clock Groups  phy_rst_cnt_reg[23]/C  u_eth/u_reasm/rows_hit_reg[11]/CLR
1742  CDC-15  Warning   Clock enable controlled CDC structure detected      0  Asynch Clock Groups  phy_rst_cnt_reg[23]/C  u_eth/u_reasm/rows_hit_reg[12]/CLR
1743  CDC-15  Warning   Clock enable controlled CDC structure detected      0  Asynch Clock Groups  phy_rst_cnt_reg[23]/C  u_eth/u_reasm/rows_hit_reg[13]/CLR
1744  CDC-15  Warning   Clock enable controlled CDC structure detected      0  Asynch Clock Groups  phy_rst_cnt_reg[23]/C  u_eth/u_reasm/rows_hit_reg[14]/CLR
1745  CDC-15  Warning   Clock enable controlled CDC structure detected      0  Asynch Clock Groups  phy_rst_cnt_reg[23]/C  u_eth/u_reasm/rows_hit_reg[15]/CLR
1746  CDC-15  Warning   Clock enable controlled CDC structure detected      0  Asynch Clock Groups  phy_rst_cnt_reg[23]/C  u_eth/u_reasm/rows_missed_reg[0]/CLR
1747  CDC-15  Warning   Clock enable controlled CDC structure detected      0  Asynch Clock Groups  phy_rst_cnt_reg[23]/C  u_eth/u_reasm/rows_missed_reg[1]/CLR
1748  CDC-15  Warning   Clock enable controlled CDC structure detected      0  Asynch Clock Groups  phy_rst_cnt_reg[23]/C  u_eth/u_reasm/rows_missed_reg[2]/CLR
1749  CDC-15  Warning   Clock enable controlled CDC structure detected      0  Asynch Clock Groups  phy_rst_cnt_reg[23]/C  u_eth/u_reasm/rows_missed_reg[3]/CLR
1750  CDC-15  Warning   Clock enable controlled CDC structure detected      0  Asynch Clock Groups  phy_rst_cnt_reg[23]/C  u_eth/u_reasm/rows_missed_reg[4]/CLR
1751  CDC-15  Warning   Clock enable controlled CDC structure detected      0  Asynch Clock Groups  phy_rst_cnt_reg[23]/C  u_eth/u_reasm/rows_missed_reg[5]/CLR
1752  CDC-15  Warning   Clock enable controlled CDC structure detected      0  Asynch Clock Groups  phy_rst_cnt_reg[23]/C  u_eth/u_reasm/rows_missed_reg[6]/CLR
1753  CDC-15  Warning   Clock enable controlled CDC structure detected      0  Asynch Clock Groups  phy_rst_cnt_reg[23]/C  u_eth/u_reasm/rows_missed_reg[7]/CLR
1754  CDC-15  Warning   Clock enable controlled CDC structure detected      0  Asynch Clock Groups  phy_rst_cnt_reg[23]/C  u_eth/u_reasm/rows_missed_reg[8]/CLR
1755  CDC-7   Critical  Asynchronous reset unknown CDC circuitry            0  Asynch Clock Groups  phy_rst_cnt_reg[23]/C  u_eth/u_reasm/st_reg[0]/CLR
1756  CDC-7   Critical  Asynchronous reset unknown CDC circuitry            0  Asynch Clock Groups  phy_rst_cnt_reg[23]/C  u_eth/u_reasm/st_reg[1]/CLR
1757  CDC-7   Critical  Asynchronous reset unknown CDC circuitry            0  Asynch Clock Groups  phy_rst_cnt_reg[23]/C  u_eth/u_reasm/st_reg[2]/CLR
1758  CDC-15  Warning   Clock enable controlled CDC structure detected      0  Asynch Clock Groups  phy_rst_cnt_reg[23]/C  u_eth/u_reasm/stat_bytes_reg[0]/CLR
1759  CDC-15  Warning   Clock enable controlled CDC structure detected      0  Asynch Clock Groups  phy_rst_cnt_reg[23]/C  u_eth/u_reasm/stat_bytes_reg[1]/CLR
1760  CDC-15  Warning   Clock enable controlled CDC structure detected      0  Asynch Clock Groups  phy_rst_cnt_reg[23]/C  u_eth/u_reasm/stat_bytes_reg[2]/CLR
1761  CDC-15  Warning   Clock enable controlled CDC structure detected      0  Asynch Clock Groups  phy_rst_cnt_reg[23]/C  u_eth/u_reasm/stat_bytes_reg[3]/CLR
1762  CDC-15  Warning   Clock enable controlled CDC structure detected      0  Asynch Clock Groups  phy_rst_cnt_reg[23]/C  u_eth/u_reasm/stat_bytes_reg[4]/CLR
1763  CDC-15  Warning   Clock enable controlled CDC structure detected      0  Asynch Clock Groups  phy_rst_cnt_reg[23]/C  u_eth/u_reasm/stat_bytes_reg[5]/CLR
1764  CDC-15  Warning   Clock enable controlled CDC structure detected      0  Asynch Clock Groups  phy_rst_cnt_reg[23]/C  u_eth/u_reasm/stat_bytes_reg[6]/CLR
1765  CDC-15  Warning   Clock enable controlled CDC structure detected      0  Asynch Clock Groups  phy_rst_cnt_reg[23]/C  u_eth/u_reasm/stat_bytes_reg[7]/CLR
1766  CDC-15  Warning   Clock enable controlled CDC structure detected      0  Asynch Clock Groups  phy_rst_cnt_reg[23]/C  u_eth/u_reasm/stat_bytes_reg[8]/CLR
1767  CDC-15  Warning   Clock enable controlled CDC structure detected      0  Asynch Clock Groups  phy_rst_cnt_reg[23]/C  u_eth/u_reasm/stat_bytes_reg[9]/CLR
1768  CDC-15  Warning   Clock enable controlled CDC structure detected      0  Asynch Clock Groups  phy_rst_cnt_reg[23]/C  u_eth/u_reasm/stat_bytes_reg[10]/CLR
1769  CDC-15  Warning   Clock enable controlled CDC structure detected      0  Asynch Clock Groups  phy_rst_cnt_reg[23]/C  u_eth/u_reasm/stat_bytes_reg[11]/CLR
1770  CDC-15  Warning   Clock enable controlled CDC structure detected      0  Asynch Clock Groups  phy_rst_cnt_reg[23]/C  u_eth/u_reasm/stat_bytes_reg[12]/CLR
1771  CDC-15  Warning   Clock enable controlled CDC structure detected      0  Asynch Clock Groups  phy_rst_cnt_reg[23]/C  u_eth/u_reasm/stat_bytes_reg[13]/CLR
1772  CDC-15  Warning   Clock enable controlled CDC structure detected      0  Asynch Clock Groups  phy_rst_cnt_reg[23]/C  u_eth/u_reasm/stat_bytes_reg[14]/CLR
1773  CDC-15  Warning   Clock enable controlled CDC structure detected      0  Asynch Clock Groups  phy_rst_cnt_reg[23]/C  u_eth/u_reasm/stat_bytes_reg[15]/CLR
1774  CDC-15  Warning   Clock enable controlled CDC structure detected      0  Asynch Clock Groups  phy_rst_cnt_reg[23]/C  u_eth/u_reasm/stat_bytes_reg[16]/CLR
1775  CDC-15  Warning   Clock enable controlled CDC structure detected      0  Asynch Clock Groups  phy_rst_cnt_reg[23]/C  u_eth/u_reasm/stat_bytes_reg[17]/CLR
1776  CDC-15  Warning   Clock enable controlled CDC structure detected      0  Asynch Clock Groups  phy_rst_cnt_reg[23]/C  u_eth/u_reasm/stat_bytes_reg[18]/CLR
1777  CDC-15  Warning   Clock enable controlled CDC structure detected      0  Asynch Clock Groups  phy_rst_cnt_reg[23]/C  u_eth/u_reasm/stat_bytes_reg[19]/CLR
1778  CDC-15  Warning   Clock enable controlled CDC structure detected      0  Asynch Clock Groups  phy_rst_cnt_reg[23]/C  u_eth/u_reasm/stat_bytes_reg[20]/CLR
1779  CDC-15  Warning   Clock enable controlled CDC structure detected      0  Asynch Clock Groups  phy_rst_cnt_reg[23]/C  u_eth/u_reasm/stat_bytes_reg[21]/CLR
1780  CDC-15  Warning   Clock enable controlled CDC structure detected      0  Asynch Clock Groups  phy_rst_cnt_reg[23]/C  u_eth/u_reasm/stat_bytes_reg[22]/CLR
1781  CDC-15  Warning   Clock enable controlled CDC structure detected      0  Asynch Clock Groups  phy_rst_cnt_reg[23]/C  u_eth/u_reasm/stat_bytes_reg[23]/CLR
1782  CDC-15  Warning   Clock enable controlled CDC structure detected      0  Asynch Clock Groups  phy_rst_cnt_reg[23]/C  u_eth/u_reasm/stat_bytes_reg[24]/CLR
1783  CDC-15  Warning   Clock enable controlled CDC structure detected      0  Asynch Clock Groups  phy_rst_cnt_reg[23]/C  u_eth/u_reasm/stat_bytes_reg[25]/CLR
1784  CDC-15  Warning   Clock enable controlled CDC structure detected      0  Asynch Clock Groups  phy_rst_cnt_reg[23]/C  u_eth/u_reasm/stat_bytes_reg[26]/CLR
1785  CDC-15  Warning   Clock enable controlled CDC structure detected      0  Asynch Clock Groups  phy_rst_cnt_reg[23]/C  u_eth/u_reasm/stat_bytes_reg[27]/CLR
1786  CDC-15  Warning   Clock enable controlled CDC structure detected      0  Asynch Clock Groups  phy_rst_cnt_reg[23]/C  u_eth/u_reasm/stat_bytes_reg[28]/CLR
1787  CDC-15  Warning   Clock enable controlled CDC structure detected      0  Asynch Clock Groups  phy_rst_cnt_reg[23]/C  u_eth/u_reasm/stat_bytes_reg[29]/CLR
1788  CDC-15  Warning   Clock enable controlled CDC structure detected      0  Asynch Clock Groups  phy_rst_cnt_reg[23]/C  u_eth/u_reasm/stat_bytes_reg[30]/CLR
1789  CDC-15  Warning   Clock enable controlled CDC structure detected      0  Asynch Clock Groups  phy_rst_cnt_reg[23]/C  u_eth/u_reasm/stat_bytes_reg[31]/CLR
1790  CDC-15  Warning   Clock enable controlled CDC structure detected      0  Asynch Clock Groups  phy_rst_cnt_reg[23]/C  u_eth/u_reasm/stat_pkts_reg[0]/CLR
1791  CDC-15  Warning   Clock enable controlled CDC structure detected      0  Asynch Clock Groups  phy_rst_cnt_reg[23]/C  u_eth/u_reasm/stat_pkts_reg[1]/CLR
1792  CDC-15  Warning   Clock enable controlled CDC structure detected      0  Asynch Clock Groups  phy_rst_cnt_reg[23]/C  u_eth/u_reasm/stat_pkts_reg[2]/CLR
1793  CDC-15  Warning   Clock enable controlled CDC structure detected      0  Asynch Clock Groups  phy_rst_cnt_reg[23]/C  u_eth/u_reasm/stat_pkts_reg[3]/CLR
1794  CDC-15  Warning   Clock enable controlled CDC structure detected      0  Asynch Clock Groups  phy_rst_cnt_reg[23]/C  u_eth/u_reasm/stat_pkts_reg[4]/CLR
1795  CDC-15  Warning   Clock enable controlled CDC structure detected      0  Asynch Clock Groups  phy_rst_cnt_reg[23]/C  u_eth/u_reasm/stat_pkts_reg[5]/CLR
1796  CDC-15  Warning   Clock enable controlled CDC structure detected      0  Asynch Clock Groups  phy_rst_cnt_reg[23]/C  u_eth/u_reasm/stat_pkts_reg[6]/CLR
1797  CDC-15  Warning   Clock enable controlled CDC structure detected      0  Asynch Clock Groups  phy_rst_cnt_reg[23]/C  u_eth/u_reasm/stat_pkts_reg[7]/CLR
1798  CDC-15  Warning   Clock enable controlled CDC structure detected      0  Asynch Clock Groups  phy_rst_cnt_reg[23]/C  u_eth/u_reasm/stat_pkts_reg[8]/CLR
1799  CDC-15  Warning   Clock enable controlled CDC structure detected      0  Asynch Clock Groups  phy_rst_cnt_reg[23]/C  u_eth/u_reasm/stat_pkts_reg[9]/CLR
1800  CDC-15  Warning   Clock enable controlled CDC structure detected      0  Asynch Clock Groups  phy_rst_cnt_reg[23]/C  u_eth/u_reasm/stat_pkts_reg[10]/CLR
1801  CDC-15  Warning   Clock enable controlled CDC structure detected      0  Asynch Clock Groups  phy_rst_cnt_reg[23]/C  u_eth/u_reasm/stat_pkts_reg[11]/CLR
1802  CDC-15  Warning   Clock enable controlled CDC structure detected      0  Asynch Clock Groups  phy_rst_cnt_reg[23]/C  u_eth/u_reasm/stat_pkts_reg[12]/CLR
1803  CDC-15  Warning   Clock enable controlled CDC structure detected      0  Asynch Clock Groups  phy_rst_cnt_reg[23]/C  u_eth/u_reasm/stat_pkts_reg[13]/CLR
1804  CDC-15  Warning   Clock enable controlled CDC structure detected      0  Asynch Clock Groups  phy_rst_cnt_reg[23]/C  u_eth/u_reasm/stat_pkts_reg[14]/CLR
1805  CDC-15  Warning   Clock enable controlled CDC structure detected      0  Asynch Clock Groups  phy_rst_cnt_reg[23]/C  u_eth/u_reasm/stat_pkts_reg[15]/CLR
1806  CDC-15  Warning   Clock enable controlled CDC structure detected      0  Asynch Clock Groups  phy_rst_cnt_reg[23]/C  u_eth/u_reasm/stat_pkts_reg[16]/CLR
1807  CDC-15  Warning   Clock enable controlled CDC structure detected      0  Asynch Clock Groups  phy_rst_cnt_reg[23]/C  u_eth/u_reasm/stat_pkts_reg[17]/CLR
1808  CDC-15  Warning   Clock enable controlled CDC structure detected      0  Asynch Clock Groups  phy_rst_cnt_reg[23]/C  u_eth/u_reasm/stat_pkts_reg[18]/CLR
1809  CDC-15  Warning   Clock enable controlled CDC structure detected      0  Asynch Clock Groups  phy_rst_cnt_reg[23]/C  u_eth/u_reasm/stat_pkts_reg[19]/CLR
1810  CDC-15  Warning   Clock enable controlled CDC structure detected      0  Asynch Clock Groups  phy_rst_cnt_reg[23]/C  u_eth/u_reasm/stat_pkts_reg[20]/CLR
1811  CDC-15  Warning   Clock enable controlled CDC structure detected      0  Asynch Clock Groups  phy_rst_cnt_reg[23]/C  u_eth/u_reasm/stat_pkts_reg[21]/CLR
1812  CDC-15  Warning   Clock enable controlled CDC structure detected      0  Asynch Clock Groups  phy_rst_cnt_reg[23]/C  u_eth/u_reasm/stat_pkts_reg[22]/CLR
1813  CDC-15  Warning   Clock enable controlled CDC structure detected      0  Asynch Clock Groups  phy_rst_cnt_reg[23]/C  u_eth/u_reasm/stat_pkts_reg[23]/CLR
1814  CDC-15  Warning   Clock enable controlled CDC structure detected      0  Asynch Clock Groups  phy_rst_cnt_reg[23]/C  u_eth/u_reasm/stat_pkts_reg[24]/CLR
1815  CDC-15  Warning   Clock enable controlled CDC structure detected      0  Asynch Clock Groups  phy_rst_cnt_reg[23]/C  u_eth/u_reasm/stat_pkts_reg[25]/CLR
1816  CDC-15  Warning   Clock enable controlled CDC structure detected      0  Asynch Clock Groups  phy_rst_cnt_reg[23]/C  u_eth/u_reasm/stat_pkts_reg[26]/CLR
1817  CDC-15  Warning   Clock enable controlled CDC structure detected      0  Asynch Clock Groups  phy_rst_cnt_reg[23]/C  u_eth/u_reasm/stat_pkts_reg[27]/CLR
1818  CDC-15  Warning   Clock enable controlled CDC structure detected      0  Asynch Clock Groups  phy_rst_cnt_reg[23]/C  u_eth/u_reasm/stat_pkts_reg[28]/CLR
1819  CDC-15  Warning   Clock enable controlled CDC structure detected      0  Asynch Clock Groups  phy_rst_cnt_reg[23]/C  u_eth/u_reasm/stat_pkts_reg[29]/CLR
1820  CDC-15  Warning   Clock enable controlled CDC structure detected      0  Asynch Clock Groups  phy_rst_cnt_reg[23]/C  u_eth/u_reasm/stat_pkts_reg[30]/CLR
1821  CDC-15  Warning   Clock enable controlled CDC structure detected      0  Asynch Clock Groups  phy_rst_cnt_reg[23]/C  u_eth/u_reasm/stat_pkts_reg[31]/CLR
1822  CDC-7   Critical  Asynchronous reset unknown CDC circuitry            0  Asynch Clock Groups  phy_rst_cnt_reg[23]/C  u_eth/u_reasm/wr_en_reg/CLR
1823  CDC-7   Critical  Asynchronous reset unknown CDC circuitry            0  Asynch Clock Groups  phy_rst_cnt_reg[23]/C  u_eth/u_rx_mac/FSM_onehot_state_reg[0]/PRE
1824  CDC-7   Critical  Asynchronous reset unknown CDC circuitry            0  Asynch Clock Groups  phy_rst_cnt_reg[23]/C  u_eth/u_rx_mac/FSM_onehot_state_reg[1]/CLR
1825  CDC-7   Critical  Asynchronous reset unknown CDC circuitry            0  Asynch Clock Groups  phy_rst_cnt_reg[23]/C  u_eth/u_rx_mac/FSM_onehot_state_reg[2]/CLR
1826  CDC-15  Warning   Clock enable controlled CDC structure detected      0  Asynch Clock Groups  phy_rst_cnt_reg[23]/C  u_eth/u_rx_mac/cnt_reg[0]/CLR
1827  CDC-15  Warning   Clock enable controlled CDC structure detected      0  Asynch Clock Groups  phy_rst_cnt_reg[23]/C  u_eth/u_rx_mac/cnt_reg[1]/CLR
1828  CDC-15  Warning   Clock enable controlled CDC structure detected      0  Asynch Clock Groups  phy_rst_cnt_reg[23]/C  u_eth/u_rx_mac/cnt_reg[2]/CLR
1829  CDC-15  Warning   Clock enable controlled CDC structure detected      0  Asynch Clock Groups  phy_rst_cnt_reg[23]/C  u_eth/u_rx_mac/cnt_reg[3]/CLR
1830  CDC-15  Warning   Clock enable controlled CDC structure detected      0  Asynch Clock Groups  phy_rst_cnt_reg[23]/C  u_eth/u_rx_mac/cnt_reg[4]/CLR
1831  CDC-15  Warning   Clock enable controlled CDC structure detected      0  Asynch Clock Groups  phy_rst_cnt_reg[23]/C  u_eth/u_rx_mac/cnt_reg[5]/CLR
1832  CDC-15  Warning   Clock enable controlled CDC structure detected      0  Asynch Clock Groups  phy_rst_cnt_reg[23]/C  u_eth/u_rx_mac/cnt_reg[6]/CLR
1833  CDC-15  Warning   Clock enable controlled CDC structure detected      0  Asynch Clock Groups  phy_rst_cnt_reg[23]/C  u_eth/u_rx_mac/cnt_reg[7]/CLR
1834  CDC-15  Warning   Clock enable controlled CDC structure detected      0  Asynch Clock Groups  phy_rst_cnt_reg[23]/C  u_eth/u_rx_mac/cnt_reg[8]/CLR
1835  CDC-15  Warning   Clock enable controlled CDC structure detected      0  Asynch Clock Groups  phy_rst_cnt_reg[23]/C  u_eth/u_rx_mac/cnt_reg[9]/CLR
1836  CDC-15  Warning   Clock enable controlled CDC structure detected      0  Asynch Clock Groups  phy_rst_cnt_reg[23]/C  u_eth/u_rx_mac/cnt_reg[10]/CLR
1837  CDC-15  Warning   Clock enable controlled CDC structure detected      0  Asynch Clock Groups  phy_rst_cnt_reg[23]/C  u_eth/u_rx_mac/cnt_reg[11]/CLR
1838  CDC-15  Warning   Clock enable controlled CDC structure detected      0  Asynch Clock Groups  phy_rst_cnt_reg[23]/C  u_eth/u_rx_mac/cnt_reg[12]/CLR
1839  CDC-15  Warning   Clock enable controlled CDC structure detected      0  Asynch Clock Groups  phy_rst_cnt_reg[23]/C  u_eth/u_rx_mac/cnt_reg[13]/CLR
1840  CDC-15  Warning   Clock enable controlled CDC structure detected      0  Asynch Clock Groups  phy_rst_cnt_reg[23]/C  u_eth/u_rx_mac/cnt_reg[14]/CLR
1841  CDC-15  Warning   Clock enable controlled CDC structure detected      0  Asynch Clock Groups  phy_rst_cnt_reg[23]/C  u_eth/u_rx_mac/cnt_reg[15]/CLR
1842  CDC-7   Critical  Asynchronous reset unknown CDC circuitry            0  Asynch Clock Groups  phy_rst_cnt_reg[23]/C  u_eth/u_rx_mac/m_bad_reg/CLR
1843  CDC-15  Warning   Clock enable controlled CDC structure detected      0  Asynch Clock Groups  phy_rst_cnt_reg[23]/C  u_eth/u_rx_mac/m_data_reg[0]/CLR
1844  CDC-15  Warning   Clock enable controlled CDC structure detected      0  Asynch Clock Groups  phy_rst_cnt_reg[23]/C  u_eth/u_rx_mac/m_data_reg[1]/CLR
1845  CDC-15  Warning   Clock enable controlled CDC structure detected      0  Asynch Clock Groups  phy_rst_cnt_reg[23]/C  u_eth/u_rx_mac/m_data_reg[2]/CLR
1846  CDC-15  Warning   Clock enable controlled CDC structure detected      0  Asynch Clock Groups  phy_rst_cnt_reg[23]/C  u_eth/u_rx_mac/m_data_reg[3]/CLR
1847  CDC-15  Warning   Clock enable controlled CDC structure detected      0  Asynch Clock Groups  phy_rst_cnt_reg[23]/C  u_eth/u_rx_mac/m_data_reg[4]/CLR
1848  CDC-15  Warning   Clock enable controlled CDC structure detected      0  Asynch Clock Groups  phy_rst_cnt_reg[23]/C  u_eth/u_rx_mac/m_data_reg[5]/CLR
1849  CDC-15  Warning   Clock enable controlled CDC structure detected      0  Asynch Clock Groups  phy_rst_cnt_reg[23]/C  u_eth/u_rx_mac/m_data_reg[6]/CLR
1850  CDC-15  Warning   Clock enable controlled CDC structure detected      0  Asynch Clock Groups  phy_rst_cnt_reg[23]/C  u_eth/u_rx_mac/m_data_reg[7]/CLR
1851  CDC-7   Critical  Asynchronous reset unknown CDC circuitry            0  Asynch Clock Groups  phy_rst_cnt_reg[23]/C  u_eth/u_rx_mac/m_eof_reg/CLR
1852  CDC-7   Critical  Asynchronous reset unknown CDC circuitry            0  Asynch Clock Groups  phy_rst_cnt_reg[23]/C  u_eth/u_rx_mac/m_good_reg/CLR
1853  CDC-7   Critical  Asynchronous reset unknown CDC circuitry            0  Asynch Clock Groups  phy_rst_cnt_reg[23]/C  u_eth/u_rx_mac/m_sof_reg/CLR
1854  CDC-7   Critical  Asynchronous reset unknown CDC circuitry            0  Asynch Clock Groups  phy_rst_cnt_reg[23]/C  u_eth/u_rx_mac/m_valid_reg/CLR
1855  CDC-15  Warning   Clock enable controlled CDC structure detected      0  Asynch Clock Groups  phy_rst_cnt_reg[23]/C  u_eth/u_rx_mac/u_crc_rx/crc_data_reg[0]/PRE
1856  CDC-15  Warning   Clock enable controlled CDC structure detected      0  Asynch Clock Groups  phy_rst_cnt_reg[23]/C  u_eth/u_rx_mac/u_crc_rx/crc_data_reg[1]/PRE
1857  CDC-15  Warning   Clock enable controlled CDC structure detected      0  Asynch Clock Groups  phy_rst_cnt_reg[23]/C  u_eth/u_rx_mac/u_crc_rx/crc_data_reg[2]/PRE
1858  CDC-15  Warning   Clock enable controlled CDC structure detected      0  Asynch Clock Groups  phy_rst_cnt_reg[23]/C  u_eth/u_rx_mac/u_crc_rx/crc_data_reg[3]/PRE
1859  CDC-15  Warning   Clock enable controlled CDC structure detected      0  Asynch Clock Groups  phy_rst_cnt_reg[23]/C  u_eth/u_rx_mac/u_crc_rx/crc_data_reg[4]/PRE
1860  CDC-15  Warning   Clock enable controlled CDC structure detected      0  Asynch Clock Groups  phy_rst_cnt_reg[23]/C  u_eth/u_rx_mac/u_crc_rx/crc_data_reg[5]/PRE
1861  CDC-15  Warning   Clock enable controlled CDC structure detected      0  Asynch Clock Groups  phy_rst_cnt_reg[23]/C  u_eth/u_rx_mac/u_crc_rx/crc_data_reg[6]/PRE
1862  CDC-15  Warning   Clock enable controlled CDC structure detected      0  Asynch Clock Groups  phy_rst_cnt_reg[23]/C  u_eth/u_rx_mac/u_crc_rx/crc_data_reg[7]/PRE
1863  CDC-15  Warning   Clock enable controlled CDC structure detected      0  Asynch Clock Groups  phy_rst_cnt_reg[23]/C  u_eth/u_rx_mac/u_crc_rx/crc_data_reg[8]/PRE
1864  CDC-15  Warning   Clock enable controlled CDC structure detected      0  Asynch Clock Groups  phy_rst_cnt_reg[23]/C  u_eth/u_rx_mac/u_crc_rx/crc_data_reg[9]/PRE
1865  CDC-15  Warning   Clock enable controlled CDC structure detected      0  Asynch Clock Groups  phy_rst_cnt_reg[23]/C  u_eth/u_rx_mac/u_crc_rx/crc_data_reg[10]/PRE
1866  CDC-15  Warning   Clock enable controlled CDC structure detected      0  Asynch Clock Groups  phy_rst_cnt_reg[23]/C  u_eth/u_rx_mac/u_crc_rx/crc_data_reg[11]/PRE
1867  CDC-15  Warning   Clock enable controlled CDC structure detected      0  Asynch Clock Groups  phy_rst_cnt_reg[23]/C  u_eth/u_rx_mac/u_crc_rx/crc_data_reg[12]/PRE
1868  CDC-15  Warning   Clock enable controlled CDC structure detected      0  Asynch Clock Groups  phy_rst_cnt_reg[23]/C  u_eth/u_rx_mac/u_crc_rx/crc_data_reg[13]/PRE
1869  CDC-15  Warning   Clock enable controlled CDC structure detected      0  Asynch Clock Groups  phy_rst_cnt_reg[23]/C  u_eth/u_rx_mac/u_crc_rx/crc_data_reg[14]/PRE
1870  CDC-15  Warning   Clock enable controlled CDC structure detected      0  Asynch Clock Groups  phy_rst_cnt_reg[23]/C  u_eth/u_rx_mac/u_crc_rx/crc_data_reg[15]/PRE
1871  CDC-15  Warning   Clock enable controlled CDC structure detected      0  Asynch Clock Groups  phy_rst_cnt_reg[23]/C  u_eth/u_rx_mac/u_crc_rx/crc_data_reg[16]/PRE
1872  CDC-15  Warning   Clock enable controlled CDC structure detected      0  Asynch Clock Groups  phy_rst_cnt_reg[23]/C  u_eth/u_rx_mac/u_crc_rx/crc_data_reg[17]/PRE
1873  CDC-15  Warning   Clock enable controlled CDC structure detected      0  Asynch Clock Groups  phy_rst_cnt_reg[23]/C  u_eth/u_rx_mac/u_crc_rx/crc_data_reg[18]/PRE
1874  CDC-15  Warning   Clock enable controlled CDC structure detected      0  Asynch Clock Groups  phy_rst_cnt_reg[23]/C  u_eth/u_rx_mac/u_crc_rx/crc_data_reg[19]/PRE
1875  CDC-15  Warning   Clock enable controlled CDC structure detected      0  Asynch Clock Groups  phy_rst_cnt_reg[23]/C  u_eth/u_rx_mac/u_crc_rx/crc_data_reg[20]/PRE
1876  CDC-15  Warning   Clock enable controlled CDC structure detected      0  Asynch Clock Groups  phy_rst_cnt_reg[23]/C  u_eth/u_rx_mac/u_crc_rx/crc_data_reg[21]/PRE
1877  CDC-15  Warning   Clock enable controlled CDC structure detected      0  Asynch Clock Groups  phy_rst_cnt_reg[23]/C  u_eth/u_rx_mac/u_crc_rx/crc_data_reg[22]/PRE
1878  CDC-15  Warning   Clock enable controlled CDC structure detected      0  Asynch Clock Groups  phy_rst_cnt_reg[23]/C  u_eth/u_rx_mac/u_crc_rx/crc_data_reg[23]/PRE
1879  CDC-15  Warning   Clock enable controlled CDC structure detected      0  Asynch Clock Groups  phy_rst_cnt_reg[23]/C  u_eth/u_rx_mac/u_crc_rx/crc_data_reg[24]/PRE
1880  CDC-15  Warning   Clock enable controlled CDC structure detected      0  Asynch Clock Groups  phy_rst_cnt_reg[23]/C  u_eth/u_rx_mac/u_crc_rx/crc_data_reg[25]/PRE
1881  CDC-15  Warning   Clock enable controlled CDC structure detected      0  Asynch Clock Groups  phy_rst_cnt_reg[23]/C  u_eth/u_rx_mac/u_crc_rx/crc_data_reg[26]/PRE
1882  CDC-15  Warning   Clock enable controlled CDC structure detected      0  Asynch Clock Groups  phy_rst_cnt_reg[23]/C  u_eth/u_rx_mac/u_crc_rx/crc_data_reg[27]/PRE
1883  CDC-15  Warning   Clock enable controlled CDC structure detected      0  Asynch Clock Groups  phy_rst_cnt_reg[23]/C  u_eth/u_rx_mac/u_crc_rx/crc_data_reg[28]/PRE
1884  CDC-15  Warning   Clock enable controlled CDC structure detected      0  Asynch Clock Groups  phy_rst_cnt_reg[23]/C  u_eth/u_rx_mac/u_crc_rx/crc_data_reg[29]/PRE
1885  CDC-15  Warning   Clock enable controlled CDC structure detected      0  Asynch Clock Groups  phy_rst_cnt_reg[23]/C  u_eth/u_rx_mac/u_crc_rx/crc_data_reg[30]/PRE
1886  CDC-15  Warning   Clock enable controlled CDC structure detected      0  Asynch Clock Groups  phy_rst_cnt_reg[23]/C  u_eth/u_rx_mac/u_crc_rx/crc_data_reg[31]/PRE
1887  CDC-7   Critical  Asynchronous reset unknown CDC circuitry            0  Asynch Clock Groups  phy_rst_cnt_reg[23]/C  u_eth/u_rx_par/accept_reg/CLR
1888  CDC-15  Warning   Clock enable controlled CDC structure detected      0  Asynch Clock Groups  phy_rst_cnt_reg[23]/C  u_eth/u_rx_par/bcnt_reg[0]/CLR
1889  CDC-15  Warning   Clock enable controlled CDC structure detected      0  Asynch Clock Groups  phy_rst_cnt_reg[23]/C  u_eth/u_rx_par/bcnt_reg[1]/CLR
1890  CDC-15  Warning   Clock enable controlled CDC structure detected      0  Asynch Clock Groups  phy_rst_cnt_reg[23]/C  u_eth/u_rx_par/bcnt_reg[2]/CLR
1891  CDC-15  Warning   Clock enable controlled CDC structure detected      0  Asynch Clock Groups  phy_rst_cnt_reg[23]/C  u_eth/u_rx_par/bcnt_reg[3]/CLR
1892  CDC-15  Warning   Clock enable controlled CDC structure detected      0  Asynch Clock Groups  phy_rst_cnt_reg[23]/C  u_eth/u_rx_par/bcnt_reg[4]/CLR
1893  CDC-15  Warning   Clock enable controlled CDC structure detected      0  Asynch Clock Groups  phy_rst_cnt_reg[23]/C  u_eth/u_rx_par/bcnt_reg[5]/CLR
1894  CDC-15  Warning   Clock enable controlled CDC structure detected      0  Asynch Clock Groups  phy_rst_cnt_reg[23]/C  u_eth/u_rx_par/bcnt_reg[6]/CLR
1895  CDC-15  Warning   Clock enable controlled CDC structure detected      0  Asynch Clock Groups  phy_rst_cnt_reg[23]/C  u_eth/u_rx_par/bcnt_reg[7]/CLR
1896  CDC-15  Warning   Clock enable controlled CDC structure detected      0  Asynch Clock Groups  phy_rst_cnt_reg[23]/C  u_eth/u_rx_par/bcnt_reg[8]/CLR
1897  CDC-15  Warning   Clock enable controlled CDC structure detected      0  Asynch Clock Groups  phy_rst_cnt_reg[23]/C  u_eth/u_rx_par/bcnt_reg[9]/CLR
1898  CDC-15  Warning   Clock enable controlled CDC structure detected      0  Asynch Clock Groups  phy_rst_cnt_reg[23]/C  u_eth/u_rx_par/bcnt_reg[10]/CLR
1899  CDC-15  Warning   Clock enable controlled CDC structure detected      0  Asynch Clock Groups  phy_rst_cnt_reg[23]/C  u_eth/u_rx_par/bcnt_reg[11]/CLR
1900  CDC-15  Warning   Clock enable controlled CDC structure detected      0  Asynch Clock Groups  phy_rst_cnt_reg[23]/C  u_eth/u_rx_par/bcnt_reg[12]/CLR
1901  CDC-15  Warning   Clock enable controlled CDC structure detected      0  Asynch Clock Groups  phy_rst_cnt_reg[23]/C  u_eth/u_rx_par/bcnt_reg[13]/CLR
1902  CDC-15  Warning   Clock enable controlled CDC structure detected      0  Asynch Clock Groups  phy_rst_cnt_reg[23]/C  u_eth/u_rx_par/bcnt_reg[14]/CLR
1903  CDC-15  Warning   Clock enable controlled CDC structure detected      0  Asynch Clock Groups  phy_rst_cnt_reg[23]/C  u_eth/u_rx_par/bcnt_reg[15]/CLR
1904  CDC-7   Critical  Asynchronous reset unknown CDC circuitry            0  Asynch Clock Groups  phy_rst_cnt_reg[23]/C  u_eth/u_rx_par/eof_pend_reg/CLR
1905  CDC-7   Critical  Asynchronous reset unknown CDC circuitry            0  Asynch Clock Groups  phy_rst_cnt_reg[23]/C  u_eth/u_rx_par/in_pay_reg/CLR
1906  CDC-7   Critical  Asynchronous reset unknown CDC circuitry            0  Asynch Clock Groups  phy_rst_cnt_reg[23]/C  u_eth/u_rx_par/p_eof_reg/CLR
1907  CDC-7   Critical  Asynchronous reset unknown CDC circuitry            0  Asynch Clock Groups  phy_rst_cnt_reg[23]/C  u_eth/u_rx_par/p_good_reg/CLR
1908  CDC-7   Critical  Asynchronous reset unknown CDC circuitry            0  Asynch Clock Groups  phy_rst_cnt_reg[23]/C  u_eth/u_rx_par/p_sof_reg/CLR
1909  CDC-7   Critical  Asynchronous reset unknown CDC circuitry            0  Asynch Clock Groups  phy_rst_cnt_reg[23]/C  u_eth/u_rx_par/p_valid_reg/CLR

Source Clock: input port clock
Destination Clock: sys_clk
CDC Type: No Common Primary Clock

Row  ID     Severity  Description                                         Depth  Exception   Source (From)  Destination (To)
---  -----  --------  --------------------------------------------------  -----  ----------  -------------  -------------------------
  1  CDC-2  Warning   1-bit synchronized with missing ASYNC_REG property      2  False Path  key1_n         u_pl/u_k1/key_sync0_reg/D
  2  CDC-2  Warning   1-bit synchronized with missing ASYNC_REG property      2  False Path  key2_n         u_pl/u_k2/key_sync0_reg/D

