Copyright 1986-2022 Xilinx, Inc. All Rights Reserved. Copyright 2022-2026 Advanced Micro Devices, Inc. All Rights Reserved.
---------------------------------------------------------------------------------------------------------------------------------------------
| Tool Version : Vivado v.2025.2.1 (win64) Build 6403652 Thu Mar 19 19:48:24 GMT 2026
| Date         : Fri Sep 25 06:40:50 2026
| Host         : Uie-laptop running 64-bit major release  (build 9200)
| Command      : report_timing_summary -file D:/Xilinx/Prj/pro/Video_Processing/build/read_run_timing.rpt -max_paths 3
| Design       : system_top
| Device       : 7z020-clg484
| Speed File   : -2  PRODUCTION 1.12 2019-11-22
| Design State : Physopt postRoute
---------------------------------------------------------------------------------------------------------------------------------------------

Timing Summary Report

------------------------------------------------------------------------------------------------
| Timer Settings
| --------------
------------------------------------------------------------------------------------------------

  Enable Multi Corner Analysis               :  Yes
  Enable Pessimism Removal                   :  Yes
  Pessimism Removal Resolution               :  Nearest Common Node
  Enable Input Delay Default Clock           :  No
  Enable Preset / Clear Arcs                 :  No
  Disable Flight Delays                      :  No
  Ignore I/O Paths                           :  No
  Timing Early Launch at Borrowing Latches   :  No
  Borrow Time for Max Delay Exceptions       :  Yes
  Merge Timing Exceptions                    :  Yes
  Inter-SLR Compensation                     :  Conservative

  Corner  Analyze    Analyze    
  Name    Max Paths  Min Paths  
  ------  ---------  ---------  
  Slow    Yes        Yes        
  Fast    Yes        Yes        


------------------------------------------------------------------------------------------------
| Report Methodology
| ------------------
------------------------------------------------------------------------------------------------

Rule       Severity  Description                                                Violations  
---------  --------  ---------------------------------------------------------  ----------  
DPIR-1     Warning   Asynchronous driver check                                  40          
LUTAR-1    Warning   LUT drives async reset alert                               1           
SYNTH-5    Warning   Mapped onto distributed RAM because of timing constraints  80          
SYNTH-6    Warning   Timing of a RAM block might be sub-optimal                 95          
TIMING-9   Warning   Unknown CDC Logic                                          1           
TIMING-10  Warning   Missing property on synchronizer                           1           
TIMING-18  Warning   Missing input or output delay                              7           

Note: This report is based on the most recent report_methodology run and may not be up-to-date. Run report_methodology on the current design for the latest report.



check_timing report

Table of Contents
-----------------
1. checking no_clock (0)
2. checking constant_clock (0)
3. checking pulse_width_clock (0)
4. checking unconstrained_internal_endpoints (0)
5. checking no_input_delay (7)
6. checking no_output_delay (12)
7. checking multiple_clock (0)
8. checking generated_clocks (0)
9. checking loops (0)
10. checking partial_input_delay (0)
11. checking partial_output_delay (0)
12. checking latch_loops (0)

1. checking no_clock (0)
------------------------
 There are 0 register/latch pins with no clock.


2. checking constant_clock (0)
------------------------------
 There are 0 register/latch pins with constant_clock.


3. checking pulse_width_clock (0)
---------------------------------
 There are 0 register/latch pins which need pulse_width check


4. checking unconstrained_internal_endpoints (0)
------------------------------------------------
 There are 0 pins that are not constrained for maximum delay.

 There are 0 pins that are not constrained for maximum delay due to constant clock.


5. checking no_input_delay (7)
------------------------------
 There are 5 input ports with no input delay specified. (HIGH)

 There are 2 input ports with no input delay but user has a false path constraint. (MEDIUM)


6. checking no_output_delay (12)
--------------------------------
 There are 6 ports with no output delay specified. (HIGH)

 There are 6 ports with no output delay but user has a false path constraint (MEDIUM)

 There are 0 ports with no output delay but with a timing clock defined on it or propagating through it


7. checking multiple_clock (0)
------------------------------
 There are 0 register/latch pins with multiple clocks.


8. checking generated_clocks (0)
--------------------------------
 There are 0 generated clocks that are not connected to a clock source.


9. checking loops (0)
---------------------
 There are 0 combinational loops in the design.


10. checking partial_input_delay (0)
------------------------------------
 There are 0 input ports with partial input delay specified.


11. checking partial_output_delay (0)
-------------------------------------
 There are 0 ports with partial output delay specified.


12. checking latch_loops (0)
----------------------------
 There are 0 combinational latch loops in the design through latch input



------------------------------------------------------------------------------------------------
| Design Timing Summary
| ---------------------
------------------------------------------------------------------------------------------------

    WNS(ns)      TNS(ns)  TNS Failing Endpoints  TNS Total Endpoints      WHS(ns)      THS(ns)  THS Failing Endpoints  THS Total Endpoints     WPWS(ns)     TPWS(ns)  TPWS Failing Endpoints  TPWS Total Endpoints  
    -------      -------  ---------------------  -------------------      -------      -------  ---------------------  -------------------     --------     --------  ----------------------  --------------------  
      0.540        0.000                      0                29527        0.019        0.000                      0                29527        0.264        0.000                       0                 10278  


All user specified timing constraints are met.


------------------------------------------------------------------------------------------------
| Clock Summary
| -------------
------------------------------------------------------------------------------------------------

Clock         Waveform(ns)         Period(ns)      Frequency(MHz)
-----         ------------         ----------      --------------
clk_fpga_0    {0.000 5.000}        10.000          100.000         
eth_rxc       {0.000 4.000}        8.000           125.000         
sys_clk       {0.000 10.000}       20.000          50.000          
  clkfbout    {0.000 10.000}       20.000          50.000          
  clkfbout_1  {0.000 10.000}       20.000          50.000          
  clkout0_1   {0.000 10.000}       20.000          50.000          
  clkout1_1   {0.000 2.000}        4.000           250.000         
  clkout2     {0.000 2.500}        5.000           200.000         


------------------------------------------------------------------------------------------------
| Intra Clock Table
| -----------------
------------------------------------------------------------------------------------------------

Clock             WNS(ns)      TNS(ns)  TNS Failing Endpoints  TNS Total Endpoints      WHS(ns)      THS(ns)  THS Failing Endpoints  THS Total Endpoints     WPWS(ns)     TPWS(ns)  TPWS Failing Endpoints  TPWS Total Endpoints  
-----             -------      -------  ---------------------  -------------------      -------      -------  ---------------------  -------------------     --------     --------  ----------------------  --------------------  
clk_fpga_0          1.018        0.000                      0                15659        0.039        0.000                      0                15659        3.870        0.000                       0                  4332  
eth_rxc             1.009        0.000                      0                 4814        0.019        0.000                      0                 4814        3.500        0.000                       0                  2526  
sys_clk            14.279        0.000                      0                  251        0.121        0.000                      0                  251        7.000        0.000                       0                   183  
  clkfbout                                                                                                                                                     18.408        0.000                       0                     3  
  clkfbout_1                                                                                                                                                   18.408        0.000                       0                     3  
  clkout0_1         0.540        0.000                      0                 8764        0.083        0.000                      0                 8764        8.870        0.000                       0                  3218  
  clkout1_1                                                                                                                                                     2.408        0.000                       0                    10  
  clkout2                                                                                                                                                       0.264        0.000                       0                     3  


------------------------------------------------------------------------------------------------
| Inter Clock Table
| -----------------
------------------------------------------------------------------------------------------------

From Clock    To Clock          WNS(ns)      TNS(ns)  TNS Failing Endpoints  TNS Total Endpoints      WHS(ns)      THS(ns)  THS Failing Endpoints  THS Total Endpoints  
----------    --------          -------      -------  ---------------------  -------------------      -------      -------  ---------------------  -------------------  
clkout0_1     sys_clk            16.986        0.000                      0                    1        0.213        0.000                      0                    1  
sys_clk       clkout0_1           5.001        0.000                      0                  153        0.241        0.000                      0                  153  


------------------------------------------------------------------------------------------------
| Other Path Groups Table
| -----------------------
------------------------------------------------------------------------------------------------

Path Group    From Clock    To Clock          WNS(ns)      TNS(ns)  TNS Failing Endpoints  TNS Total Endpoints      WHS(ns)      THS(ns)  THS Failing Endpoints  THS Total Endpoints  
----------    ----------    --------          -------      -------  ---------------------  -------------------      -------      -------  ---------------------  -------------------  


------------------------------------------------------------------------------------------------
| Timing Details
| --------------
------------------------------------------------------------------------------------------------


---------------------------------------------------------------------------------------------------
From Clock:  clk_fpga_0
  To Clock:  clk_fpga_0

Setup :            0  Failing Endpoints,  Worst Slack        1.018ns,  Total Violation        0.000ns
Hold  :            0  Failing Endpoints,  Worst Slack        0.039ns,  Total Violation        0.000ns
PW    :            0  Failing Endpoints,  Worst Slack        3.870ns,  Total Violation        0.000ns
---------------------------------------------------------------------------------------------------


Max Delay Paths
--------------------------------------------------------------------------------------
Slack (MET) :             1.018ns  (required time - arrival time)
  Source:                 u_pl/u_arb/owner_eth_reg_rep/C
                            (rising edge-triggered cell FDCE clocked by clk_fpga_0  {rise@0.000ns fall@5.000ns period=10.000ns})
  Destination:            u_pl/u_fb/lo_reg_0_34/ADDRARDADDR[5]
                            (rising edge-triggered cell RAMB36E1 clocked by clk_fpga_0  {rise@0.000ns fall@5.000ns period=10.000ns})
  Path Group:             clk_fpga_0
  Path Type:              Setup (Max at Slow Process Corner)
  Requirement:            10.000ns  (clk_fpga_0 rise@10.000ns - clk_fpga_0 rise@0.000ns)
  Data Path Delay:        8.191ns  (logic 0.592ns (7.228%)  route 7.599ns (92.772%))
  Logic Levels:           1  (LUT3=1)
  Clock Path Skew:        0.021ns (DCD - SCD + CPR)
    Destination Clock Delay (DCD):    2.384ns = ( 12.384 - 10.000 ) 
    Source Clock Delay      (SCD):    2.459ns
    Clock Pessimism Removal (CPR):    0.097ns
  Clock Uncertainty:      0.154ns  ((TSJ^2 + TIJ^2)^1/2 + DJ) / 2 + PE
    Total System Jitter     (TSJ):    0.071ns
    Total Input Jitter      (TIJ):    0.300ns
    Discrete Jitter          (DJ):    0.000ns
    Phase Error              (PE):    0.000ns

    Location             Delay type                Incr(ns)  Path(ns)    Netlist Resource(s)
  -------------------------------------------------------------------    -------------------
                         (clock clk_fpga_0 rise edge)
                                                      0.000     0.000 r  
    PS7_X0Y0             PS7                          0.000     0.000 r  u_bd/design_1_i/processing_system7_0/inst/PS7_i/FCLKCLK[0]
                         net (fo=1, routed)           0.994     0.994    u_bd/design_1_i/processing_system7_0/inst/FCLK_CLK_unbuffered[0]
    BUFGCTRL_X0Y16       BUFG (Prop_bufg_I_O)         0.085     1.079 r  u_bd/design_1_i/processing_system7_0/inst/buffer_fclk_clk_0.FCLK_CLK_0_BUFG/O
                         net (fo=4333, routed)        1.380     2.459    u_pl/u_arb/FCLK_CLK0
    SLICE_X45Y67         FDCE                                         r  u_pl/u_arb/owner_eth_reg_rep/C
  -------------------------------------------------------------------    -------------------
    SLICE_X45Y67         FDCE (Prop_fdce_C_Q)         0.348     2.807 r  u_pl/u_arb/owner_eth_reg_rep/Q
                         net (fo=198, routed)         2.130     4.937    u_pl/u_row/lo_reg_0_63
    SLICE_X43Y47         LUT3 (Prop_lut3_I2_O)        0.244     5.181 r  u_pl/u_row/lo_reg_0_0_i_11/O
                         net (fo=20, routed)          5.469    10.650    u_pl/u_fb/hi_reg_0_0[5]
    RAMB36_X5Y2          RAMB36E1                                     r  u_pl/u_fb/lo_reg_0_34/ADDRARDADDR[5]
  -------------------------------------------------------------------    -------------------

                         (clock clk_fpga_0 rise edge)
                                                     10.000    10.000 r  
    PS7_X0Y0             PS7                          0.000    10.000 r  u_bd/design_1_i/processing_system7_0/inst/PS7_i/FCLKCLK[0]
                         net (fo=1, routed)           0.905    10.906    u_bd/design_1_i/processing_system7_0/inst/FCLK_CLK_unbuffered[0]
    BUFGCTRL_X0Y16       BUFG (Prop_bufg_I_O)         0.077    10.983 r  u_bd/design_1_i/processing_system7_0/inst/buffer_fclk_clk_0.FCLK_CLK_0_BUFG/O
                         net (fo=4333, routed)        1.401    12.384    u_pl/u_fb/FCLK_CLK0
    RAMB36_X5Y2          RAMB36E1                                     r  u_pl/u_fb/lo_reg_0_34/CLKARDCLK
                         clock pessimism              0.097    12.480    
                         clock uncertainty           -0.154    12.326    
    RAMB36_X5Y2          RAMB36E1 (Setup_ramb36e1_CLKARDCLK_ADDRARDADDR[5])
                                                     -0.659    11.667    u_pl/u_fb/lo_reg_0_34
  -------------------------------------------------------------------
                         required time                         11.667    
                         arrival time                         -10.650    
  -------------------------------------------------------------------
                         slack                                  1.018    

Slack (MET) :             1.307ns  (required time - arrival time)
  Source:                 u_pl/u_arb/owner_eth_reg_rep/C
                            (rising edge-triggered cell FDCE clocked by clk_fpga_0  {rise@0.000ns fall@5.000ns period=10.000ns})
  Destination:            u_pl/u_fb/lo_reg_0_35/ADDRARDADDR[5]
                            (rising edge-triggered cell RAMB36E1 clocked by clk_fpga_0  {rise@0.000ns fall@5.000ns period=10.000ns})
  Path Group:             clk_fpga_0
  Path Type:              Setup (Max at Slow Process Corner)
  Requirement:            10.000ns  (clk_fpga_0 rise@10.000ns - clk_fpga_0 rise@0.000ns)
  Data Path Delay:        7.898ns  (logic 0.592ns (7.496%)  route 7.306ns (92.504%))
  Logic Levels:           1  (LUT3=1)
  Clock Path Skew:        0.017ns (DCD - SCD + CPR)
    Destination Clock Delay (DCD):    2.380ns = ( 12.380 - 10.000 ) 
    Source Clock Delay      (SCD):    2.459ns
    Clock Pessimism Removal (CPR):    0.097ns
  Clock Uncertainty:      0.154ns  ((TSJ^2 + TIJ^2)^1/2 + DJ) / 2 + PE
    Total System Jitter     (TSJ):    0.071ns
    Total Input Jitter      (TIJ):    0.300ns
    Discrete Jitter          (DJ):    0.000ns
    Phase Error              (PE):    0.000ns

    Location             Delay type                Incr(ns)  Path(ns)    Netlist Resource(s)
  -------------------------------------------------------------------    -------------------
                         (clock clk_fpga_0 rise edge)
                                                      0.000     0.000 r  
    PS7_X0Y0             PS7                          0.000     0.000 r  u_bd/design_1_i/processing_system7_0/inst/PS7_i/FCLKCLK[0]
                         net (fo=1, routed)           0.994     0.994    u_bd/design_1_i/processing_system7_0/inst/FCLK_CLK_unbuffered[0]
    BUFGCTRL_X0Y16       BUFG (Prop_bufg_I_O)         0.085     1.079 r  u_bd/design_1_i/processing_system7_0/inst/buffer_fclk_clk_0.FCLK_CLK_0_BUFG/O
                         net (fo=4333, routed)        1.380     2.459    u_pl/u_arb/FCLK_CLK0
    SLICE_X45Y67         FDCE                                         r  u_pl/u_arb/owner_eth_reg_rep/C
  -------------------------------------------------------------------    -------------------
    SLICE_X45Y67         FDCE (Prop_fdce_C_Q)         0.348     2.807 r  u_pl/u_arb/owner_eth_reg_rep/Q
                         net (fo=198, routed)         2.130     4.937    u_pl/u_row/lo_reg_0_63
    SLICE_X43Y47         LUT3 (Prop_lut3_I2_O)        0.244     5.181 r  u_pl/u_row/lo_reg_0_0_i_11/O
                         net (fo=20, routed)          5.176    10.357    u_pl/u_fb/hi_reg_0_0[5]
    RAMB36_X5Y3          RAMB36E1                                     r  u_pl/u_fb/lo_reg_0_35/ADDRARDADDR[5]
  -------------------------------------------------------------------    -------------------

                         (clock clk_fpga_0 rise edge)
                                                     10.000    10.000 r  
    PS7_X0Y0             PS7                          0.000    10.000 r  u_bd/design_1_i/processing_system7_0/inst/PS7_i/FCLKCLK[0]
                         net (fo=1, routed)           0.905    10.906    u_bd/design_1_i/processing_system7_0/inst/FCLK_CLK_unbuffered[0]
    BUFGCTRL_X0Y16       BUFG (Prop_bufg_I_O)         0.077    10.983 r  u_bd/design_1_i/processing_system7_0/inst/buffer_fclk_clk_0.FCLK_CLK_0_BUFG/O
                         net (fo=4333, routed)        1.397    12.380    u_pl/u_fb/FCLK_CLK0
    RAMB36_X5Y3          RAMB36E1                                     r  u_pl/u_fb/lo_reg_0_35/CLKARDCLK
                         clock pessimism              0.097    12.476    
                         clock uncertainty           -0.154    12.322    
    RAMB36_X5Y3          RAMB36E1 (Setup_ramb36e1_CLKARDCLK_ADDRARDADDR[5])
                                                     -0.659    11.663    u_pl/u_fb/lo_reg_0_35
  -------------------------------------------------------------------
                         required time                         11.663    
                         arrival time                         -10.357    
  -------------------------------------------------------------------
                         slack                                  1.307    

Slack (MET) :             1.315ns  (required time - arrival time)
  Source:                 u_pl/u_arb/owner_eth_reg_rep/C
                            (rising edge-triggered cell FDCE clocked by clk_fpga_0  {rise@0.000ns fall@5.000ns period=10.000ns})
  Destination:            u_pl/u_fb/lo_reg_0_17/ADDRARDADDR[5]
                            (rising edge-triggered cell RAMB36E1 clocked by clk_fpga_0  {rise@0.000ns fall@5.000ns period=10.000ns})
  Path Group:             clk_fpga_0
  Path Type:              Setup (Max at Slow Process Corner)
  Requirement:            10.000ns  (clk_fpga_0 rise@10.000ns - clk_fpga_0 rise@0.000ns)
  Data Path Delay:        7.898ns  (logic 0.592ns (7.496%)  route 7.306ns (92.504%))
  Logic Levels:           1  (LUT3=1)
  Clock Path Skew:        0.025ns (DCD - SCD + CPR)
    Destination Clock Delay (DCD):    2.388ns = ( 12.388 - 10.000 ) 
    Source Clock Delay      (SCD):    2.459ns
    Clock Pessimism Removal (CPR):    0.097ns
  Clock Uncertainty:      0.154ns  ((TSJ^2 + TIJ^2)^1/2 + DJ) / 2 + PE
    Total System Jitter     (TSJ):    0.071ns
    Total Input Jitter      (TIJ):    0.300ns
    Discrete Jitter          (DJ):    0.000ns
    Phase Error              (PE):    0.000ns

    Location             Delay type                Incr(ns)  Path(ns)    Netlist Resource(s)
  -------------------------------------------------------------------    -------------------
                         (clock clk_fpga_0 rise edge)
                                                      0.000     0.000 r  
    PS7_X0Y0             PS7                          0.000     0.000 r  u_bd/design_1_i/processing_system7_0/inst/PS7_i/FCLKCLK[0]
                         net (fo=1, routed)           0.994     0.994    u_bd/design_1_i/processing_system7_0/inst/FCLK_CLK_unbuffered[0]
    BUFGCTRL_X0Y16       BUFG (Prop_bufg_I_O)         0.085     1.079 r  u_bd/design_1_i/processing_system7_0/inst/buffer_fclk_clk_0.FCLK_CLK_0_BUFG/O
                         net (fo=4333, routed)        1.380     2.459    u_pl/u_arb/FCLK_CLK0
    SLICE_X45Y67         FDCE                                         r  u_pl/u_arb/owner_eth_reg_rep/C
  -------------------------------------------------------------------    -------------------
    SLICE_X45Y67         FDCE (Prop_fdce_C_Q)         0.348     2.807 r  u_pl/u_arb/owner_eth_reg_rep/Q
                         net (fo=198, routed)         2.130     4.937    u_pl/u_row/lo_reg_0_63
    SLICE_X43Y47         LUT3 (Prop_lut3_I2_O)        0.244     5.181 r  u_pl/u_row/lo_reg_0_0_i_11/O
                         net (fo=20, routed)          5.176    10.357    u_pl/u_fb/hi_reg_0_0[5]
    RAMB36_X5Y9          RAMB36E1                                     r  u_pl/u_fb/lo_reg_0_17/ADDRARDADDR[5]
  -------------------------------------------------------------------    -------------------

                         (clock clk_fpga_0 rise edge)
                                                     10.000    10.000 r  
    PS7_X0Y0             PS7                          0.000    10.000 r  u_bd/design_1_i/processing_system7_0/inst/PS7_i/FCLKCLK[0]
                         net (fo=1, routed)           0.905    10.906    u_bd/design_1_i/processing_system7_0/inst/FCLK_CLK_unbuffered[0]
    BUFGCTRL_X0Y16       BUFG (Prop_bufg_I_O)         0.077    10.983 r  u_bd/design_1_i/processing_system7_0/inst/buffer_fclk_clk_0.FCLK_CLK_0_BUFG/O
                         net (fo=4333, routed)        1.405    12.388    u_pl/u_fb/FCLK_CLK0
    RAMB36_X5Y9          RAMB36E1                                     r  u_pl/u_fb/lo_reg_0_17/CLKARDCLK
                         clock pessimism              0.097    12.484    
                         clock uncertainty           -0.154    12.330    
    RAMB36_X5Y9          RAMB36E1 (Setup_ramb36e1_CLKARDCLK_ADDRARDADDR[5])
                                                     -0.659    11.671    u_pl/u_fb/lo_reg_0_17
  -------------------------------------------------------------------
                         required time                         11.671    
                         arrival time                         -10.357    
  -------------------------------------------------------------------
                         slack                                  1.315    





Min Delay Paths
--------------------------------------------------------------------------------------
Slack (MET) :             0.039ns  (arrival time - required time)
  Source:                 u_bd/design_1_i/axi_gpio_2/U0/ip2bus_data_i_D1_reg[9]/C
                            (rising edge-triggered cell FDRE clocked by clk_fpga_0  {rise@0.000ns fall@5.000ns period=10.000ns})
  Destination:            u_bd/design_1_i/axi_gpio_2/U0/AXI_LITE_IPIF_I/I_SLAVE_ATTACHMENT/s_axi_rdata_i_reg[22]/D
                            (rising edge-triggered cell FDRE clocked by clk_fpga_0  {rise@0.000ns fall@5.000ns period=10.000ns})
  Path Group:             clk_fpga_0
  Path Type:              Hold (Min at Fast Process Corner)
  Requirement:            0.000ns  (clk_fpga_0 rise@0.000ns - clk_fpga_0 rise@0.000ns)
  Data Path Delay:        0.283ns  (logic 0.141ns (49.871%)  route 0.142ns (50.129%))
  Logic Levels:           0  
  Clock Path Skew:        0.181ns (DCD - SCD - CPR)
    Destination Clock Delay (DCD):    1.187ns
    Source Clock Delay      (SCD):    0.971ns
    Clock Pessimism Removal (CPR):    0.035ns

    Location             Delay type                Incr(ns)  Path(ns)    Netlist Resource(s)
  -------------------------------------------------------------------    -------------------
                         (clock clk_fpga_0 rise edge)
                                                      0.000     0.000 r  
    PS7_X0Y0             PS7                          0.000     0.000 r  u_bd/design_1_i/processing_system7_0/inst/PS7_i/FCLKCLK[0]
                         net (fo=1, routed)           0.310     0.310    u_bd/design_1_i/processing_system7_0/inst/FCLK_CLK_unbuffered[0]
    BUFGCTRL_X0Y16       BUFG (Prop_bufg_I_O)         0.026     0.336 r  u_bd/design_1_i/processing_system7_0/inst/buffer_fclk_clk_0.FCLK_CLK_0_BUFG/O
                         net (fo=4333, routed)        0.635     0.971    u_bd/design_1_i/axi_gpio_2/U0/s_axi_aclk
    SLICE_X51Y100        FDRE                                         r  u_bd/design_1_i/axi_gpio_2/U0/ip2bus_data_i_D1_reg[9]/C
  -------------------------------------------------------------------    -------------------
    SLICE_X51Y100        FDRE (Prop_fdre_C_Q)         0.141     1.112 r  u_bd/design_1_i/axi_gpio_2/U0/ip2bus_data_i_D1_reg[9]/Q
                         net (fo=1, routed)           0.142     1.254    u_bd/design_1_i/axi_gpio_2/U0/AXI_LITE_IPIF_I/I_SLAVE_ATTACHMENT/Q[22]
    SLICE_X50Y98         FDRE                                         r  u_bd/design_1_i/axi_gpio_2/U0/AXI_LITE_IPIF_I/I_SLAVE_ATTACHMENT/s_axi_rdata_i_reg[22]/D
  -------------------------------------------------------------------    -------------------

                         (clock clk_fpga_0 rise edge)
                                                      0.000     0.000 r  
    PS7_X0Y0             PS7                          0.000     0.000 r  u_bd/design_1_i/processing_system7_0/inst/PS7_i/FCLKCLK[0]
                         net (fo=1, routed)           0.337     0.337    u_bd/design_1_i/processing_system7_0/inst/FCLK_CLK_unbuffered[0]
    BUFGCTRL_X0Y16       BUFG (Prop_bufg_I_O)         0.029     0.366 r  u_bd/design_1_i/processing_system7_0/inst/buffer_fclk_clk_0.FCLK_CLK_0_BUFG/O
                         net (fo=4333, routed)        0.821     1.187    u_bd/design_1_i/axi_gpio_2/U0/AXI_LITE_IPIF_I/I_SLAVE_ATTACHMENT/s_axi_aclk
    SLICE_X50Y98         FDRE                                         r  u_bd/design_1_i/axi_gpio_2/U0/AXI_LITE_IPIF_I/I_SLAVE_ATTACHMENT/s_axi_rdata_i_reg[22]/C
                         clock pessimism             -0.035     1.152    
    SLICE_X50Y98         FDRE (Hold_fdre_C_D)         0.063     1.215    u_bd/design_1_i/axi_gpio_2/U0/AXI_LITE_IPIF_I/I_SLAVE_ATTACHMENT/s_axi_rdata_i_reg[22]
  -------------------------------------------------------------------
                         required time                         -1.215    
                         arrival time                           1.254    
  -------------------------------------------------------------------
                         slack                                  0.039    

Slack (MET) :             0.068ns  (arrival time - required time)
  Source:                 u_pl/u_lat/tot_cyc_reg[28]/C
                            (rising edge-triggered cell FDCE clocked by clk_fpga_0  {rise@0.000ns fall@5.000ns period=10.000ns})
  Destination:            u_pl/u_lat/q_tot_reg[28]/D
                            (rising edge-triggered cell FDCE clocked by clk_fpga_0  {rise@0.000ns fall@5.000ns period=10.000ns})
  Path Group:             clk_fpga_0
  Path Type:              Hold (Min at Fast Process Corner)
  Requirement:            0.000ns  (clk_fpga_0 rise@0.000ns - clk_fpga_0 rise@0.000ns)
  Data Path Delay:        0.335ns  (logic 0.128ns (38.242%)  route 0.207ns (61.758%))
  Logic Levels:           0  
  Clock Path Skew:        0.260ns (DCD - SCD - CPR)
    Destination Clock Delay (DCD):    1.181ns
    Source Clock Delay      (SCD):    0.886ns
    Clock Pessimism Removal (CPR):    0.035ns

    Location             Delay type                Incr(ns)  Path(ns)    Netlist Resource(s)
  -------------------------------------------------------------------    -------------------
                         (clock clk_fpga_0 rise edge)
                                                      0.000     0.000 r  
    PS7_X0Y0             PS7                          0.000     0.000 r  u_bd/design_1_i/processing_system7_0/inst/PS7_i/FCLKCLK[0]
                         net (fo=1, routed)           0.310     0.310    u_bd/design_1_i/processing_system7_0/inst/FCLK_CLK_unbuffered[0]
    BUFGCTRL_X0Y16       BUFG (Prop_bufg_I_O)         0.026     0.336 r  u_bd/design_1_i/processing_system7_0/inst/buffer_fclk_clk_0.FCLK_CLK_0_BUFG/O
                         net (fo=4333, routed)        0.550     0.886    u_pl/u_lat/FCLK_CLK0
    SLICE_X48Y83         FDCE                                         r  u_pl/u_lat/tot_cyc_reg[28]/C
  -------------------------------------------------------------------    -------------------
    SLICE_X48Y83         FDCE (Prop_fdce_C_Q)         0.128     1.014 r  u_pl/u_lat/tot_cyc_reg[28]/Q
                         net (fo=1, routed)           0.207     1.220    u_pl/u_lat/tot_cyc_reg_n_0_[28]
    SLICE_X50Y86         FDCE                                         r  u_pl/u_lat/q_tot_reg[28]/D
  -------------------------------------------------------------------    -------------------

                         (clock clk_fpga_0 rise edge)
                                                      0.000     0.000 r  
    PS7_X0Y0             PS7                          0.000     0.000 r  u_bd/design_1_i/processing_system7_0/inst/PS7_i/FCLKCLK[0]
                         net (fo=1, routed)           0.337     0.337    u_bd/design_1_i/processing_system7_0/inst/FCLK_CLK_unbuffered[0]
    BUFGCTRL_X0Y16       BUFG (Prop_bufg_I_O)         0.029     0.366 r  u_bd/design_1_i/processing_system7_0/inst/buffer_fclk_clk_0.FCLK_CLK_0_BUFG/O
                         net (fo=4333, routed)        0.815     1.181    u_pl/u_lat/FCLK_CLK0
    SLICE_X50Y86         FDCE                                         r  u_pl/u_lat/q_tot_reg[28]/C
                         clock pessimism             -0.035     1.146    
    SLICE_X50Y86         FDCE (Hold_fdce_C_D)         0.006     1.152    u_pl/u_lat/q_tot_reg[28]
  -------------------------------------------------------------------
                         required time                         -1.152    
                         arrival time                           1.220    
  -------------------------------------------------------------------
                         slack                                  0.068    

Slack (MET) :             0.074ns  (arrival time - required time)
  Source:                 u_eth/u_saver/wptr_reg[5]/C
                            (rising edge-triggered cell FDCE clocked by clk_fpga_0  {rise@0.000ns fall@5.000ns period=10.000ns})
  Destination:            u_eth/u_saver/q_data_reg_320_383_42_44/RAMA/WADR5
                            (rising edge-triggered cell RAMD64E clocked by clk_fpga_0  {rise@0.000ns fall@5.000ns period=10.000ns})
  Path Group:             clk_fpga_0
  Path Type:              Hold (Min at Fast Process Corner)
  Requirement:            0.000ns  (clk_fpga_0 rise@0.000ns - clk_fpga_0 rise@0.000ns)
  Data Path Delay:        0.277ns  (logic 0.141ns (50.838%)  route 0.136ns (49.162%))
  Logic Levels:           0  
  Clock Path Skew:        0.033ns (DCD - SCD - CPR)
    Destination Clock Delay (DCD):    1.210ns
    Source Clock Delay      (SCD):    0.913ns
    Clock Pessimism Removal (CPR):    0.264ns

    Location             Delay type                Incr(ns)  Path(ns)    Netlist Resource(s)
  -------------------------------------------------------------------    -------------------
                         (clock clk_fpga_0 rise edge)
                                                      0.000     0.000 r  
    PS7_X0Y0             PS7                          0.000     0.000 r  u_bd/design_1_i/processing_system7_0/inst/PS7_i/FCLKCLK[0]
                         net (fo=1, routed)           0.310     0.310    u_bd/design_1_i/processing_system7_0/inst/FCLK_CLK_unbuffered[0]
    BUFGCTRL_X0Y16       BUFG (Prop_bufg_I_O)         0.026     0.336 r  u_bd/design_1_i/processing_system7_0/inst/buffer_fclk_clk_0.FCLK_CLK_0_BUFG/O
                         net (fo=4333, routed)        0.577     0.913    u_eth/u_saver/FCLK_CLK0
    SLICE_X28Y50         FDCE                                         r  u_eth/u_saver/wptr_reg[5]/C
  -------------------------------------------------------------------    -------------------
    SLICE_X28Y50         FDCE (Prop_fdce_C_Q)         0.141     1.054 r  u_eth/u_saver/wptr_reg[5]/Q
                         net (fo=1165, routed)        0.136     1.190    u_eth/u_saver/q_data_reg_320_383_42_44/ADDRD5
    SLICE_X26Y50         RAMD64E                                      r  u_eth/u_saver/q_data_reg_320_383_42_44/RAMA/WADR5
  -------------------------------------------------------------------    -------------------

                         (clock clk_fpga_0 rise edge)
                                                      0.000     0.000 r  
    PS7_X0Y0             PS7                          0.000     0.000 r  u_bd/design_1_i/processing_system7_0/inst/PS7_i/FCLKCLK[0]
                         net (fo=1, routed)           0.337     0.337    u_bd/design_1_i/processing_system7_0/inst/FCLK_CLK_unbuffered[0]
    BUFGCTRL_X0Y16       BUFG (Prop_bufg_I_O)         0.029     0.366 r  u_bd/design_1_i/processing_system7_0/inst/buffer_fclk_clk_0.FCLK_CLK_0_BUFG/O
                         net (fo=4333, routed)        0.844     1.210    u_eth/u_saver/q_data_reg_320_383_42_44/WCLK
    SLICE_X26Y50         RAMD64E                                      r  u_eth/u_saver/q_data_reg_320_383_42_44/RAMA/CLK
                         clock pessimism             -0.264     0.946    
    SLICE_X26Y50         RAMD64E (Hold_ramd64e_CLK_WADR5)
                                                      0.170     1.116    u_eth/u_saver/q_data_reg_320_383_42_44/RAMA
  -------------------------------------------------------------------
                         required time                         -1.116    
                         arrival time                           1.190    
  -------------------------------------------------------------------
                         slack                                  0.074    





Pulse Width Checks
--------------------------------------------------------------------------------------
Clock Name:         clk_fpga_0
Waveform(ns):       { 0.000 5.000 }
Period(ns):         10.000
Sources:            { u_bd/design_1_i/processing_system7_0/inst/PS7_i/FCLKCLK[0] }

Check Type        Corner  Lib Pin             Reference Pin  Required(ns)  Actual(ns)  Slack(ns)  Location      Pin
Min Period        n/a     RAMB36E1/CLKBWRCLK  n/a            2.170         10.000      7.830      RAMB36_X2Y9   u_eth/u_cdc/mem_reg_0/CLKBWRCLK
Min Period        n/a     RAMB36E1/CLKBWRCLK  n/a            2.170         10.000      7.830      RAMB36_X3Y8   u_eth/u_cdc/mem_reg_1/CLKBWRCLK
Min Period        n/a     RAMB36E1/CLKBWRCLK  n/a            2.170         10.000      7.830      RAMB36_X2Y10  u_eth/u_cdc/mem_reg_2/CLKBWRCLK
Low Pulse Width   Slow    RAMD64E/CLK         n/a            1.130         5.000       3.870      SLICE_X32Y35  u_eth/u_saver/q_addr_reg_0_63_12_14/RAMA/CLK
Low Pulse Width   Fast    RAMD64E/CLK         n/a            1.130         5.000       3.870      SLICE_X32Y35  u_eth/u_saver/q_addr_reg_0_63_12_14/RAMA/CLK
Low Pulse Width   Slow    RAMD64E/CLK         n/a            1.130         5.000       3.870      SLICE_X32Y35  u_eth/u_saver/q_addr_reg_0_63_12_14/RAMB/CLK
High Pulse Width  Slow    RAMD64E/CLK         n/a            1.130         5.000       3.870      SLICE_X32Y35  u_eth/u_saver/q_addr_reg_0_63_12_14/RAMA/CLK
High Pulse Width  Fast    RAMD64E/CLK         n/a            1.130         5.000       3.870      SLICE_X32Y35  u_eth/u_saver/q_addr_reg_0_63_12_14/RAMA/CLK
High Pulse Width  Slow    RAMD64E/CLK         n/a            1.130         5.000       3.870      SLICE_X32Y35  u_eth/u_saver/q_addr_reg_0_63_12_14/RAMB/CLK



---------------------------------------------------------------------------------------------------
From Clock:  eth_rxc
  To Clock:  eth_rxc

Setup :            0  Failing Endpoints,  Worst Slack        1.009ns,  Total Violation        0.000ns
Hold  :            0  Failing Endpoints,  Worst Slack        0.019ns,  Total Violation        0.000ns
PW    :            0  Failing Endpoints,  Worst Slack        3.500ns,  Total Violation        0.000ns
---------------------------------------------------------------------------------------------------


Max Delay Paths
--------------------------------------------------------------------------------------
Slack (MET) :             1.009ns  (required time - arrival time)
  Source:                 u_eth/u_lm/ms_last32_reg[1]/C
                            (rising edge-triggered cell FDCE clocked by eth_rxc  {rise@0.000ns fall@4.000ns period=8.000ns})
  Destination:            u_eth/u_lm/gap_min_reg[3]/CE
                            (rising edge-triggered cell FDCE clocked by eth_rxc  {rise@0.000ns fall@4.000ns period=8.000ns})
  Path Group:             eth_rxc
  Path Type:              Setup (Max at Slow Process Corner)
  Requirement:            8.000ns  (eth_rxc rise@8.000ns - eth_rxc rise@0.000ns)
  Data Path Delay:        6.558ns  (logic 2.622ns (39.980%)  route 3.936ns (60.020%))
  Logic Levels:           12  (CARRY4=7 LUT2=1 LUT4=2 LUT5=2)
  Clock Path Skew:        -0.060ns (DCD - SCD + CPR)
    Destination Clock Delay (DCD):    4.404ns = ( 12.404 - 8.000 ) 
    Source Clock Delay      (SCD):    4.806ns
    Clock Pessimism Removal (CPR):    0.342ns
  Clock Uncertainty:      0.035ns  ((TSJ^2 + TIJ^2)^1/2 + DJ) / 2 + PE
    Total System Jitter     (TSJ):    0.071ns
    Total Input Jitter      (TIJ):    0.000ns
    Discrete Jitter          (DJ):    0.000ns
    Phase Error              (PE):    0.000ns

    Location             Delay type                Incr(ns)  Path(ns)    Netlist Resource(s)
  -------------------------------------------------------------------    -------------------
                         (clock eth_rxc rise edge)    0.000     0.000 r  
    Y19                                               0.000     0.000 r  eth_rxc (IN)
                         net (fo=0)                   0.000     0.000    eth_rxc
    Y19                  IBUF (Prop_ibuf_I_O)         1.430     1.430 r  eth_rxc_IBUF_inst/O
                         net (fo=2, routed)           1.873     3.303    u_eth/u_rgmii/u_rgmii_rx/rgmii_rxc
    BUFGCTRL_X0Y1        BUFG (Prop_bufg_I_O)         0.085     3.388 r  u_eth/u_rgmii/u_rgmii_rx/BUFG_inst/O
                         net (fo=2520, routed)        1.418     4.806    u_eth/u_lm/gmii_rx_clk
    SLICE_X27Y80         FDCE                                         r  u_eth/u_lm/ms_last32_reg[1]/C
  -------------------------------------------------------------------    -------------------
    SLICE_X27Y80         FDCE (Prop_fdce_C_Q)         0.379     5.185 r  u_eth/u_lm/ms_last32_reg[1]/Q
                         net (fo=1, routed)           0.525     5.710    u_eth/u_lm/ms_last32[1]
    SLICE_X29Y80         LUT2 (Prop_lut2_I1_O)        0.105     5.815 r  u_eth/u_lm/gap_min[3]_i_5/O
                         net (fo=1, routed)           0.000     5.815    u_eth/u_lm/gap_min[3]_i_5_n_0
    SLICE_X29Y80         CARRY4 (Prop_carry4_S[1]_CO[3])
                                                      0.457     6.272 r  u_eth/u_lm/gap_min_reg[3]_i_2/CO[3]
                         net (fo=1, routed)           0.000     6.272    u_eth/u_lm/gap_min_reg[3]_i_2_n_0
    SLICE_X29Y81         CARRY4 (Prop_carry4_CI_CO[3])
                                                      0.098     6.370 r  u_eth/u_lm/gap_min_reg[7]_i_2/CO[3]
                         net (fo=1, routed)           0.000     6.370    u_eth/u_lm/gap_min_reg[7]_i_2_n_0
    SLICE_X29Y82         CARRY4 (Prop_carry4_CI_CO[3])
                                                      0.098     6.468 r  u_eth/u_lm/gap_min_reg[11]_i_2/CO[3]
                         net (fo=1, routed)           0.000     6.468    u_eth/u_lm/gap_min_reg[11]_i_2_n_0
    SLICE_X29Y83         CARRY4 (Prop_carry4_CI_CO[3])
                                                      0.098     6.566 r  u_eth/u_lm/gap_min_reg[15]_i_5/CO[3]
                         net (fo=1, routed)           0.000     6.566    u_eth/u_lm/gap_min_reg[15]_i_5_n_0
    SLICE_X29Y84         CARRY4 (Prop_carry4_CI_O[1])
                                                      0.265     6.831 r  u_eth/u_lm/gap_min_reg[15]_i_33/O[1]
                         net (fo=1, routed)           0.669     7.499    u_eth/u_lm/gap_min_reg[15]_i_33_n_6
    SLICE_X28Y85         LUT4 (Prop_lut4_I2_O)        0.250     7.749 r  u_eth/u_lm/gap_min[15]_i_15/O
                         net (fo=1, routed)           0.510     8.260    u_eth/u_lm/gap_min[15]_i_15_n_0
    SLICE_X28Y84         LUT4 (Prop_lut4_I0_O)        0.105     8.365 r  u_eth/u_lm/gap_min[15]_i_4/O
                         net (fo=96, routed)          0.811     9.175    u_eth/u_lm/gap_min[15]_i_4_n_0
    SLICE_X27Y73         LUT5 (Prop_lut5_I1_O)        0.105     9.280 r  u_eth/u_lm/gap_min[15]_i_29/O
                         net (fo=1, routed)           0.000     9.280    u_eth/u_lm/gap_min[15]_i_29_n_0
    SLICE_X27Y73         CARRY4 (Prop_carry4_S[1]_CO[3])
                                                      0.457     9.737 r  u_eth/u_lm/gap_min_reg[15]_i_6/CO[3]
                         net (fo=1, routed)           0.000     9.737    u_eth/u_lm/gap_min_reg[15]_i_6_n_0
    SLICE_X27Y74         CARRY4 (Prop_carry4_CI_CO[3])
                                                      0.098     9.835 r  u_eth/u_lm/gap_min_reg[15]_i_3/CO[3]
                         net (fo=17, routed)          0.829    10.664    u_eth/u_lm/gap_min_reg[15]_i_3_n_0
    SLICE_X27Y75         LUT5 (Prop_lut5_I2_O)        0.107    10.771 r  u_eth/u_lm/gap_min[15]_i_1/O
                         net (fo=16, routed)          0.593    11.364    u_eth/u_lm/gap_min[15]_i_1_n_0
    SLICE_X27Y72         FDCE                                         r  u_eth/u_lm/gap_min_reg[3]/CE
  -------------------------------------------------------------------    -------------------

                         (clock eth_rxc rise edge)    8.000     8.000 r  
    Y19                                               0.000     8.000 r  eth_rxc (IN)
                         net (fo=0)                   0.000     8.000    eth_rxc
    Y19                  IBUF (Prop_ibuf_I_O)         1.364     9.364 r  eth_rxc_IBUF_inst/O
                         net (fo=2, routed)           1.701    11.065    u_eth/u_rgmii/u_rgmii_rx/rgmii_rxc
    BUFGCTRL_X0Y1        BUFG (Prop_bufg_I_O)         0.077    11.142 r  u_eth/u_rgmii/u_rgmii_rx/BUFG_inst/O
                         net (fo=2520, routed)        1.262    12.404    u_eth/u_lm/gmii_rx_clk
    SLICE_X27Y72         FDCE                                         r  u_eth/u_lm/gap_min_reg[3]/C
                         clock pessimism              0.342    12.746    
                         clock uncertainty           -0.035    12.710    
    SLICE_X27Y72         FDCE (Setup_fdce_C_CE)      -0.337    12.373    u_eth/u_lm/gap_min_reg[3]
  -------------------------------------------------------------------
                         required time                         12.373    
                         arrival time                         -11.364    
  -------------------------------------------------------------------
                         slack                                  1.009    

Slack (MET) :             1.009ns  (required time - arrival time)
  Source:                 u_eth/u_lm/ms_last32_reg[1]/C
                            (rising edge-triggered cell FDCE clocked by eth_rxc  {rise@0.000ns fall@4.000ns period=8.000ns})
  Destination:            u_eth/u_lm/gap_min_reg[5]/CE
                            (rising edge-triggered cell FDCE clocked by eth_rxc  {rise@0.000ns fall@4.000ns period=8.000ns})
  Path Group:             eth_rxc
  Path Type:              Setup (Max at Slow Process Corner)
  Requirement:            8.000ns  (eth_rxc rise@8.000ns - eth_rxc rise@0.000ns)
  Data Path Delay:        6.558ns  (logic 2.622ns (39.980%)  route 3.936ns (60.020%))
  Logic Levels:           12  (CARRY4=7 LUT2=1 LUT4=2 LUT5=2)
  Clock Path Skew:        -0.060ns (DCD - SCD + CPR)
    Destination Clock Delay (DCD):    4.404ns = ( 12.404 - 8.000 ) 
    Source Clock Delay      (SCD):    4.806ns
    Clock Pessimism Removal (CPR):    0.342ns
  Clock Uncertainty:      0.035ns  ((TSJ^2 + TIJ^2)^1/2 + DJ) / 2 + PE
    Total System Jitter     (TSJ):    0.071ns
    Total Input Jitter      (TIJ):    0.000ns
    Discrete Jitter          (DJ):    0.000ns
    Phase Error              (PE):    0.000ns

    Location             Delay type                Incr(ns)  Path(ns)    Netlist Resource(s)
  -------------------------------------------------------------------    -------------------
                         (clock eth_rxc rise edge)    0.000     0.000 r  
    Y19                                               0.000     0.000 r  eth_rxc (IN)
                         net (fo=0)                   0.000     0.000    eth_rxc
    Y19                  IBUF (Prop_ibuf_I_O)         1.430     1.430 r  eth_rxc_IBUF_inst/O
                         net (fo=2, routed)           1.873     3.303    u_eth/u_rgmii/u_rgmii_rx/rgmii_rxc
    BUFGCTRL_X0Y1        BUFG (Prop_bufg_I_O)         0.085     3.388 r  u_eth/u_rgmii/u_rgmii_rx/BUFG_inst/O
                         net (fo=2520, routed)        1.418     4.806    u_eth/u_lm/gmii_rx_clk
    SLICE_X27Y80         FDCE                                         r  u_eth/u_lm/ms_last32_reg[1]/C
  -------------------------------------------------------------------    -------------------
    SLICE_X27Y80         FDCE (Prop_fdce_C_Q)         0.379     5.185 r  u_eth/u_lm/ms_last32_reg[1]/Q
                         net (fo=1, routed)           0.525     5.710    u_eth/u_lm/ms_last32[1]
    SLICE_X29Y80         LUT2 (Prop_lut2_I1_O)        0.105     5.815 r  u_eth/u_lm/gap_min[3]_i_5/O
                         net (fo=1, routed)           0.000     5.815    u_eth/u_lm/gap_min[3]_i_5_n_0
    SLICE_X29Y80         CARRY4 (Prop_carry4_S[1]_CO[3])
                                                      0.457     6.272 r  u_eth/u_lm/gap_min_reg[3]_i_2/CO[3]
                         net (fo=1, routed)           0.000     6.272    u_eth/u_lm/gap_min_reg[3]_i_2_n_0
    SLICE_X29Y81         CARRY4 (Prop_carry4_CI_CO[3])
                                                      0.098     6.370 r  u_eth/u_lm/gap_min_reg[7]_i_2/CO[3]
                         net (fo=1, routed)           0.000     6.370    u_eth/u_lm/gap_min_reg[7]_i_2_n_0
    SLICE_X29Y82         CARRY4 (Prop_carry4_CI_CO[3])
                                                      0.098     6.468 r  u_eth/u_lm/gap_min_reg[11]_i_2/CO[3]
                         net (fo=1, routed)           0.000     6.468    u_eth/u_lm/gap_min_reg[11]_i_2_n_0
    SLICE_X29Y83         CARRY4 (Prop_carry4_CI_CO[3])
                                                      0.098     6.566 r  u_eth/u_lm/gap_min_reg[15]_i_5/CO[3]
                         net (fo=1, routed)           0.000     6.566    u_eth/u_lm/gap_min_reg[15]_i_5_n_0
    SLICE_X29Y84         CARRY4 (Prop_carry4_CI_O[1])
                                                      0.265     6.831 r  u_eth/u_lm/gap_min_reg[15]_i_33/O[1]
                         net (fo=1, routed)           0.669     7.499    u_eth/u_lm/gap_min_reg[15]_i_33_n_6
    SLICE_X28Y85         LUT4 (Prop_lut4_I2_O)        0.250     7.749 r  u_eth/u_lm/gap_min[15]_i_15/O
                         net (fo=1, routed)           0.510     8.260    u_eth/u_lm/gap_min[15]_i_15_n_0
    SLICE_X28Y84         LUT4 (Prop_lut4_I0_O)        0.105     8.365 r  u_eth/u_lm/gap_min[15]_i_4/O
                         net (fo=96, routed)          0.811     9.175    u_eth/u_lm/gap_min[15]_i_4_n_0
    SLICE_X27Y73         LUT5 (Prop_lut5_I1_O)        0.105     9.280 r  u_eth/u_lm/gap_min[15]_i_29/O
                         net (fo=1, routed)           0.000     9.280    u_eth/u_lm/gap_min[15]_i_29_n_0
    SLICE_X27Y73         CARRY4 (Prop_carry4_S[1]_CO[3])
                                                      0.457     9.737 r  u_eth/u_lm/gap_min_reg[15]_i_6/CO[3]
                         net (fo=1, routed)           0.000     9.737    u_eth/u_lm/gap_min_reg[15]_i_6_n_0
    SLICE_X27Y74         CARRY4 (Prop_carry4_CI_CO[3])
                                                      0.098     9.835 r  u_eth/u_lm/gap_min_reg[15]_i_3/CO[3]
                         net (fo=17, routed)          0.829    10.664    u_eth/u_lm/gap_min_reg[15]_i_3_n_0
    SLICE_X27Y75         LUT5 (Prop_lut5_I2_O)        0.107    10.771 r  u_eth/u_lm/gap_min[15]_i_1/O
                         net (fo=16, routed)          0.593    11.364    u_eth/u_lm/gap_min[15]_i_1_n_0
    SLICE_X27Y72         FDCE                                         r  u_eth/u_lm/gap_min_reg[5]/CE
  -------------------------------------------------------------------    -------------------

                         (clock eth_rxc rise edge)    8.000     8.000 r  
    Y19                                               0.000     8.000 r  eth_rxc (IN)
                         net (fo=0)                   0.000     8.000    eth_rxc
    Y19                  IBUF (Prop_ibuf_I_O)         1.364     9.364 r  eth_rxc_IBUF_inst/O
                         net (fo=2, routed)           1.701    11.065    u_eth/u_rgmii/u_rgmii_rx/rgmii_rxc
    BUFGCTRL_X0Y1        BUFG (Prop_bufg_I_O)         0.077    11.142 r  u_eth/u_rgmii/u_rgmii_rx/BUFG_inst/O
                         net (fo=2520, routed)        1.262    12.404    u_eth/u_lm/gmii_rx_clk
    SLICE_X27Y72         FDCE                                         r  u_eth/u_lm/gap_min_reg[5]/C
                         clock pessimism              0.342    12.746    
                         clock uncertainty           -0.035    12.710    
    SLICE_X27Y72         FDCE (Setup_fdce_C_CE)      -0.337    12.373    u_eth/u_lm/gap_min_reg[5]
  -------------------------------------------------------------------
                         required time                         12.373    
                         arrival time                         -11.364    
  -------------------------------------------------------------------
                         slack                                  1.009    

Slack (MET) :             1.009ns  (required time - arrival time)
  Source:                 u_eth/u_lm/ms_last32_reg[1]/C
                            (rising edge-triggered cell FDCE clocked by eth_rxc  {rise@0.000ns fall@4.000ns period=8.000ns})
  Destination:            u_eth/u_lm/gap_min_reg[6]/CE
                            (rising edge-triggered cell FDCE clocked by eth_rxc  {rise@0.000ns fall@4.000ns period=8.000ns})
  Path Group:             eth_rxc
  Path Type:              Setup (Max at Slow Process Corner)
  Requirement:            8.000ns  (eth_rxc rise@8.000ns - eth_rxc rise@0.000ns)
  Data Path Delay:        6.558ns  (logic 2.622ns (39.980%)  route 3.936ns (60.020%))
  Logic Levels:           12  (CARRY4=7 LUT2=1 LUT4=2 LUT5=2)
  Clock Path Skew:        -0.060ns (DCD - SCD + CPR)
    Destination Clock Delay (DCD):    4.404ns = ( 12.404 - 8.000 ) 
    Source Clock Delay      (SCD):    4.806ns
    Clock Pessimism Removal (CPR):    0.342ns
  Clock Uncertainty:      0.035ns  ((TSJ^2 + TIJ^2)^1/2 + DJ) / 2 + PE
    Total System Jitter     (TSJ):    0.071ns
    Total Input Jitter      (TIJ):    0.000ns
    Discrete Jitter          (DJ):    0.000ns
    Phase Error              (PE):    0.000ns

    Location             Delay type                Incr(ns)  Path(ns)    Netlist Resource(s)
  -------------------------------------------------------------------    -------------------
                         (clock eth_rxc rise edge)    0.000     0.000 r  
    Y19                                               0.000     0.000 r  eth_rxc (IN)
                         net (fo=0)                   0.000     0.000    eth_rxc
    Y19                  IBUF (Prop_ibuf_I_O)         1.430     1.430 r  eth_rxc_IBUF_inst/O
                         net (fo=2, routed)           1.873     3.303    u_eth/u_rgmii/u_rgmii_rx/rgmii_rxc
    BUFGCTRL_X0Y1        BUFG (Prop_bufg_I_O)         0.085     3.388 r  u_eth/u_rgmii/u_rgmii_rx/BUFG_inst/O
                         net (fo=2520, routed)        1.418     4.806    u_eth/u_lm/gmii_rx_clk
    SLICE_X27Y80         FDCE                                         r  u_eth/u_lm/ms_last32_reg[1]/C
  -------------------------------------------------------------------    -------------------
    SLICE_X27Y80         FDCE (Prop_fdce_C_Q)         0.379     5.185 r  u_eth/u_lm/ms_last32_reg[1]/Q
                         net (fo=1, routed)           0.525     5.710    u_eth/u_lm/ms_last32[1]
    SLICE_X29Y80         LUT2 (Prop_lut2_I1_O)        0.105     5.815 r  u_eth/u_lm/gap_min[3]_i_5/O
                         net (fo=1, routed)           0.000     5.815    u_eth/u_lm/gap_min[3]_i_5_n_0
    SLICE_X29Y80         CARRY4 (Prop_carry4_S[1]_CO[3])
                                                      0.457     6.272 r  u_eth/u_lm/gap_min_reg[3]_i_2/CO[3]
                         net (fo=1, routed)           0.000     6.272    u_eth/u_lm/gap_min_reg[3]_i_2_n_0
    SLICE_X29Y81         CARRY4 (Prop_carry4_CI_CO[3])
                                                      0.098     6.370 r  u_eth/u_lm/gap_min_reg[7]_i_2/CO[3]
                         net (fo=1, routed)           0.000     6.370    u_eth/u_lm/gap_min_reg[7]_i_2_n_0
    SLICE_X29Y82         CARRY4 (Prop_carry4_CI_CO[3])
                                                      0.098     6.468 r  u_eth/u_lm/gap_min_reg[11]_i_2/CO[3]
                         net (fo=1, routed)           0.000     6.468    u_eth/u_lm/gap_min_reg[11]_i_2_n_0
    SLICE_X29Y83         CARRY4 (Prop_carry4_CI_CO[3])
                                                      0.098     6.566 r  u_eth/u_lm/gap_min_reg[15]_i_5/CO[3]
                         net (fo=1, routed)           0.000     6.566    u_eth/u_lm/gap_min_reg[15]_i_5_n_0
    SLICE_X29Y84         CARRY4 (Prop_carry4_CI_O[1])
                                                      0.265     6.831 r  u_eth/u_lm/gap_min_reg[15]_i_33/O[1]
                         net (fo=1, routed)           0.669     7.499    u_eth/u_lm/gap_min_reg[15]_i_33_n_6
    SLICE_X28Y85         LUT4 (Prop_lut4_I2_O)        0.250     7.749 r  u_eth/u_lm/gap_min[15]_i_15/O
                         net (fo=1, routed)           0.510     8.260    u_eth/u_lm/gap_min[15]_i_15_n_0
    SLICE_X28Y84         LUT4 (Prop_lut4_I0_O)        0.105     8.365 r  u_eth/u_lm/gap_min[15]_i_4/O
                         net (fo=96, routed)          0.811     9.175    u_eth/u_lm/gap_min[15]_i_4_n_0
    SLICE_X27Y73         LUT5 (Prop_lut5_I1_O)        0.105     9.280 r  u_eth/u_lm/gap_min[15]_i_29/O
                         net (fo=1, routed)           0.000     9.280    u_eth/u_lm/gap_min[15]_i_29_n_0
    SLICE_X27Y73         CARRY4 (Prop_carry4_S[1]_CO[3])
                                                      0.457     9.737 r  u_eth/u_lm/gap_min_reg[15]_i_6/CO[3]
                         net (fo=1, routed)           0.000     9.737    u_eth/u_lm/gap_min_reg[15]_i_6_n_0
    SLICE_X27Y74         CARRY4 (Prop_carry4_CI_CO[3])
                                                      0.098     9.835 r  u_eth/u_lm/gap_min_reg[15]_i_3/CO[3]
                         net (fo=17, routed)          0.829    10.664    u_eth/u_lm/gap_min_reg[15]_i_3_n_0
    SLICE_X27Y75         LUT5 (Prop_lut5_I2_O)        0.107    10.771 r  u_eth/u_lm/gap_min[15]_i_1/O
                         net (fo=16, routed)          0.593    11.364    u_eth/u_lm/gap_min[15]_i_1_n_0
    SLICE_X27Y72         FDCE                                         r  u_eth/u_lm/gap_min_reg[6]/CE
  -------------------------------------------------------------------    -------------------

                         (clock eth_rxc rise edge)    8.000     8.000 r  
    Y19                                               0.000     8.000 r  eth_rxc (IN)
                         net (fo=0)                   0.000     8.000    eth_rxc
    Y19                  IBUF (Prop_ibuf_I_O)         1.364     9.364 r  eth_rxc_IBUF_inst/O
                         net (fo=2, routed)           1.701    11.065    u_eth/u_rgmii/u_rgmii_rx/rgmii_rxc
    BUFGCTRL_X0Y1        BUFG (Prop_bufg_I_O)         0.077    11.142 r  u_eth/u_rgmii/u_rgmii_rx/BUFG_inst/O
                         net (fo=2520, routed)        1.262    12.404    u_eth/u_lm/gmii_rx_clk
    SLICE_X27Y72         FDCE                                         r  u_eth/u_lm/gap_min_reg[6]/C
                         clock pessimism              0.342    12.746    
                         clock uncertainty           -0.035    12.710    
    SLICE_X27Y72         FDCE (Setup_fdce_C_CE)      -0.337    12.373    u_eth/u_lm/gap_min_reg[6]
  -------------------------------------------------------------------
                         required time                         12.373    
                         arrival time                         -11.364    
  -------------------------------------------------------------------
                         slack                                  1.009    





Min Delay Paths
--------------------------------------------------------------------------------------
Slack (MET) :             0.019ns  (arrival time - required time)
  Source:                 u_eth/u_arp/u_arp_rx/src_ip_t_reg[28]/C
                            (rising edge-triggered cell FDCE clocked by eth_rxc  {rise@0.000ns fall@4.000ns period=8.000ns})
  Destination:            u_eth/u_arp/u_arp_rx/src_ip_reg[28]/D
                            (rising edge-triggered cell FDCE clocked by eth_rxc  {rise@0.000ns fall@4.000ns period=8.000ns})
  Path Group:             eth_rxc
  Path Type:              Hold (Min at Fast Process Corner)
  Requirement:            0.000ns  (eth_rxc rise@0.000ns - eth_rxc rise@0.000ns)
  Data Path Delay:        0.354ns  (logic 0.164ns (46.363%)  route 0.190ns (53.637%))
  Logic Levels:           0  
  Clock Path Skew:        0.271ns (DCD - SCD - CPR)
    Destination Clock Delay (DCD):    2.096ns
    Source Clock Delay      (SCD):    1.577ns
    Clock Pessimism Removal (CPR):    0.248ns

    Location             Delay type                Incr(ns)  Path(ns)    Netlist Resource(s)
  -------------------------------------------------------------------    -------------------
                         (clock eth_rxc rise edge)    0.000     0.000 r  
    Y19                                               0.000     0.000 r  eth_rxc (IN)
                         net (fo=0)                   0.000     0.000    eth_rxc
    Y19                  IBUF (Prop_ibuf_I_O)         0.266     0.266 r  eth_rxc_IBUF_inst/O
                         net (fo=2, routed)           0.674     0.940    u_eth/u_rgmii/u_rgmii_rx/rgmii_rxc
    BUFGCTRL_X0Y1        BUFG (Prop_bufg_I_O)         0.026     0.966 r  u_eth/u_rgmii/u_rgmii_rx/BUFG_inst/O
                         net (fo=2520, routed)        0.611     1.577    u_eth/u_arp/u_arp_rx/gmii_rx_clk
    SLICE_X100Y50        FDCE                                         r  u_eth/u_arp/u_arp_rx/src_ip_t_reg[28]/C
  -------------------------------------------------------------------    -------------------
    SLICE_X100Y50        FDCE (Prop_fdce_C_Q)         0.164     1.741 r  u_eth/u_arp/u_arp_rx/src_ip_t_reg[28]/Q
                         net (fo=1, routed)           0.190     1.931    u_eth/u_arp/u_arp_rx/src_ip_t_reg_n_0_[28]
    SLICE_X100Y49        FDCE                                         r  u_eth/u_arp/u_arp_rx/src_ip_reg[28]/D
  -------------------------------------------------------------------    -------------------

                         (clock eth_rxc rise edge)    0.000     0.000 r  
    Y19                                               0.000     0.000 r  eth_rxc (IN)
                         net (fo=0)                   0.000     0.000    eth_rxc
    Y19                  IBUF (Prop_ibuf_I_O)         0.454     0.454 r  eth_rxc_IBUF_inst/O
                         net (fo=2, routed)           0.731     1.185    u_eth/u_rgmii/u_rgmii_rx/rgmii_rxc
    BUFGCTRL_X0Y1        BUFG (Prop_bufg_I_O)         0.029     1.214 r  u_eth/u_rgmii/u_rgmii_rx/BUFG_inst/O
                         net (fo=2520, routed)        0.882     2.096    u_eth/u_arp/u_arp_rx/gmii_rx_clk
    SLICE_X100Y49        FDCE                                         r  u_eth/u_arp/u_arp_rx/src_ip_reg[28]/C
                         clock pessimism             -0.248     1.848    
    SLICE_X100Y49        FDCE (Hold_fdce_C_D)         0.063     1.911    u_eth/u_arp/u_arp_rx/src_ip_reg[28]
  -------------------------------------------------------------------
                         required time                         -1.911    
                         arrival time                           1.931    
  -------------------------------------------------------------------
                         slack                                  0.019    

Slack (MET) :             0.033ns  (arrival time - required time)
  Source:                 u_eth/u_arp/u_arp_rx/src_ip_t_reg[12]/C
                            (rising edge-triggered cell FDCE clocked by eth_rxc  {rise@0.000ns fall@4.000ns period=8.000ns})
  Destination:            u_eth/u_arp/u_arp_rx/src_ip_reg[12]/D
                            (rising edge-triggered cell FDCE clocked by eth_rxc  {rise@0.000ns fall@4.000ns period=8.000ns})
  Path Group:             eth_rxc
  Path Type:              Hold (Min at Fast Process Corner)
  Requirement:            0.000ns  (eth_rxc rise@0.000ns - eth_rxc rise@0.000ns)
  Data Path Delay:        0.363ns  (logic 0.164ns (45.179%)  route 0.199ns (54.821%))
  Logic Levels:           0  
  Clock Path Skew:        0.271ns (DCD - SCD - CPR)
    Destination Clock Delay (DCD):    2.096ns
    Source Clock Delay      (SCD):    1.577ns
    Clock Pessimism Removal (CPR):    0.248ns

    Location             Delay type                Incr(ns)  Path(ns)    Netlist Resource(s)
  -------------------------------------------------------------------    -------------------
                         (clock eth_rxc rise edge)    0.000     0.000 r  
    Y19                                               0.000     0.000 r  eth_rxc (IN)
                         net (fo=0)                   0.000     0.000    eth_rxc
    Y19                  IBUF (Prop_ibuf_I_O)         0.266     0.266 r  eth_rxc_IBUF_inst/O
                         net (fo=2, routed)           0.674     0.940    u_eth/u_rgmii/u_rgmii_rx/rgmii_rxc
    BUFGCTRL_X0Y1        BUFG (Prop_bufg_I_O)         0.026     0.966 r  u_eth/u_rgmii/u_rgmii_rx/BUFG_inst/O
                         net (fo=2520, routed)        0.611     1.577    u_eth/u_arp/u_arp_rx/gmii_rx_clk
    SLICE_X100Y50        FDCE                                         r  u_eth/u_arp/u_arp_rx/src_ip_t_reg[12]/C
  -------------------------------------------------------------------    -------------------
    SLICE_X100Y50        FDCE (Prop_fdce_C_Q)         0.164     1.741 r  u_eth/u_arp/u_arp_rx/src_ip_t_reg[12]/Q
                         net (fo=2, routed)           0.199     1.940    u_eth/u_arp/u_arp_rx/src_ip_t_reg_n_0_[12]
    SLICE_X100Y49        FDCE                                         r  u_eth/u_arp/u_arp_rx/src_ip_reg[12]/D
  -------------------------------------------------------------------    -------------------

                         (clock eth_rxc rise edge)    0.000     0.000 r  
    Y19                                               0.000     0.000 r  eth_rxc (IN)
                         net (fo=0)                   0.000     0.000    eth_rxc
    Y19                  IBUF (Prop_ibuf_I_O)         0.454     0.454 r  eth_rxc_IBUF_inst/O
                         net (fo=2, routed)           0.731     1.185    u_eth/u_rgmii/u_rgmii_rx/rgmii_rxc
    BUFGCTRL_X0Y1        BUFG (Prop_bufg_I_O)         0.029     1.214 r  u_eth/u_rgmii/u_rgmii_rx/BUFG_inst/O
                         net (fo=2520, routed)        0.882     2.096    u_eth/u_arp/u_arp_rx/gmii_rx_clk
    SLICE_X100Y49        FDCE                                         r  u_eth/u_arp/u_arp_rx/src_ip_reg[12]/C
                         clock pessimism             -0.248     1.848    
    SLICE_X100Y49        FDCE (Hold_fdce_C_D)         0.059     1.907    u_eth/u_arp/u_arp_rx/src_ip_reg[12]
  -------------------------------------------------------------------
                         required time                         -1.907    
                         arrival time                           1.940    
  -------------------------------------------------------------------
                         slack                                  0.033    

Slack (MET) :             0.041ns  (arrival time - required time)
  Source:                 u_eth/u_arp/u_arp_rx/src_ip_t_reg[20]/C
                            (rising edge-triggered cell FDCE clocked by eth_rxc  {rise@0.000ns fall@4.000ns period=8.000ns})
  Destination:            u_eth/u_arp/u_arp_rx/src_ip_reg[20]/D
                            (rising edge-triggered cell FDCE clocked by eth_rxc  {rise@0.000ns fall@4.000ns period=8.000ns})
  Path Group:             eth_rxc
  Path Type:              Hold (Min at Fast Process Corner)
  Requirement:            0.000ns  (eth_rxc rise@0.000ns - eth_rxc rise@0.000ns)
  Data Path Delay:        0.364ns  (logic 0.164ns (45.033%)  route 0.200ns (54.967%))
  Logic Levels:           0  
  Clock Path Skew:        0.271ns (DCD - SCD - CPR)
    Destination Clock Delay (DCD):    2.096ns
    Source Clock Delay      (SCD):    1.577ns
    Clock Pessimism Removal (CPR):    0.248ns

    Location             Delay type                Incr(ns)  Path(ns)    Netlist Resource(s)
  -------------------------------------------------------------------    -------------------
                         (clock eth_rxc rise edge)    0.000     0.000 r  
    Y19                                               0.000     0.000 r  eth_rxc (IN)
                         net (fo=0)                   0.000     0.000    eth_rxc
    Y19                  IBUF (Prop_ibuf_I_O)         0.266     0.266 r  eth_rxc_IBUF_inst/O
                         net (fo=2, routed)           0.674     0.940    u_eth/u_rgmii/u_rgmii_rx/rgmii_rxc
    BUFGCTRL_X0Y1        BUFG (Prop_bufg_I_O)         0.026     0.966 r  u_eth/u_rgmii/u_rgmii_rx/BUFG_inst/O
                         net (fo=2520, routed)        0.611     1.577    u_eth/u_arp/u_arp_rx/gmii_rx_clk
    SLICE_X100Y50        FDCE                                         r  u_eth/u_arp/u_arp_rx/src_ip_t_reg[20]/C
  -------------------------------------------------------------------    -------------------
    SLICE_X100Y50        FDCE (Prop_fdce_C_Q)         0.164     1.741 r  u_eth/u_arp/u_arp_rx/src_ip_t_reg[20]/Q
                         net (fo=2, routed)           0.200     1.941    u_eth/u_arp/u_arp_rx/src_ip_t_reg_n_0_[20]
    SLICE_X100Y49        FDCE                                         r  u_eth/u_arp/u_arp_rx/src_ip_reg[20]/D
  -------------------------------------------------------------------    -------------------

                         (clock eth_rxc rise edge)    0.000     0.000 r  
    Y19                                               0.000     0.000 r  eth_rxc (IN)
                         net (fo=0)                   0.000     0.000    eth_rxc
    Y19                  IBUF (Prop_ibuf_I_O)         0.454     0.454 r  eth_rxc_IBUF_inst/O
                         net (fo=2, routed)           0.731     1.185    u_eth/u_rgmii/u_rgmii_rx/rgmii_rxc
    BUFGCTRL_X0Y1        BUFG (Prop_bufg_I_O)         0.029     1.214 r  u_eth/u_rgmii/u_rgmii_rx/BUFG_inst/O
                         net (fo=2520, routed)        0.882     2.096    u_eth/u_arp/u_arp_rx/gmii_rx_clk
    SLICE_X100Y49        FDCE                                         r  u_eth/u_arp/u_arp_rx/src_ip_reg[20]/C
                         clock pessimism             -0.248     1.848    
    SLICE_X100Y49        FDCE (Hold_fdce_C_D)         0.052     1.900    u_eth/u_arp/u_arp_rx/src_ip_reg[20]
  -------------------------------------------------------------------
                         required time                         -1.900    
                         arrival time                           1.941    
  -------------------------------------------------------------------
                         slack                                  0.041    





Pulse Width Checks
--------------------------------------------------------------------------------------
Clock Name:         eth_rxc
Waveform(ns):       { 0.000 4.000 }
Period(ns):         8.000
Sources:            { eth_rxc }

Check Type        Corner  Lib Pin             Reference Pin  Required(ns)  Actual(ns)  Slack(ns)  Location      Pin
Min Period        n/a     RAMB18E1/CLKARDCLK  n/a            2.472         8.000       5.528      RAMB18_X5Y14  u_eth/u_icmp_fifo/mem_reg/CLKARDCLK
Min Period        n/a     RAMB36E1/CLKARDCLK  n/a            2.170         8.000       5.830      RAMB36_X2Y9   u_eth/u_cdc/mem_reg_0/CLKARDCLK
Min Period        n/a     RAMB36E1/CLKARDCLK  n/a            2.170         8.000       5.830      RAMB36_X3Y8   u_eth/u_cdc/mem_reg_1/CLKARDCLK
Low Pulse Width   Slow    FDCE/C              n/a            0.500         4.000       3.500      SLICE_X41Y42  u_eth/flush_pend_reg/C
Low Pulse Width   Fast    FDCE/C              n/a            0.500         4.000       3.500      SLICE_X41Y42  u_eth/flush_pend_reg/C
Low Pulse Width   Slow    FDCE/C              n/a            0.500         4.000       3.500      SLICE_X27Y86  u_eth/gc0_reg/C
High Pulse Width  Slow    FDCE/C              n/a            0.500         4.000       3.500      SLICE_X41Y42  u_eth/flush_pend_reg/C
High Pulse Width  Fast    FDCE/C              n/a            0.500         4.000       3.500      SLICE_X41Y42  u_eth/flush_pend_reg/C
High Pulse Width  Slow    FDCE/C              n/a            0.500         4.000       3.500      SLICE_X27Y86  u_eth/gc0_reg/C



---------------------------------------------------------------------------------------------------
From Clock:  sys_clk
  To Clock:  sys_clk

Setup :            0  Failing Endpoints,  Worst Slack       14.279ns,  Total Violation        0.000ns
Hold  :            0  Failing Endpoints,  Worst Slack        0.121ns,  Total Violation        0.000ns
PW    :            0  Failing Endpoints,  Worst Slack        7.000ns,  Total Violation        0.000ns
---------------------------------------------------------------------------------------------------


Max Delay Paths
--------------------------------------------------------------------------------------
Slack (MET) :             14.279ns  (required time - arrival time)
  Source:                 u_pl/sec_div_reg[20]/C
                            (rising edge-triggered cell FDCE clocked by sys_clk  {rise@0.000ns fall@10.000ns period=20.000ns})
  Destination:            u_pl/fps_acc_reg[0]/CE
                            (rising edge-triggered cell FDCE clocked by sys_clk  {rise@0.000ns fall@10.000ns period=20.000ns})
  Path Group:             sys_clk
  Path Type:              Setup (Max at Slow Process Corner)
  Requirement:            20.000ns  (sys_clk rise@20.000ns - sys_clk rise@0.000ns)
  Data Path Delay:        5.424ns  (logic 1.007ns (18.567%)  route 4.417ns (81.433%))
  Logic Levels:           5  (LUT3=1 LUT4=1 LUT5=1 LUT6=2)
  Clock Path Skew:        -0.094ns (DCD - SCD + CPR)
    Destination Clock Delay (DCD):    4.405ns = ( 24.405 - 20.000 ) 
    Source Clock Delay      (SCD):    4.757ns
    Clock Pessimism Removal (CPR):    0.258ns
  Clock Uncertainty:      0.035ns  ((TSJ^2 + TIJ^2)^1/2 + DJ) / 2 + PE
    Total System Jitter     (TSJ):    0.071ns
    Total Input Jitter      (TIJ):    0.000ns
    Discrete Jitter          (DJ):    0.000ns
    Phase Error              (PE):    0.000ns

    Location             Delay type                Incr(ns)  Path(ns)    Netlist Resource(s)
  -------------------------------------------------------------------    -------------------
                         (clock sys_clk rise edge)    0.000     0.000 r  
    W17                                               0.000     0.000 r  sys_clk (IN)
                         net (fo=0)                   0.000     0.000    sys_clk
    W17                  IBUF (Prop_ibuf_I_O)         1.415     1.415 r  sys_clk_IBUF_inst/O
                         net (fo=1, routed)           1.873     3.288    sys_clk_IBUF
    BUFGCTRL_X0Y4        BUFG (Prop_bufg_I_O)         0.085     3.373 r  sys_clk_IBUF_BUFG_inst/O
                         net (fo=182, routed)         1.384     4.757    u_pl/sys_clk_IBUF_BUFG
    SLICE_X45Y65         FDCE                                         r  u_pl/sec_div_reg[20]/C
  -------------------------------------------------------------------    -------------------
    SLICE_X45Y65         FDCE (Prop_fdce_C_Q)         0.348     5.105 r  u_pl/sec_div_reg[20]/Q
                         net (fo=2, routed)           0.850     5.955    u_pl/sec_div_reg_n_0_[20]
    SLICE_X45Y65         LUT4 (Prop_lut4_I3_O)        0.239     6.194 f  u_pl/sec_div[25]_i_8/O
                         net (fo=1, routed)           0.505     6.699    u_pl/sec_div[25]_i_8_n_0
    SLICE_X45Y64         LUT5 (Prop_lut5_I4_O)        0.105     6.804 f  u_pl/sec_div[25]_i_7/O
                         net (fo=1, routed)           0.793     7.597    u_pl/sec_div[25]_i_7_n_0
    SLICE_X45Y63         LUT6 (Prop_lut6_I5_O)        0.105     7.702 f  u_pl/sec_div[25]_i_4/O
                         net (fo=1, routed)           0.513     8.215    u_pl/sec_div[25]_i_4_n_0
    SLICE_X45Y62         LUT6 (Prop_lut6_I0_O)        0.105     8.320 r  u_pl/sec_div[25]_i_2/O
                         net (fo=42, routed)          0.779     9.098    u_pl/fps_q[0]
    SLICE_X49Y64         LUT3 (Prop_lut3_I2_O)        0.105     9.203 r  u_pl/fps_acc[7]_i_1/O
                         net (fo=8, routed)           0.977    10.181    u_pl/fps_acc[7]_i_1_n_0
    SLICE_X56Y69         FDCE                                         r  u_pl/fps_acc_reg[0]/CE
  -------------------------------------------------------------------    -------------------

                         (clock sys_clk rise edge)   20.000    20.000 r  
    W17                                               0.000    20.000 r  sys_clk (IN)
                         net (fo=0)                   0.000    20.000    sys_clk
    W17                  IBUF (Prop_ibuf_I_O)         1.349    21.349 r  sys_clk_IBUF_inst/O
                         net (fo=1, routed)           1.701    23.050    sys_clk_IBUF
    BUFGCTRL_X0Y4        BUFG (Prop_bufg_I_O)         0.077    23.127 r  sys_clk_IBUF_BUFG_inst/O
                         net (fo=182, routed)         1.278    24.405    u_pl/sys_clk_IBUF_BUFG
    SLICE_X56Y69         FDCE                                         r  u_pl/fps_acc_reg[0]/C
                         clock pessimism              0.258    24.663    
                         clock uncertainty           -0.035    24.628    
    SLICE_X56Y69         FDCE (Setup_fdce_C_CE)      -0.168    24.460    u_pl/fps_acc_reg[0]
  -------------------------------------------------------------------
                         required time                         24.460    
                         arrival time                         -10.181    
  -------------------------------------------------------------------
                         slack                                 14.279    

Slack (MET) :             14.279ns  (required time - arrival time)
  Source:                 u_pl/sec_div_reg[20]/C
                            (rising edge-triggered cell FDCE clocked by sys_clk  {rise@0.000ns fall@10.000ns period=20.000ns})
  Destination:            u_pl/fps_acc_reg[5]/CE
                            (rising edge-triggered cell FDCE clocked by sys_clk  {rise@0.000ns fall@10.000ns period=20.000ns})
  Path Group:             sys_clk
  Path Type:              Setup (Max at Slow Process Corner)
  Requirement:            20.000ns  (sys_clk rise@20.000ns - sys_clk rise@0.000ns)
  Data Path Delay:        5.424ns  (logic 1.007ns (18.567%)  route 4.417ns (81.433%))
  Logic Levels:           5  (LUT3=1 LUT4=1 LUT5=1 LUT6=2)
  Clock Path Skew:        -0.094ns (DCD - SCD + CPR)
    Destination Clock Delay (DCD):    4.405ns = ( 24.405 - 20.000 ) 
    Source Clock Delay      (SCD):    4.757ns
    Clock Pessimism Removal (CPR):    0.258ns
  Clock Uncertainty:      0.035ns  ((TSJ^2 + TIJ^2)^1/2 + DJ) / 2 + PE
    Total System Jitter     (TSJ):    0.071ns
    Total Input Jitter      (TIJ):    0.000ns
    Discrete Jitter          (DJ):    0.000ns
    Phase Error              (PE):    0.000ns

    Location             Delay type                Incr(ns)  Path(ns)    Netlist Resource(s)
  -------------------------------------------------------------------    -------------------
                         (clock sys_clk rise edge)    0.000     0.000 r  
    W17                                               0.000     0.000 r  sys_clk (IN)
                         net (fo=0)                   0.000     0.000    sys_clk
    W17                  IBUF (Prop_ibuf_I_O)         1.415     1.415 r  sys_clk_IBUF_inst/O
                         net (fo=1, routed)           1.873     3.288    sys_clk_IBUF
    BUFGCTRL_X0Y4        BUFG (Prop_bufg_I_O)         0.085     3.373 r  sys_clk_IBUF_BUFG_inst/O
                         net (fo=182, routed)         1.384     4.757    u_pl/sys_clk_IBUF_BUFG
    SLICE_X45Y65         FDCE                                         r  u_pl/sec_div_reg[20]/C
  -------------------------------------------------------------------    -------------------
    SLICE_X45Y65         FDCE (Prop_fdce_C_Q)         0.348     5.105 r  u_pl/sec_div_reg[20]/Q
                         net (fo=2, routed)           0.850     5.955    u_pl/sec_div_reg_n_0_[20]
    SLICE_X45Y65         LUT4 (Prop_lut4_I3_O)        0.239     6.194 f  u_pl/sec_div[25]_i_8/O
                         net (fo=1, routed)           0.505     6.699    u_pl/sec_div[25]_i_8_n_0
    SLICE_X45Y64         LUT5 (Prop_lut5_I4_O)        0.105     6.804 f  u_pl/sec_div[25]_i_7/O
                         net (fo=1, routed)           0.793     7.597    u_pl/sec_div[25]_i_7_n_0
    SLICE_X45Y63         LUT6 (Prop_lut6_I5_O)        0.105     7.702 f  u_pl/sec_div[25]_i_4/O
                         net (fo=1, routed)           0.513     8.215    u_pl/sec_div[25]_i_4_n_0
    SLICE_X45Y62         LUT6 (Prop_lut6_I0_O)        0.105     8.320 r  u_pl/sec_div[25]_i_2/O
                         net (fo=42, routed)          0.779     9.098    u_pl/fps_q[0]
    SLICE_X49Y64         LUT3 (Prop_lut3_I2_O)        0.105     9.203 r  u_pl/fps_acc[7]_i_1/O
                         net (fo=8, routed)           0.977    10.181    u_pl/fps_acc[7]_i_1_n_0
    SLICE_X56Y69         FDCE                                         r  u_pl/fps_acc_reg[5]/CE
  -------------------------------------------------------------------    -------------------

                         (clock sys_clk rise edge)   20.000    20.000 r  
    W17                                               0.000    20.000 r  sys_clk (IN)
                         net (fo=0)                   0.000    20.000    sys_clk
    W17                  IBUF (Prop_ibuf_I_O)         1.349    21.349 r  sys_clk_IBUF_inst/O
                         net (fo=1, routed)           1.701    23.050    sys_clk_IBUF
    BUFGCTRL_X0Y4        BUFG (Prop_bufg_I_O)         0.077    23.127 r  sys_clk_IBUF_BUFG_inst/O
                         net (fo=182, routed)         1.278    24.405    u_pl/sys_clk_IBUF_BUFG
    SLICE_X56Y69         FDCE                                         r  u_pl/fps_acc_reg[5]/C
                         clock pessimism              0.258    24.663    
                         clock uncertainty           -0.035    24.628    
    SLICE_X56Y69         FDCE (Setup_fdce_C_CE)      -0.168    24.460    u_pl/fps_acc_reg[5]
  -------------------------------------------------------------------
                         required time                         24.460    
                         arrival time                         -10.181    
  -------------------------------------------------------------------
                         slack                                 14.279    

Slack (MET) :             14.279ns  (required time - arrival time)
  Source:                 u_pl/sec_div_reg[20]/C
                            (rising edge-triggered cell FDCE clocked by sys_clk  {rise@0.000ns fall@10.000ns period=20.000ns})
  Destination:            u_pl/fps_acc_reg[6]/CE
                            (rising edge-triggered cell FDCE clocked by sys_clk  {rise@0.000ns fall@10.000ns period=20.000ns})
  Path Group:             sys_clk
  Path Type:              Setup (Max at Slow Process Corner)
  Requirement:            20.000ns  (sys_clk rise@20.000ns - sys_clk rise@0.000ns)
  Data Path Delay:        5.424ns  (logic 1.007ns (18.567%)  route 4.417ns (81.433%))
  Logic Levels:           5  (LUT3=1 LUT4=1 LUT5=1 LUT6=2)
  Clock Path Skew:        -0.094ns (DCD - SCD + CPR)
    Destination Clock Delay (DCD):    4.405ns = ( 24.405 - 20.000 ) 
    Source Clock Delay      (SCD):    4.757ns
    Clock Pessimism Removal (CPR):    0.258ns
  Clock Uncertainty:      0.035ns  ((TSJ^2 + TIJ^2)^1/2 + DJ) / 2 + PE
    Total System Jitter     (TSJ):    0.071ns
    Total Input Jitter      (TIJ):    0.000ns
    Discrete Jitter          (DJ):    0.000ns
    Phase Error              (PE):    0.000ns

    Location             Delay type                Incr(ns)  Path(ns)    Netlist Resource(s)
  -------------------------------------------------------------------    -------------------
                         (clock sys_clk rise edge)    0.000     0.000 r  
    W17                                               0.000     0.000 r  sys_clk (IN)
                         net (fo=0)                   0.000     0.000    sys_clk
    W17                  IBUF (Prop_ibuf_I_O)         1.415     1.415 r  sys_clk_IBUF_inst/O
                         net (fo=1, routed)           1.873     3.288    sys_clk_IBUF
    BUFGCTRL_X0Y4        BUFG (Prop_bufg_I_O)         0.085     3.373 r  sys_clk_IBUF_BUFG_inst/O
                         net (fo=182, routed)         1.384     4.757    u_pl/sys_clk_IBUF_BUFG
    SLICE_X45Y65         FDCE                                         r  u_pl/sec_div_reg[20]/C
  -------------------------------------------------------------------    -------------------
    SLICE_X45Y65         FDCE (Prop_fdce_C_Q)         0.348     5.105 r  u_pl/sec_div_reg[20]/Q
                         net (fo=2, routed)           0.850     5.955    u_pl/sec_div_reg_n_0_[20]
    SLICE_X45Y65         LUT4 (Prop_lut4_I3_O)        0.239     6.194 f  u_pl/sec_div[25]_i_8/O
                         net (fo=1, routed)           0.505     6.699    u_pl/sec_div[25]_i_8_n_0
    SLICE_X45Y64         LUT5 (Prop_lut5_I4_O)        0.105     6.804 f  u_pl/sec_div[25]_i_7/O
                         net (fo=1, routed)           0.793     7.597    u_pl/sec_div[25]_i_7_n_0
    SLICE_X45Y63         LUT6 (Prop_lut6_I5_O)        0.105     7.702 f  u_pl/sec_div[25]_i_4/O
                         net (fo=1, routed)           0.513     8.215    u_pl/sec_div[25]_i_4_n_0
    SLICE_X45Y62         LUT6 (Prop_lut6_I0_O)        0.105     8.320 r  u_pl/sec_div[25]_i_2/O
                         net (fo=42, routed)          0.779     9.098    u_pl/fps_q[0]
    SLICE_X49Y64         LUT3 (Prop_lut3_I2_O)        0.105     9.203 r  u_pl/fps_acc[7]_i_1/O
                         net (fo=8, routed)           0.977    10.181    u_pl/fps_acc[7]_i_1_n_0
    SLICE_X56Y69         FDCE                                         r  u_pl/fps_acc_reg[6]/CE
  -------------------------------------------------------------------    -------------------

                         (clock sys_clk rise edge)   20.000    20.000 r  
    W17                                               0.000    20.000 r  sys_clk (IN)
                         net (fo=0)                   0.000    20.000    sys_clk
    W17                  IBUF (Prop_ibuf_I_O)         1.349    21.349 r  sys_clk_IBUF_inst/O
                         net (fo=1, routed)           1.701    23.050    sys_clk_IBUF
    BUFGCTRL_X0Y4        BUFG (Prop_bufg_I_O)         0.077    23.127 r  sys_clk_IBUF_BUFG_inst/O
                         net (fo=182, routed)         1.278    24.405    u_pl/sys_clk_IBUF_BUFG
    SLICE_X56Y69         FDCE                                         r  u_pl/fps_acc_reg[6]/C
                         clock pessimism              0.258    24.663    
                         clock uncertainty           -0.035    24.628    
    SLICE_X56Y69         FDCE (Setup_fdce_C_CE)      -0.168    24.460    u_pl/fps_acc_reg[6]
  -------------------------------------------------------------------
                         required time                         24.460    
                         arrival time                         -10.181    
  -------------------------------------------------------------------
                         slack                                 14.279    





Min Delay Paths
--------------------------------------------------------------------------------------
Slack (MET) :             0.121ns  (arrival time - required time)
  Source:                 u_pl/vt0_reg/C
                            (rising edge-triggered cell FDRE clocked by sys_clk  {rise@0.000ns fall@10.000ns period=20.000ns})
  Destination:            u_pl/vt1_reg/D
                            (rising edge-triggered cell FDRE clocked by sys_clk  {rise@0.000ns fall@10.000ns period=20.000ns})
  Path Group:             sys_clk
  Path Type:              Hold (Min at Fast Process Corner)
  Requirement:            0.000ns  (sys_clk rise@0.000ns - sys_clk rise@0.000ns)
  Data Path Delay:        0.196ns  (logic 0.141ns (71.838%)  route 0.055ns (28.162%))
  Logic Levels:           0  
  Clock Path Skew:        0.000ns (DCD - SCD - CPR)
    Destination Clock Delay (DCD):    2.021ns
    Source Clock Delay      (SCD):    1.505ns
    Clock Pessimism Removal (CPR):    0.516ns

    Location             Delay type                Incr(ns)  Path(ns)    Netlist Resource(s)
  -------------------------------------------------------------------    -------------------
                         (clock sys_clk rise edge)    0.000     0.000 r  
    W17                                               0.000     0.000 r  sys_clk (IN)
                         net (fo=0)                   0.000     0.000    sys_clk
    W17                  IBUF (Prop_ibuf_I_O)         0.252     0.252 r  sys_clk_IBUF_inst/O
                         net (fo=1, routed)           0.674     0.926    sys_clk_IBUF
    BUFGCTRL_X0Y4        BUFG (Prop_bufg_I_O)         0.026     0.952 r  sys_clk_IBUF_BUFG_inst/O
                         net (fo=182, routed)         0.553     1.505    u_pl/sys_clk_IBUF_BUFG
    SLICE_X49Y64         FDRE                                         r  u_pl/vt0_reg/C
  -------------------------------------------------------------------    -------------------
    SLICE_X49Y64         FDRE (Prop_fdre_C_Q)         0.141     1.646 r  u_pl/vt0_reg/Q
                         net (fo=1, routed)           0.055     1.701    u_pl/vt0
    SLICE_X49Y64         FDRE                                         r  u_pl/vt1_reg/D
  -------------------------------------------------------------------    -------------------

                         (clock sys_clk rise edge)    0.000     0.000 r  
    W17                                               0.000     0.000 r  sys_clk (IN)
                         net (fo=0)                   0.000     0.000    sys_clk
    W17                  IBUF (Prop_ibuf_I_O)         0.440     0.440 r  sys_clk_IBUF_inst/O
                         net (fo=1, routed)           0.731     1.171    sys_clk_IBUF
    BUFGCTRL_X0Y4        BUFG (Prop_bufg_I_O)         0.029     1.200 r  sys_clk_IBUF_BUFG_inst/O
                         net (fo=182, routed)         0.821     2.021    u_pl/sys_clk_IBUF_BUFG
    SLICE_X49Y64         FDRE                                         r  u_pl/vt1_reg/C
                         clock pessimism             -0.516     1.505    
    SLICE_X49Y64         FDRE (Hold_fdre_C_D)         0.075     1.580    u_pl/vt1_reg
  -------------------------------------------------------------------
                         required time                         -1.580    
                         arrival time                           1.701    
  -------------------------------------------------------------------
                         slack                                  0.121    

Slack (MET) :             0.189ns  (arrival time - required time)
  Source:                 u_pl/u_ang/angle_reg[7]/C
                            (rising edge-triggered cell FDRE clocked by sys_clk  {rise@0.000ns fall@10.000ns period=20.000ns})
  Destination:            u_pl/u_ang/angle_reg[8]/D
                            (rising edge-triggered cell FDRE clocked by sys_clk  {rise@0.000ns fall@10.000ns period=20.000ns})
  Path Group:             sys_clk
  Path Type:              Hold (Min at Fast Process Corner)
  Requirement:            0.000ns  (sys_clk rise@0.000ns - sys_clk rise@0.000ns)
  Data Path Delay:        0.323ns  (logic 0.186ns (57.567%)  route 0.137ns (42.433%))
  Logic Levels:           1  (LUT6=1)
  Clock Path Skew:        0.013ns (DCD - SCD - CPR)
    Destination Clock Delay (DCD):    2.050ns
    Source Clock Delay      (SCD):    1.533ns
    Clock Pessimism Removal (CPR):    0.504ns

    Location             Delay type                Incr(ns)  Path(ns)    Netlist Resource(s)
  -------------------------------------------------------------------    -------------------
                         (clock sys_clk rise edge)    0.000     0.000 r  
    W17                                               0.000     0.000 r  sys_clk (IN)
                         net (fo=0)                   0.000     0.000    sys_clk
    W17                  IBUF (Prop_ibuf_I_O)         0.252     0.252 r  sys_clk_IBUF_inst/O
                         net (fo=1, routed)           0.674     0.926    sys_clk_IBUF
    BUFGCTRL_X0Y4        BUFG (Prop_bufg_I_O)         0.026     0.952 r  sys_clk_IBUF_BUFG_inst/O
                         net (fo=182, routed)         0.581     1.533    u_pl/u_ang/sys_clk_IBUF_BUFG
    SLICE_X87Y64         FDRE                                         r  u_pl/u_ang/angle_reg[7]/C
  -------------------------------------------------------------------    -------------------
    SLICE_X87Y64         FDRE (Prop_fdre_C_Q)         0.141     1.674 r  u_pl/u_ang/angle_reg[7]/Q
                         net (fo=43, routed)          0.137     1.811    u_pl/u_ang/angle[7]
    SLICE_X86Y64         LUT6 (Prop_lut6_I3_O)        0.045     1.856 r  u_pl/u_ang/angle[8]_i_2/O
                         net (fo=1, routed)           0.000     1.856    u_pl/u_ang/p_1_in[8]
    SLICE_X86Y64         FDRE                                         r  u_pl/u_ang/angle_reg[8]/D
  -------------------------------------------------------------------    -------------------

                         (clock sys_clk rise edge)    0.000     0.000 r  
    W17                                               0.000     0.000 r  sys_clk (IN)
                         net (fo=0)                   0.000     0.000    sys_clk
    W17                  IBUF (Prop_ibuf_I_O)         0.440     0.440 r  sys_clk_IBUF_inst/O
                         net (fo=1, routed)           0.731     1.171    sys_clk_IBUF
    BUFGCTRL_X0Y4        BUFG (Prop_bufg_I_O)         0.029     1.200 r  sys_clk_IBUF_BUFG_inst/O
                         net (fo=182, routed)         0.850     2.050    u_pl/u_ang/sys_clk_IBUF_BUFG
    SLICE_X86Y64         FDRE                                         r  u_pl/u_ang/angle_reg[8]/C
                         clock pessimism             -0.504     1.546    
    SLICE_X86Y64         FDRE (Hold_fdre_C_D)         0.121     1.667    u_pl/u_ang/angle_reg[8]
  -------------------------------------------------------------------
                         required time                         -1.667    
                         arrival time                           1.856    
  -------------------------------------------------------------------
                         slack                                  0.189    

Slack (MET) :             0.192ns  (arrival time - required time)
  Source:                 u_pl/fps_acc_reg[2]/C
                            (rising edge-triggered cell FDCE clocked by sys_clk  {rise@0.000ns fall@10.000ns period=20.000ns})
  Destination:            u_pl/fps_q_reg[2]/D
                            (rising edge-triggered cell FDCE clocked by sys_clk  {rise@0.000ns fall@10.000ns period=20.000ns})
  Path Group:             sys_clk
  Path Type:              Hold (Min at Fast Process Corner)
  Requirement:            0.000ns  (sys_clk rise@0.000ns - sys_clk rise@0.000ns)
  Data Path Delay:        0.246ns  (logic 0.128ns (52.115%)  route 0.118ns (47.885%))
  Logic Levels:           0  
  Clock Path Skew:        0.032ns (DCD - SCD - CPR)
    Destination Clock Delay (DCD):    2.038ns
    Source Clock Delay      (SCD):    1.524ns
    Clock Pessimism Removal (CPR):    0.482ns

    Location             Delay type                Incr(ns)  Path(ns)    Netlist Resource(s)
  -------------------------------------------------------------------    -------------------
                         (clock sys_clk rise edge)    0.000     0.000 r  
    W17                                               0.000     0.000 r  sys_clk (IN)
                         net (fo=0)                   0.000     0.000    sys_clk
    W17                  IBUF (Prop_ibuf_I_O)         0.252     0.252 r  sys_clk_IBUF_inst/O
                         net (fo=1, routed)           0.674     0.926    sys_clk_IBUF
    BUFGCTRL_X0Y4        BUFG (Prop_bufg_I_O)         0.026     0.952 r  sys_clk_IBUF_BUFG_inst/O
                         net (fo=182, routed)         0.572     1.524    u_pl/sys_clk_IBUF_BUFG
    SLICE_X57Y68         FDCE                                         r  u_pl/fps_acc_reg[2]/C
  -------------------------------------------------------------------    -------------------
    SLICE_X57Y68         FDCE (Prop_fdce_C_Q)         0.128     1.652 r  u_pl/fps_acc_reg[2]/Q
                         net (fo=2, routed)           0.118     1.769    u_pl/fps_acc_reg_n_0_[2]
    SLICE_X54Y68         FDCE                                         r  u_pl/fps_q_reg[2]/D
  -------------------------------------------------------------------    -------------------

                         (clock sys_clk rise edge)    0.000     0.000 r  
    W17                                               0.000     0.000 r  sys_clk (IN)
                         net (fo=0)                   0.000     0.000    sys_clk
    W17                  IBUF (Prop_ibuf_I_O)         0.440     0.440 r  sys_clk_IBUF_inst/O
                         net (fo=1, routed)           0.731     1.171    sys_clk_IBUF
    BUFGCTRL_X0Y4        BUFG (Prop_bufg_I_O)         0.029     1.200 r  sys_clk_IBUF_BUFG_inst/O
                         net (fo=182, routed)         0.838     2.038    u_pl/sys_clk_IBUF_BUFG
    SLICE_X54Y68         FDCE                                         r  u_pl/fps_q_reg[2]/C
                         clock pessimism             -0.482     1.556    
    SLICE_X54Y68         FDCE (Hold_fdce_C_D)         0.022     1.578    u_pl/fps_q_reg[2]
  -------------------------------------------------------------------
                         required time                         -1.578    
                         arrival time                           1.769    
  -------------------------------------------------------------------
                         slack                                  0.192    





Pulse Width Checks
--------------------------------------------------------------------------------------
Clock Name:         sys_clk
Waveform(ns):       { 0.000 10.000 }
Period(ns):         20.000
Sources:            { sys_clk }

Check Type        Corner  Lib Pin            Reference Pin  Required(ns)  Actual(ns)  Slack(ns)  Location         Pin
Min Period        n/a     BUFG/I             n/a            1.592         20.000      18.408     BUFGCTRL_X0Y4    sys_clk_IBUF_BUFG_inst/I
Min Period        n/a     MMCME2_ADV/CLKIN1  n/a            1.249         20.000      18.751     MMCME2_ADV_X0Y0  u_idelay_clkgen/u_mmcm/CLKIN1
Min Period        n/a     MMCME2_ADV/CLKIN1  n/a            1.249         20.000      18.751     MMCME2_ADV_X1Y0  u_pl/u_clk/u_mmcm/CLKIN1
Max Period        n/a     MMCME2_ADV/CLKIN1  n/a            100.000       20.000      80.000     MMCME2_ADV_X0Y0  u_idelay_clkgen/u_mmcm/CLKIN1
Max Period        n/a     MMCME2_ADV/CLKIN1  n/a            100.000       20.000      80.000     MMCME2_ADV_X1Y0  u_pl/u_clk/u_mmcm/CLKIN1
Low Pulse Width   Slow    MMCME2_ADV/CLKIN1  n/a            3.000         10.000      7.000      MMCME2_ADV_X0Y0  u_idelay_clkgen/u_mmcm/CLKIN1
Low Pulse Width   Fast    MMCME2_ADV/CLKIN1  n/a            3.000         10.000      7.000      MMCME2_ADV_X0Y0  u_idelay_clkgen/u_mmcm/CLKIN1
Low Pulse Width   Slow    MMCME2_ADV/CLKIN1  n/a            3.000         10.000      7.000      MMCME2_ADV_X1Y0  u_pl/u_clk/u_mmcm/CLKIN1
High Pulse Width  Slow    MMCME2_ADV/CLKIN1  n/a            3.000         10.000      7.000      MMCME2_ADV_X0Y0  u_idelay_clkgen/u_mmcm/CLKIN1
High Pulse Width  Fast    MMCME2_ADV/CLKIN1  n/a            3.000         10.000      7.000      MMCME2_ADV_X0Y0  u_idelay_clkgen/u_mmcm/CLKIN1
High Pulse Width  Slow    MMCME2_ADV/CLKIN1  n/a            3.000         10.000      7.000      MMCME2_ADV_X1Y0  u_pl/u_clk/u_mmcm/CLKIN1



---------------------------------------------------------------------------------------------------
From Clock:  clkfbout
  To Clock:  clkfbout

Setup :           NA  Failing Endpoints,  Worst Slack           NA  ,  Total Violation           NA
Hold  :           NA  Failing Endpoints,  Worst Slack           NA  ,  Total Violation           NA
PW    :            0  Failing Endpoints,  Worst Slack       18.408ns,  Total Violation        0.000ns
---------------------------------------------------------------------------------------------------


Pulse Width Checks
--------------------------------------------------------------------------------------
Clock Name:         clkfbout
Waveform(ns):       { 0.000 10.000 }
Period(ns):         20.000
Sources:            { u_idelay_clkgen/u_mmcm/CLKFBOUT }

Check Type  Corner  Lib Pin              Reference Pin  Required(ns)  Actual(ns)  Slack(ns)  Location         Pin
Min Period  n/a     BUFG/I               n/a            1.592         20.000      18.408     BUFGCTRL_X0Y5    u_idelay_clkgen/u_bufg_fb/I
Min Period  n/a     MMCME2_ADV/CLKFBOUT  n/a            1.249         20.000      18.751     MMCME2_ADV_X0Y0  u_idelay_clkgen/u_mmcm/CLKFBOUT
Min Period  n/a     MMCME2_ADV/CLKFBIN   n/a            1.249         20.000      18.751     MMCME2_ADV_X0Y0  u_idelay_clkgen/u_mmcm/CLKFBIN
Max Period  n/a     MMCME2_ADV/CLKFBIN   n/a            100.000       20.000      80.000     MMCME2_ADV_X0Y0  u_idelay_clkgen/u_mmcm/CLKFBIN
Max Period  n/a     MMCME2_ADV/CLKFBOUT  n/a            213.360       20.000      193.360    MMCME2_ADV_X0Y0  u_idelay_clkgen/u_mmcm/CLKFBOUT



---------------------------------------------------------------------------------------------------
From Clock:  clkfbout_1
  To Clock:  clkfbout_1

Setup :           NA  Failing Endpoints,  Worst Slack           NA  ,  Total Violation           NA
Hold  :           NA  Failing Endpoints,  Worst Slack           NA  ,  Total Violation           NA
PW    :            0  Failing Endpoints,  Worst Slack       18.408ns,  Total Violation        0.000ns
---------------------------------------------------------------------------------------------------


Pulse Width Checks
--------------------------------------------------------------------------------------
Clock Name:         clkfbout_1
Waveform(ns):       { 0.000 10.000 }
Period(ns):         20.000
Sources:            { u_pl/u_clk/u_mmcm/CLKFBOUT }

Check Type  Corner  Lib Pin              Reference Pin  Required(ns)  Actual(ns)  Slack(ns)  Location         Pin
Min Period  n/a     BUFG/I               n/a            1.592         20.000      18.408     BUFGCTRL_X0Y6    u_pl/u_clk/u_bufg_fb/I
Min Period  n/a     MMCME2_ADV/CLKFBOUT  n/a            1.249         20.000      18.751     MMCME2_ADV_X1Y0  u_pl/u_clk/u_mmcm/CLKFBOUT
Min Period  n/a     MMCME2_ADV/CLKFBIN   n/a            1.249         20.000      18.751     MMCME2_ADV_X1Y0  u_pl/u_clk/u_mmcm/CLKFBIN
Max Period  n/a     MMCME2_ADV/CLKFBIN   n/a            100.000       20.000      80.000     MMCME2_ADV_X1Y0  u_pl/u_clk/u_mmcm/CLKFBIN
Max Period  n/a     MMCME2_ADV/CLKFBOUT  n/a            213.360       20.000      193.360    MMCME2_ADV_X1Y0  u_pl/u_clk/u_mmcm/CLKFBOUT



---------------------------------------------------------------------------------------------------
From Clock:  clkout0_1
  To Clock:  clkout0_1

Setup :            0  Failing Endpoints,  Worst Slack        0.540ns,  Total Violation        0.000ns
Hold  :            0  Failing Endpoints,  Worst Slack        0.083ns,  Total Violation        0.000ns
PW    :            0  Failing Endpoints,  Worst Slack        8.870ns,  Total Violation        0.000ns
---------------------------------------------------------------------------------------------------


Max Delay Paths
--------------------------------------------------------------------------------------
Slack (MET) :             0.540ns  (required time - arrival time)
  Source:                 u_pl/x_d_reg[11][3]/C
                            (rising edge-triggered cell FDCE clocked by clkout0_1  {rise@0.000ns fall@10.000ns period=20.000ns})
  Destination:            u_pl/u_osd/g_reg[2]/D
                            (rising edge-triggered cell FDCE clocked by clkout0_1  {rise@0.000ns fall@10.000ns period=20.000ns})
  Path Group:             clkout0_1
  Path Type:              Setup (Max at Slow Process Corner)
  Requirement:            20.000ns  (clkout0_1 rise@20.000ns - clkout0_1 rise@0.000ns)
  Data Path Delay:        19.267ns  (logic 6.660ns (34.568%)  route 12.607ns (65.432%))
  Logic Levels:           28  (CARRY4=10 LUT2=1 LUT3=3 LUT4=4 LUT5=1 LUT6=9)
  Clock Path Skew:        -0.129ns (DCD - SCD + CPR)
    Destination Clock Delay (DCD):    4.432ns = ( 24.432 - 20.000 ) 
    Source Clock Delay      (SCD):    4.807ns
    Clock Pessimism Removal (CPR):    0.246ns
  Clock Uncertainty:      0.094ns  ((TSJ^2 + DJ^2)^1/2) / 2 + PE
    Total System Jitter     (TSJ):    0.071ns
    Discrete Jitter          (DJ):    0.175ns
    Phase Error              (PE):    0.000ns

    Location             Delay type                Incr(ns)  Path(ns)    Netlist Resource(s)
  -------------------------------------------------------------------    -------------------
                         (clock clkout0_1 rise edge)
                                                      0.000     0.000 r  
    W17                                               0.000     0.000 r  sys_clk (IN)
                         net (fo=0)                   0.000     0.000    sys_clk
    W17                  IBUF (Prop_ibuf_I_O)         1.415     1.415 r  sys_clk_IBUF_inst/O
                         net (fo=1, routed)           1.873     3.288    sys_clk_IBUF
    BUFGCTRL_X0Y4        BUFG (Prop_bufg_I_O)         0.085     3.373 r  sys_clk_IBUF_BUFG_inst/O
                         net (fo=182, routed)         1.550     4.923    u_pl/u_clk/sys_clk_IBUF_BUFG
    MMCME2_ADV_X1Y0      MMCME2_ADV (Prop_mmcme2_adv_CLKIN1_CLKOUT0)
                                                     -3.232     1.691 r  u_pl/u_clk/u_mmcm/CLKOUT0
                         net (fo=1, routed)           1.597     3.288    u_pl/u_clk/clkout0
    BUFGCTRL_X0Y0        BUFG (Prop_bufg_I_O)         0.085     3.373 r  u_pl/u_clk/u_bufg_pix/O
                         net (fo=3219, routed)        1.434     4.807    u_pl/clk_pix
    SLICE_X66Y70         FDCE                                         r  u_pl/x_d_reg[11][3]/C
  -------------------------------------------------------------------    -------------------
    SLICE_X66Y70         FDCE (Prop_fdce_C_Q)         0.433     5.240 r  u_pl/x_d_reg[11][3]/Q
                         net (fo=4, routed)           0.502     5.742    u_pl/u_osd/D[0]
    SLICE_X62Y67         CARRY4 (Prop_carry4_S[0]_CO[3])
                                                      0.528     6.270 r  u_pl/u_osd/r_reg[7]_i_44/CO[3]
                         net (fo=1, routed)           0.000     6.270    u_pl/u_osd/r_reg[7]_i_44_n_0
    SLICE_X62Y68         CARRY4 (Prop_carry4_CI_O[1])
                                                      0.257     6.527 f  u_pl/u_osd/g0_b0_i_244/O[1]
                         net (fo=20, routed)          0.706     7.233    u_pl/u_osd/lx[8]
    SLICE_X59Y67         LUT3 (Prop_lut3_I1_O)        0.245     7.478 r  u_pl/u_osd/g0_b0_i_619/O
                         net (fo=4, routed)           0.522     8.000    u_pl/u_osd/g0_b0_i_619_n_0
    SLICE_X60Y66         LUT4 (Prop_lut4_I3_O)        0.105     8.105 r  u_pl/u_osd/g0_b0_i_623/O
                         net (fo=1, routed)           0.000     8.105    u_pl/u_osd/g0_b0_i_623_n_0
    SLICE_X60Y66         CARRY4 (Prop_carry4_S[1]_CO[3])
                                                      0.457     8.562 r  u_pl/u_osd/g0_b0_i_477/CO[3]
                         net (fo=1, routed)           0.000     8.562    u_pl/u_osd/g0_b0_i_477_n_0
    SLICE_X60Y67         CARRY4 (Prop_carry4_CI_O[0])
                                                      0.180     8.742 r  u_pl/u_osd/g0_b0_i_246/O[0]
                         net (fo=2, routed)           0.799     9.542    u_pl/u_osd/g0_b0_i_246_n_7
    SLICE_X58Y67         LUT3 (Prop_lut3_I1_O)        0.262     9.804 r  u_pl/u_osd/g0_b0_i_236/O
                         net (fo=2, routed)           0.463    10.267    u_pl/u_osd/g0_b0_i_236_n_0
    SLICE_X61Y67         LUT4 (Prop_lut4_I3_O)        0.283    10.550 r  u_pl/u_osd/g0_b0_i_240/O
                         net (fo=1, routed)           0.000    10.550    u_pl/u_osd/g0_b0_i_240_n_0
    SLICE_X61Y67         CARRY4 (Prop_carry4_S[3]_CO[3])
                                                      0.332    10.882 r  u_pl/u_osd/g0_b0_i_92/CO[3]
                         net (fo=1, routed)           0.000    10.882    u_pl/u_osd/g0_b0_i_92_n_0
    SLICE_X61Y68         CARRY4 (Prop_carry4_CI_O[3])
                                                      0.260    11.142 r  u_pl/u_osd/g0_b0_i_36/O[3]
                         net (fo=3, routed)           0.514    11.656    u_pl/u_osd/g0_b0_i_36_n_4
    SLICE_X59Y69         LUT2 (Prop_lut2_I0_O)        0.257    11.913 r  u_pl/u_osd/g0_b0_i_625/O
                         net (fo=1, routed)           0.000    11.913    u_pl/u_osd/g0_b0_i_625_n_0
    SLICE_X59Y69         CARRY4 (Prop_carry4_S[3]_CO[3])
                                                      0.332    12.245 r  u_pl/u_osd/g0_b0_i_491/CO[3]
                         net (fo=1, routed)           0.000    12.245    u_pl/u_osd/g0_b0_i_491_n_0
    SLICE_X59Y70         CARRY4 (Prop_carry4_CI_O[1])
                                                      0.265    12.510 r  u_pl/u_osd/g0_b0_i_247/O[1]
                         net (fo=3, routed)           0.542    13.052    u_pl/u_osd/g0_b0_i_247_n_6
    SLICE_X58Y69         LUT4 (Prop_lut4_I1_O)        0.250    13.302 r  u_pl/u_osd/g0_b0_i_502/O
                         net (fo=1, routed)           0.000    13.302    u_pl/u_osd/g0_b0_i_502_n_0
    SLICE_X58Y69         CARRY4 (Prop_carry4_S[3]_CO[3])
                                                      0.314    13.616 r  u_pl/u_osd/g0_b0_i_250/CO[3]
                         net (fo=1, routed)           0.000    13.616    u_pl/u_osd/g0_b0_i_250_n_0
    SLICE_X58Y70         CARRY4 (Prop_carry4_CI_CO[1])
                                                      0.131    13.747 r  u_pl/u_osd/g0_b0_i_103/CO[1]
                         net (fo=37, routed)          0.594    14.341    u_pl/u_osd/g0_b0_i_254_0[0]
    SLICE_X60Y70         LUT5 (Prop_lut5_I1_O)        0.280    14.621 f  u_pl/u_osd/g0_b0_i_86/O
                         net (fo=93, routed)          1.029    15.649    u_pl/u_eff/g0_b0_i_153_1
    SLICE_X64Y80         LUT6 (Prop_lut6_I3_O)        0.267    15.916 f  u_pl/u_eff/g0_b0_i_387/O
                         net (fo=1, routed)           0.554    16.470    u_pl/u_eff/g0_b0_i_387_n_0
    SLICE_X64Y80         LUT6 (Prop_lut6_I5_O)        0.105    16.575 r  u_pl/u_eff/g0_b0_i_178/O
                         net (fo=1, routed)           0.675    17.251    u_pl/u_eff/g0_b0_i_178_n_0
    SLICE_X64Y74         LUT6 (Prop_lut6_I5_O)        0.105    17.356 r  u_pl/u_eff/g0_b0_i_63/O
                         net (fo=1, routed)           0.830    18.186    u_pl/u_ang/g0_b0_i_22_0
    SLICE_X60Y70         LUT6 (Prop_lut6_I4_O)        0.105    18.291 f  u_pl/u_ang/g0_b0_i_27/O
                         net (fo=13, routed)          0.633    18.924    u_pl/u_osd/chars[0]
    SLICE_X57Y69         LUT4 (Prop_lut4_I0_O)        0.105    19.029 r  u_pl/u_osd/g0_b0_i_12/O
                         net (fo=3, routed)           0.674    19.703    u_pl/u_osd/g0_b0_i_12_n_0
    SLICE_X55Y67         LUT6 (Prop_lut6_I1_O)        0.105    19.808 r  u_pl/u_osd/g0_b0_i_2/O
                         net (fo=35, routed)          1.000    20.808    u_pl/u_osd_n_213
    SLICE_X54Y63         LUT6 (Prop_lut6_I1_O)        0.105    20.913 f  u_pl/g0_b3__4/O
                         net (fo=1, routed)           0.560    21.473    u_pl/u_ang/out[3]
    SLICE_X54Y63         LUT3 (Prop_lut3_I1_O)        0.118    21.591 r  u_pl/u_ang/r[7]_i_53/O
                         net (fo=1, routed)           0.513    22.103    u_pl/u_ang/r[7]_i_53_n_0
    SLICE_X51Y64         LUT6 (Prop_lut6_I5_O)        0.264    22.367 f  u_pl/u_ang/r[7]_i_23/O
                         net (fo=1, routed)           0.348    22.716    u_pl/u_ang/r[7]_i_23_n_0
    SLICE_X53Y62         LUT6 (Prop_lut6_I1_O)        0.105    22.821 f  u_pl/u_ang/r[7]_i_6/O
                         net (fo=19, routed)          1.148    23.969    u_pl/u_ang/r[7]_i_6_n_0
    SLICE_X64Y48         LUT6 (Prop_lut6_I5_O)        0.105    24.074 r  u_pl/u_ang/g[2]_i_1/O
                         net (fo=1, routed)           0.000    24.074    u_pl/u_osd/g_reg[7]_0[1]
    SLICE_X64Y48         FDCE                                         r  u_pl/u_osd/g_reg[2]/D
  -------------------------------------------------------------------    -------------------

                         (clock clkout0_1 rise edge)
                                                     20.000    20.000 r  
    W17                                               0.000    20.000 r  sys_clk (IN)
                         net (fo=0)                   0.000    20.000    sys_clk
    W17                  IBUF (Prop_ibuf_I_O)         1.349    21.349 r  sys_clk_IBUF_inst/O
                         net (fo=1, routed)           1.701    23.050    sys_clk_IBUF
    BUFGCTRL_X0Y4        BUFG (Prop_bufg_I_O)         0.077    23.127 r  sys_clk_IBUF_BUFG_inst/O
                         net (fo=182, routed)         1.384    24.511    u_pl/u_clk/sys_clk_IBUF_BUFG
    MMCME2_ADV_X1Y0      MMCME2_ADV (Prop_mmcme2_adv_CLKIN1_CLKOUT0)
                                                     -2.915    21.596 r  u_pl/u_clk/u_mmcm/CLKOUT0
                         net (fo=1, routed)           1.454    23.050    u_pl/u_clk/clkout0
    BUFGCTRL_X0Y0        BUFG (Prop_bufg_I_O)         0.077    23.127 r  u_pl/u_clk/u_bufg_pix/O
                         net (fo=3219, routed)        1.305    24.432    u_pl/u_osd/clk_pix
    SLICE_X64Y48         FDCE                                         r  u_pl/u_osd/g_reg[2]/C
                         clock pessimism              0.246    24.678    
                         clock uncertainty           -0.094    24.584    
    SLICE_X64Y48         FDCE (Setup_fdce_C_D)        0.030    24.614    u_pl/u_osd/g_reg[2]
  -------------------------------------------------------------------
                         required time                         24.614    
                         arrival time                         -24.074    
  -------------------------------------------------------------------
                         slack                                  0.540    

Slack (MET) :             0.554ns  (required time - arrival time)
  Source:                 u_pl/x_d_reg[11][3]/C
                            (rising edge-triggered cell FDCE clocked by clkout0_1  {rise@0.000ns fall@10.000ns period=20.000ns})
  Destination:            u_pl/u_osd/b_reg[6]/D
                            (rising edge-triggered cell FDCE clocked by clkout0_1  {rise@0.000ns fall@10.000ns period=20.000ns})
  Path Group:             clkout0_1
  Path Type:              Setup (Max at Slow Process Corner)
  Requirement:            20.000ns  (clkout0_1 rise@20.000ns - clkout0_1 rise@0.000ns)
  Data Path Delay:        19.253ns  (logic 6.660ns (34.593%)  route 12.593ns (65.407%))
  Logic Levels:           28  (CARRY4=10 LUT2=1 LUT3=3 LUT4=4 LUT5=1 LUT6=9)
  Clock Path Skew:        -0.129ns (DCD - SCD + CPR)
    Destination Clock Delay (DCD):    4.432ns = ( 24.432 - 20.000 ) 
    Source Clock Delay      (SCD):    4.807ns
    Clock Pessimism Removal (CPR):    0.246ns
  Clock Uncertainty:      0.094ns  ((TSJ^2 + DJ^2)^1/2) / 2 + PE
    Total System Jitter     (TSJ):    0.071ns
    Discrete Jitter          (DJ):    0.175ns
    Phase Error              (PE):    0.000ns

    Location             Delay type                Incr(ns)  Path(ns)    Netlist Resource(s)
  -------------------------------------------------------------------    -------------------
                         (clock clkout0_1 rise edge)
                                                      0.000     0.000 r  
    W17                                               0.000     0.000 r  sys_clk (IN)
                         net (fo=0)                   0.000     0.000    sys_clk
    W17                  IBUF (Prop_ibuf_I_O)         1.415     1.415 r  sys_clk_IBUF_inst/O
                         net (fo=1, routed)           1.873     3.288    sys_clk_IBUF
    BUFGCTRL_X0Y4        BUFG (Prop_bufg_I_O)         0.085     3.373 r  sys_clk_IBUF_BUFG_inst/O
                         net (fo=182, routed)         1.550     4.923    u_pl/u_clk/sys_clk_IBUF_BUFG
    MMCME2_ADV_X1Y0      MMCME2_ADV (Prop_mmcme2_adv_CLKIN1_CLKOUT0)
                                                     -3.232     1.691 r  u_pl/u_clk/u_mmcm/CLKOUT0
                         net (fo=1, routed)           1.597     3.288    u_pl/u_clk/clkout0
    BUFGCTRL_X0Y0        BUFG (Prop_bufg_I_O)         0.085     3.373 r  u_pl/u_clk/u_bufg_pix/O
                         net (fo=3219, routed)        1.434     4.807    u_pl/clk_pix
    SLICE_X66Y70         FDCE                                         r  u_pl/x_d_reg[11][3]/C
  -------------------------------------------------------------------    -------------------
    SLICE_X66Y70         FDCE (Prop_fdce_C_Q)         0.433     5.240 r  u_pl/x_d_reg[11][3]/Q
                         net (fo=4, routed)           0.502     5.742    u_pl/u_osd/D[0]
    SLICE_X62Y67         CARRY4 (Prop_carry4_S[0]_CO[3])
                                                      0.528     6.270 r  u_pl/u_osd/r_reg[7]_i_44/CO[3]
                         net (fo=1, routed)           0.000     6.270    u_pl/u_osd/r_reg[7]_i_44_n_0
    SLICE_X62Y68         CARRY4 (Prop_carry4_CI_O[1])
                                                      0.257     6.527 f  u_pl/u_osd/g0_b0_i_244/O[1]
                         net (fo=20, routed)          0.706     7.233    u_pl/u_osd/lx[8]
    SLICE_X59Y67         LUT3 (Prop_lut3_I1_O)        0.245     7.478 r  u_pl/u_osd/g0_b0_i_619/O
                         net (fo=4, routed)           0.522     8.000    u_pl/u_osd/g0_b0_i_619_n_0
    SLICE_X60Y66         LUT4 (Prop_lut4_I3_O)        0.105     8.105 r  u_pl/u_osd/g0_b0_i_623/O
                         net (fo=1, routed)           0.000     8.105    u_pl/u_osd/g0_b0_i_623_n_0
    SLICE_X60Y66         CARRY4 (Prop_carry4_S[1]_CO[3])
                                                      0.457     8.562 r  u_pl/u_osd/g0_b0_i_477/CO[3]
                         net (fo=1, routed)           0.000     8.562    u_pl/u_osd/g0_b0_i_477_n_0
    SLICE_X60Y67         CARRY4 (Prop_carry4_CI_O[0])
                                                      0.180     8.742 r  u_pl/u_osd/g0_b0_i_246/O[0]
                         net (fo=2, routed)           0.799     9.542    u_pl/u_osd/g0_b0_i_246_n_7
    SLICE_X58Y67         LUT3 (Prop_lut3_I1_O)        0.262     9.804 r  u_pl/u_osd/g0_b0_i_236/O
                         net (fo=2, routed)           0.463    10.267    u_pl/u_osd/g0_b0_i_236_n_0
    SLICE_X61Y67         LUT4 (Prop_lut4_I3_O)        0.283    10.550 r  u_pl/u_osd/g0_b0_i_240/O
                         net (fo=1, routed)           0.000    10.550    u_pl/u_osd/g0_b0_i_240_n_0
    SLICE_X61Y67         CARRY4 (Prop_carry4_S[3]_CO[3])
                                                      0.332    10.882 r  u_pl/u_osd/g0_b0_i_92/CO[3]
                         net (fo=1, routed)           0.000    10.882    u_pl/u_osd/g0_b0_i_92_n_0
    SLICE_X61Y68         CARRY4 (Prop_carry4_CI_O[3])
                                                      0.260    11.142 r  u_pl/u_osd/g0_b0_i_36/O[3]
                         net (fo=3, routed)           0.514    11.656    u_pl/u_osd/g0_b0_i_36_n_4
    SLICE_X59Y69         LUT2 (Prop_lut2_I0_O)        0.257    11.913 r  u_pl/u_osd/g0_b0_i_625/O
                         net (fo=1, routed)           0.000    11.913    u_pl/u_osd/g0_b0_i_625_n_0
    SLICE_X59Y69         CARRY4 (Prop_carry4_S[3]_CO[3])
                                                      0.332    12.245 r  u_pl/u_osd/g0_b0_i_491/CO[3]
                         net (fo=1, routed)           0.000    12.245    u_pl/u_osd/g0_b0_i_491_n_0
    SLICE_X59Y70         CARRY4 (Prop_carry4_CI_O[1])
                                                      0.265    12.510 r  u_pl/u_osd/g0_b0_i_247/O[1]
                         net (fo=3, routed)           0.542    13.052    u_pl/u_osd/g0_b0_i_247_n_6
    SLICE_X58Y69         LUT4 (Prop_lut4_I1_O)        0.250    13.302 r  u_pl/u_osd/g0_b0_i_502/O
                         net (fo=1, routed)           0.000    13.302    u_pl/u_osd/g0_b0_i_502_n_0
    SLICE_X58Y69         CARRY4 (Prop_carry4_S[3]_CO[3])
                                                      0.314    13.616 r  u_pl/u_osd/g0_b0_i_250/CO[3]
                         net (fo=1, routed)           0.000    13.616    u_pl/u_osd/g0_b0_i_250_n_0
    SLICE_X58Y70         CARRY4 (Prop_carry4_CI_CO[1])
                                                      0.131    13.747 r  u_pl/u_osd/g0_b0_i_103/CO[1]
                         net (fo=37, routed)          0.594    14.341    u_pl/u_osd/g0_b0_i_254_0[0]
    SLICE_X60Y70         LUT5 (Prop_lut5_I1_O)        0.280    14.621 f  u_pl/u_osd/g0_b0_i_86/O
                         net (fo=93, routed)          1.029    15.649    u_pl/u_eff/g0_b0_i_153_1
    SLICE_X64Y80         LUT6 (Prop_lut6_I3_O)        0.267    15.916 f  u_pl/u_eff/g0_b0_i_387/O
                         net (fo=1, routed)           0.554    16.470    u_pl/u_eff/g0_b0_i_387_n_0
    SLICE_X64Y80         LUT6 (Prop_lut6_I5_O)        0.105    16.575 r  u_pl/u_eff/g0_b0_i_178/O
                         net (fo=1, routed)           0.675    17.251    u_pl/u_eff/g0_b0_i_178_n_0
    SLICE_X64Y74         LUT6 (Prop_lut6_I5_O)        0.105    17.356 r  u_pl/u_eff/g0_b0_i_63/O
                         net (fo=1, routed)           0.830    18.186    u_pl/u_ang/g0_b0_i_22_0
    SLICE_X60Y70         LUT6 (Prop_lut6_I4_O)        0.105    18.291 f  u_pl/u_ang/g0_b0_i_27/O
                         net (fo=13, routed)          0.633    18.924    u_pl/u_osd/chars[0]
    SLICE_X57Y69         LUT4 (Prop_lut4_I0_O)        0.105    19.029 r  u_pl/u_osd/g0_b0_i_12/O
                         net (fo=3, routed)           0.674    19.703    u_pl/u_osd/g0_b0_i_12_n_0
    SLICE_X55Y67         LUT6 (Prop_lut6_I1_O)        0.105    19.808 r  u_pl/u_osd/g0_b0_i_2/O
                         net (fo=35, routed)          1.000    20.808    u_pl/u_osd_n_213
    SLICE_X54Y63         LUT6 (Prop_lut6_I1_O)        0.105    20.913 f  u_pl/g0_b3__4/O
                         net (fo=1, routed)           0.560    21.473    u_pl/u_ang/out[3]
    SLICE_X54Y63         LUT3 (Prop_lut3_I1_O)        0.118    21.591 r  u_pl/u_ang/r[7]_i_53/O
                         net (fo=1, routed)           0.513    22.103    u_pl/u_ang/r[7]_i_53_n_0
    SLICE_X51Y64         LUT6 (Prop_lut6_I5_O)        0.264    22.367 f  u_pl/u_ang/r[7]_i_23/O
                         net (fo=1, routed)           0.348    22.716    u_pl/u_ang/r[7]_i_23_n_0
    SLICE_X53Y62         LUT6 (Prop_lut6_I1_O)        0.105    22.821 f  u_pl/u_ang/r[7]_i_6/O
                         net (fo=19, routed)          1.134    23.955    u_pl/u_ang/r[7]_i_6_n_0
    SLICE_X64Y49         LUT6 (Prop_lut6_I5_O)        0.105    24.060 r  u_pl/u_ang/b[6]_i_1/O
                         net (fo=1, routed)           0.000    24.060    u_pl/u_osd/b_reg[7]_1[4]
    SLICE_X64Y49         FDCE                                         r  u_pl/u_osd/b_reg[6]/D
  -------------------------------------------------------------------    -------------------

                         (clock clkout0_1 rise edge)
                                                     20.000    20.000 r  
    W17                                               0.000    20.000 r  sys_clk (IN)
                         net (fo=0)                   0.000    20.000    sys_clk
    W17                  IBUF (Prop_ibuf_I_O)         1.349    21.349 r  sys_clk_IBUF_inst/O
                         net (fo=1, routed)           1.701    23.050    sys_clk_IBUF
    BUFGCTRL_X0Y4        BUFG (Prop_bufg_I_O)         0.077    23.127 r  sys_clk_IBUF_BUFG_inst/O
                         net (fo=182, routed)         1.384    24.511    u_pl/u_clk/sys_clk_IBUF_BUFG
    MMCME2_ADV_X1Y0      MMCME2_ADV (Prop_mmcme2_adv_CLKIN1_CLKOUT0)
                                                     -2.915    21.596 r  u_pl/u_clk/u_mmcm/CLKOUT0
                         net (fo=1, routed)           1.454    23.050    u_pl/u_clk/clkout0
    BUFGCTRL_X0Y0        BUFG (Prop_bufg_I_O)         0.077    23.127 r  u_pl/u_clk/u_bufg_pix/O
                         net (fo=3219, routed)        1.305    24.432    u_pl/u_osd/clk_pix
    SLICE_X64Y49         FDCE                                         r  u_pl/u_osd/b_reg[6]/C
                         clock pessimism              0.246    24.678    
                         clock uncertainty           -0.094    24.584    
    SLICE_X64Y49         FDCE (Setup_fdce_C_D)        0.030    24.614    u_pl/u_osd/b_reg[6]
  -------------------------------------------------------------------
                         required time                         24.614    
                         arrival time                         -24.060    
  -------------------------------------------------------------------
                         slack                                  0.554    

Slack (MET) :             0.593ns  (required time - arrival time)
  Source:                 u_pl/x_d_reg[11][3]/C
                            (rising edge-triggered cell FDCE clocked by clkout0_1  {rise@0.000ns fall@10.000ns period=20.000ns})
  Destination:            u_pl/u_osd/r_reg[4]/D
                            (rising edge-triggered cell FDCE clocked by clkout0_1  {rise@0.000ns fall@10.000ns period=20.000ns})
  Path Group:             clkout0_1
  Path Type:              Setup (Max at Slow Process Corner)
  Requirement:            20.000ns  (clkout0_1 rise@20.000ns - clkout0_1 rise@0.000ns)
  Data Path Delay:        19.257ns  (logic 6.660ns (34.585%)  route 12.597ns (65.415%))
  Logic Levels:           28  (CARRY4=10 LUT2=1 LUT3=3 LUT4=4 LUT5=1 LUT6=9)
  Clock Path Skew:        -0.129ns (DCD - SCD + CPR)
    Destination Clock Delay (DCD):    4.432ns = ( 24.432 - 20.000 ) 
    Source Clock Delay      (SCD):    4.807ns
    Clock Pessimism Removal (CPR):    0.246ns
  Clock Uncertainty:      0.094ns  ((TSJ^2 + DJ^2)^1/2) / 2 + PE
    Total System Jitter     (TSJ):    0.071ns
    Discrete Jitter          (DJ):    0.175ns
    Phase Error              (PE):    0.000ns

    Location             Delay type                Incr(ns)  Path(ns)    Netlist Resource(s)
  -------------------------------------------------------------------    -------------------
                         (clock clkout0_1 rise edge)
                                                      0.000     0.000 r  
    W17                                               0.000     0.000 r  sys_clk (IN)
                         net (fo=0)                   0.000     0.000    sys_clk
    W17                  IBUF (Prop_ibuf_I_O)         1.415     1.415 r  sys_clk_IBUF_inst/O
                         net (fo=1, routed)           1.873     3.288    sys_clk_IBUF
    BUFGCTRL_X0Y4        BUFG (Prop_bufg_I_O)         0.085     3.373 r  sys_clk_IBUF_BUFG_inst/O
                         net (fo=182, routed)         1.550     4.923    u_pl/u_clk/sys_clk_IBUF_BUFG
    MMCME2_ADV_X1Y0      MMCME2_ADV (Prop_mmcme2_adv_CLKIN1_CLKOUT0)
                                                     -3.232     1.691 r  u_pl/u_clk/u_mmcm/CLKOUT0
                         net (fo=1, routed)           1.597     3.288    u_pl/u_clk/clkout0
    BUFGCTRL_X0Y0        BUFG (Prop_bufg_I_O)         0.085     3.373 r  u_pl/u_clk/u_bufg_pix/O
                         net (fo=3219, routed)        1.434     4.807    u_pl/clk_pix
    SLICE_X66Y70         FDCE                                         r  u_pl/x_d_reg[11][3]/C
  -------------------------------------------------------------------    -------------------
    SLICE_X66Y70         FDCE (Prop_fdce_C_Q)         0.433     5.240 r  u_pl/x_d_reg[11][3]/Q
                         net (fo=4, routed)           0.502     5.742    u_pl/u_osd/D[0]
    SLICE_X62Y67         CARRY4 (Prop_carry4_S[0]_CO[3])
                                                      0.528     6.270 r  u_pl/u_osd/r_reg[7]_i_44/CO[3]
                         net (fo=1, routed)           0.000     6.270    u_pl/u_osd/r_reg[7]_i_44_n_0
    SLICE_X62Y68         CARRY4 (Prop_carry4_CI_O[1])
                                                      0.257     6.527 f  u_pl/u_osd/g0_b0_i_244/O[1]
                         net (fo=20, routed)          0.706     7.233    u_pl/u_osd/lx[8]
    SLICE_X59Y67         LUT3 (Prop_lut3_I1_O)        0.245     7.478 r  u_pl/u_osd/g0_b0_i_619/O
                         net (fo=4, routed)           0.522     8.000    u_pl/u_osd/g0_b0_i_619_n_0
    SLICE_X60Y66         LUT4 (Prop_lut4_I3_O)        0.105     8.105 r  u_pl/u_osd/g0_b0_i_623/O
                         net (fo=1, routed)           0.000     8.105    u_pl/u_osd/g0_b0_i_623_n_0
    SLICE_X60Y66         CARRY4 (Prop_carry4_S[1]_CO[3])
                                                      0.457     8.562 r  u_pl/u_osd/g0_b0_i_477/CO[3]
                         net (fo=1, routed)           0.000     8.562    u_pl/u_osd/g0_b0_i_477_n_0
    SLICE_X60Y67         CARRY4 (Prop_carry4_CI_O[0])
                                                      0.180     8.742 r  u_pl/u_osd/g0_b0_i_246/O[0]
                         net (fo=2, routed)           0.799     9.542    u_pl/u_osd/g0_b0_i_246_n_7
    SLICE_X58Y67         LUT3 (Prop_lut3_I1_O)        0.262     9.804 r  u_pl/u_osd/g0_b0_i_236/O
                         net (fo=2, routed)           0.463    10.267    u_pl/u_osd/g0_b0_i_236_n_0
    SLICE_X61Y67         LUT4 (Prop_lut4_I3_O)        0.283    10.550 r  u_pl/u_osd/g0_b0_i_240/O
                         net (fo=1, routed)           0.000    10.550    u_pl/u_osd/g0_b0_i_240_n_0
    SLICE_X61Y67         CARRY4 (Prop_carry4_S[3]_CO[3])
                                                      0.332    10.882 r  u_pl/u_osd/g0_b0_i_92/CO[3]
                         net (fo=1, routed)           0.000    10.882    u_pl/u_osd/g0_b0_i_92_n_0
    SLICE_X61Y68         CARRY4 (Prop_carry4_CI_O[3])
                                                      0.260    11.142 r  u_pl/u_osd/g0_b0_i_36/O[3]
                         net (fo=3, routed)           0.514    11.656    u_pl/u_osd/g0_b0_i_36_n_4
    SLICE_X59Y69         LUT2 (Prop_lut2_I0_O)        0.257    11.913 r  u_pl/u_osd/g0_b0_i_625/O
                         net (fo=1, routed)           0.000    11.913    u_pl/u_osd/g0_b0_i_625_n_0
    SLICE_X59Y69         CARRY4 (Prop_carry4_S[3]_CO[3])
                                                      0.332    12.245 r  u_pl/u_osd/g0_b0_i_491/CO[3]
                         net (fo=1, routed)           0.000    12.245    u_pl/u_osd/g0_b0_i_491_n_0
    SLICE_X59Y70         CARRY4 (Prop_carry4_CI_O[1])
                                                      0.265    12.510 r  u_pl/u_osd/g0_b0_i_247/O[1]
                         net (fo=3, routed)           0.542    13.052    u_pl/u_osd/g0_b0_i_247_n_6
    SLICE_X58Y69         LUT4 (Prop_lut4_I1_O)        0.250    13.302 r  u_pl/u_osd/g0_b0_i_502/O
                         net (fo=1, routed)           0.000    13.302    u_pl/u_osd/g0_b0_i_502_n_0
    SLICE_X58Y69         CARRY4 (Prop_carry4_S[3]_CO[3])
                                                      0.314    13.616 r  u_pl/u_osd/g0_b0_i_250/CO[3]
                         net (fo=1, routed)           0.000    13.616    u_pl/u_osd/g0_b0_i_250_n_0
    SLICE_X58Y70         CARRY4 (Prop_carry4_CI_CO[1])
                                                      0.131    13.747 r  u_pl/u_osd/g0_b0_i_103/CO[1]
                         net (fo=37, routed)          0.594    14.341    u_pl/u_osd/g0_b0_i_254_0[0]
    SLICE_X60Y70         LUT5 (Prop_lut5_I1_O)        0.280    14.621 f  u_pl/u_osd/g0_b0_i_86/O
                         net (fo=93, routed)          1.029    15.649    u_pl/u_eff/g0_b0_i_153_1
    SLICE_X64Y80         LUT6 (Prop_lut6_I3_O)        0.267    15.916 f  u_pl/u_eff/g0_b0_i_387/O
                         net (fo=1, routed)           0.554    16.470    u_pl/u_eff/g0_b0_i_387_n_0
    SLICE_X64Y80         LUT6 (Prop_lut6_I5_O)        0.105    16.575 r  u_pl/u_eff/g0_b0_i_178/O
                         net (fo=1, routed)           0.675    17.251    u_pl/u_eff/g0_b0_i_178_n_0
    SLICE_X64Y74         LUT6 (Prop_lut6_I5_O)        0.105    17.356 r  u_pl/u_eff/g0_b0_i_63/O
                         net (fo=1, routed)           0.830    18.186    u_pl/u_ang/g0_b0_i_22_0
    SLICE_X60Y70         LUT6 (Prop_lut6_I4_O)        0.105    18.291 f  u_pl/u_ang/g0_b0_i_27/O
                         net (fo=13, routed)          0.633    18.924    u_pl/u_osd/chars[0]
    SLICE_X57Y69         LUT4 (Prop_lut4_I0_O)        0.105    19.029 r  u_pl/u_osd/g0_b0_i_12/O
                         net (fo=3, routed)           0.674    19.703    u_pl/u_osd/g0_b0_i_12_n_0
    SLICE_X55Y67         LUT6 (Prop_lut6_I1_O)        0.105    19.808 r  u_pl/u_osd/g0_b0_i_2/O
                         net (fo=35, routed)          1.000    20.808    u_pl/u_osd_n_213
    SLICE_X54Y63         LUT6 (Prop_lut6_I1_O)        0.105    20.913 r  u_pl/g0_b3__4/O
                         net (fo=1, routed)           0.560    21.473    u_pl/u_ang/out[3]
    SLICE_X54Y63         LUT3 (Prop_lut3_I1_O)        0.118    21.591 f  u_pl/u_ang/r[7]_i_53/O
                         net (fo=1, routed)           0.513    22.103    u_pl/u_ang/r[7]_i_53_n_0
    SLICE_X51Y64         LUT6 (Prop_lut6_I5_O)        0.264    22.367 r  u_pl/u_ang/r[7]_i_23/O
                         net (fo=1, routed)           0.348    22.716    u_pl/u_ang/r[7]_i_23_n_0
    SLICE_X53Y62         LUT6 (Prop_lut6_I1_O)        0.105    22.821 r  u_pl/u_ang/r[7]_i_6/O
                         net (fo=19, routed)          1.139    23.959    u_pl/u_ang/r[7]_i_6_n_0
    SLICE_X66Y48         LUT6 (Prop_lut6_I5_O)        0.105    24.064 r  u_pl/u_ang/r[4]_i_1/O
                         net (fo=1, routed)           0.000    24.064    u_pl/u_osd/r_reg[7]_0[2]
    SLICE_X66Y48         FDCE                                         r  u_pl/u_osd/r_reg[4]/D
  -------------------------------------------------------------------    -------------------

                         (clock clkout0_1 rise edge)
                                                     20.000    20.000 r  
    W17                                               0.000    20.000 r  sys_clk (IN)
                         net (fo=0)                   0.000    20.000    sys_clk
    W17                  IBUF (Prop_ibuf_I_O)         1.349    21.349 r  sys_clk_IBUF_inst/O
                         net (fo=1, routed)           1.701    23.050    sys_clk_IBUF
    BUFGCTRL_X0Y4        BUFG (Prop_bufg_I_O)         0.077    23.127 r  sys_clk_IBUF_BUFG_inst/O
                         net (fo=182, routed)         1.384    24.511    u_pl/u_clk/sys_clk_IBUF_BUFG
    MMCME2_ADV_X1Y0      MMCME2_ADV (Prop_mmcme2_adv_CLKIN1_CLKOUT0)
                                                     -2.915    21.596 r  u_pl/u_clk/u_mmcm/CLKOUT0
                         net (fo=1, routed)           1.454    23.050    u_pl/u_clk/clkout0
    BUFGCTRL_X0Y0        BUFG (Prop_bufg_I_O)         0.077    23.127 r  u_pl/u_clk/u_bufg_pix/O
                         net (fo=3219, routed)        1.305    24.432    u_pl/u_osd/clk_pix
    SLICE_X66Y48         FDCE                                         r  u_pl/u_osd/r_reg[4]/C
                         clock pessimism              0.246    24.678    
                         clock uncertainty           -0.094    24.584    
    SLICE_X66Y48         FDCE (Setup_fdce_C_D)        0.074    24.658    u_pl/u_osd/r_reg[4]
  -------------------------------------------------------------------
                         required time                         24.658    
                         arrival time                         -24.064    
  -------------------------------------------------------------------
                         slack                                  0.593    





Min Delay Paths
--------------------------------------------------------------------------------------
Slack (MET) :             0.083ns  (arrival time - required time)
  Source:                 u_pl/u_bar_r/cx1_reg[2]/C
                            (rising edge-triggered cell FDCE clocked by clkout0_1  {rise@0.000ns fall@10.000ns period=20.000ns})
  Destination:            u_pl/u_bar_r/cx2_reg[2]/D
                            (rising edge-triggered cell FDCE clocked by clkout0_1  {rise@0.000ns fall@10.000ns period=20.000ns})
  Path Group:             clkout0_1
  Path Type:              Hold (Min at Fast Process Corner)
  Requirement:            0.000ns  (clkout0_1 rise@0.000ns - clkout0_1 rise@0.000ns)
  Data Path Delay:        0.420ns  (logic 0.164ns (39.051%)  route 0.256ns (60.949%))
  Logic Levels:           0  
  Clock Path Skew:        0.267ns (DCD - SCD - CPR)
    Destination Clock Delay (DCD):    2.055ns
    Source Clock Delay      (SCD):    1.540ns
    Clock Pessimism Removal (CPR):    0.248ns

    Location             Delay type                Incr(ns)  Path(ns)    Netlist Resource(s)
  -------------------------------------------------------------------    -------------------
                         (clock clkout0_1 rise edge)
                                                      0.000     0.000 r  
    W17                                               0.000     0.000 r  sys_clk (IN)
                         net (fo=0)                   0.000     0.000    sys_clk
    W17                  IBUF (Prop_ibuf_I_O)         0.252     0.252 r  sys_clk_IBUF_inst/O
                         net (fo=1, routed)           0.674     0.926    sys_clk_IBUF
    BUFGCTRL_X0Y4        BUFG (Prop_bufg_I_O)         0.026     0.952 r  sys_clk_IBUF_BUFG_inst/O
                         net (fo=182, routed)         0.595     1.547    u_pl/u_clk/sys_clk_IBUF_BUFG
    MMCME2_ADV_X1Y0      MMCME2_ADV (Prop_mmcme2_adv_CLKIN1_CLKOUT0)
                                                     -1.150     0.397 r  u_pl/u_clk/u_mmcm/CLKOUT0
                         net (fo=1, routed)           0.529     0.926    u_pl/u_clk/clkout0
    BUFGCTRL_X0Y0        BUFG (Prop_bufg_I_O)         0.026     0.952 r  u_pl/u_clk/u_bufg_pix/O
                         net (fo=3219, routed)        0.588     1.540    u_pl/u_bar_r/clk_pix
    SLICE_X82Y48         FDCE                                         r  u_pl/u_bar_r/cx1_reg[2]/C
  -------------------------------------------------------------------    -------------------
    SLICE_X82Y48         FDCE (Prop_fdce_C_Q)         0.164     1.704 r  u_pl/u_bar_r/cx1_reg[2]/Q
                         net (fo=4, routed)           0.256     1.960    u_pl/u_bar_r/cx1_reg[8]_0[2]
    SLICE_X81Y51         FDCE                                         r  u_pl/u_bar_r/cx2_reg[2]/D
  -------------------------------------------------------------------    -------------------

                         (clock clkout0_1 rise edge)
                                                      0.000     0.000 r  
    W17                                               0.000     0.000 r  sys_clk (IN)
                         net (fo=0)                   0.000     0.000    sys_clk
    W17                  IBUF (Prop_ibuf_I_O)         0.440     0.440 r  sys_clk_IBUF_inst/O
                         net (fo=1, routed)           0.731     1.171    sys_clk_IBUF
    BUFGCTRL_X0Y4        BUFG (Prop_bufg_I_O)         0.029     1.200 r  sys_clk_IBUF_BUFG_inst/O
                         net (fo=182, routed)         0.862     2.062    u_pl/u_clk/sys_clk_IBUF_BUFG
    MMCME2_ADV_X1Y0      MMCME2_ADV (Prop_mmcme2_adv_CLKIN1_CLKOUT0)
                                                     -1.467     0.595 r  u_pl/u_clk/u_mmcm/CLKOUT0
                         net (fo=1, routed)           0.576     1.171    u_pl/u_clk/clkout0
    BUFGCTRL_X0Y0        BUFG (Prop_bufg_I_O)         0.029     1.200 r  u_pl/u_clk/u_bufg_pix/O
                         net (fo=3219, routed)        0.855     2.055    u_pl/u_bar_r/clk_pix
    SLICE_X81Y51         FDCE                                         r  u_pl/u_bar_r/cx2_reg[2]/C
                         clock pessimism             -0.248     1.807    
    SLICE_X81Y51         FDCE (Hold_fdce_C_D)         0.070     1.877    u_pl/u_bar_r/cx2_reg[2]
  -------------------------------------------------------------------
                         required time                         -1.877    
                         arrival time                           1.960    
  -------------------------------------------------------------------
                         slack                                  0.083    

Slack (MET) :             0.091ns  (arrival time - required time)
  Source:                 u_pl/u_pipe/u_blur/dout_reg[14]/C
                            (rising edge-triggered cell FDCE clocked by clkout0_1  {rise@0.000ns fall@10.000ns period=20.000ns})
  Destination:            u_pl/u_pipe/u_sharp/lb1_reg_256_511_14_14/RAMS64E_D/I
                            (rising edge-triggered cell RAMS64E clocked by clkout0_1  {rise@0.000ns fall@10.000ns period=20.000ns})
  Path Group:             clkout0_1
  Path Type:              Hold (Min at Fast Process Corner)
  Requirement:            0.000ns  (clkout0_1 rise@0.000ns - clkout0_1 rise@0.000ns)
  Data Path Delay:        0.250ns  (logic 0.141ns (56.310%)  route 0.109ns (43.690%))
  Logic Levels:           0  
  Clock Path Skew:        0.015ns (DCD - SCD - CPR)
    Destination Clock Delay (DCD):    2.053ns
    Source Clock Delay      (SCD):    1.537ns
    Clock Pessimism Removal (CPR):    0.501ns

    Location             Delay type                Incr(ns)  Path(ns)    Netlist Resource(s)
  -------------------------------------------------------------------    -------------------
                         (clock clkout0_1 rise edge)
                                                      0.000     0.000 r  
    W17                                               0.000     0.000 r  sys_clk (IN)
                         net (fo=0)                   0.000     0.000    sys_clk
    W17                  IBUF (Prop_ibuf_I_O)         0.252     0.252 r  sys_clk_IBUF_inst/O
                         net (fo=1, routed)           0.674     0.926    sys_clk_IBUF
    BUFGCTRL_X0Y4        BUFG (Prop_bufg_I_O)         0.026     0.952 r  sys_clk_IBUF_BUFG_inst/O
                         net (fo=182, routed)         0.595     1.547    u_pl/u_clk/sys_clk_IBUF_BUFG
    MMCME2_ADV_X1Y0      MMCME2_ADV (Prop_mmcme2_adv_CLKIN1_CLKOUT0)
                                                     -1.150     0.397 r  u_pl/u_clk/u_mmcm/CLKOUT0
                         net (fo=1, routed)           0.529     0.926    u_pl/u_clk/clkout0
    BUFGCTRL_X0Y0        BUFG (Prop_bufg_I_O)         0.026     0.952 r  u_pl/u_clk/u_bufg_pix/O
                         net (fo=3219, routed)        0.585     1.537    u_pl/u_pipe/u_blur/clk_pix
    SLICE_X85Y93         FDCE                                         r  u_pl/u_pipe/u_blur/dout_reg[14]/C
  -------------------------------------------------------------------    -------------------
    SLICE_X85Y93         FDCE (Prop_fdce_C_Q)         0.141     1.678 r  u_pl/u_pipe/u_blur/dout_reg[14]/Q
                         net (fo=9, routed)           0.109     1.787    u_pl/u_pipe/u_sharp/lb1_reg_256_511_14_14/D
    SLICE_X82Y92         RAMS64E                                      r  u_pl/u_pipe/u_sharp/lb1_reg_256_511_14_14/RAMS64E_D/I
  -------------------------------------------------------------------    -------------------

                         (clock clkout0_1 rise edge)
                                                      0.000     0.000 r  
    W17                                               0.000     0.000 r  sys_clk (IN)
                         net (fo=0)                   0.000     0.000    sys_clk
    W17                  IBUF (Prop_ibuf_I_O)         0.440     0.440 r  sys_clk_IBUF_inst/O
                         net (fo=1, routed)           0.731     1.171    sys_clk_IBUF
    BUFGCTRL_X0Y4        BUFG (Prop_bufg_I_O)         0.029     1.200 r  sys_clk_IBUF_BUFG_inst/O
                         net (fo=182, routed)         0.862     2.062    u_pl/u_clk/sys_clk_IBUF_BUFG
    MMCME2_ADV_X1Y0      MMCME2_ADV (Prop_mmcme2_adv_CLKIN1_CLKOUT0)
                                                     -1.467     0.595 r  u_pl/u_clk/u_mmcm/CLKOUT0
                         net (fo=1, routed)           0.576     1.171    u_pl/u_clk/clkout0
    BUFGCTRL_X0Y0        BUFG (Prop_bufg_I_O)         0.029     1.200 r  u_pl/u_clk/u_bufg_pix/O
                         net (fo=3219, routed)        0.853     2.053    u_pl/u_pipe/u_sharp/lb1_reg_256_511_14_14/WCLK
    SLICE_X82Y92         RAMS64E                                      r  u_pl/u_pipe/u_sharp/lb1_reg_256_511_14_14/RAMS64E_D/CLK
                         clock pessimism             -0.501     1.552    
    SLICE_X82Y92         RAMS64E (Hold_rams64e_CLK_I)
                                                      0.144     1.696    u_pl/u_pipe/u_sharp/lb1_reg_256_511_14_14/RAMS64E_D
  -------------------------------------------------------------------
                         required time                         -1.696    
                         arrival time                           1.787    
  -------------------------------------------------------------------
                         slack                                  0.091    

Slack (MET) :             0.099ns  (arrival time - required time)
  Source:                 u_pl/u_pipe/u_blur/dout_reg[14]/C
                            (rising edge-triggered cell FDCE clocked by clkout0_1  {rise@0.000ns fall@10.000ns period=20.000ns})
  Destination:            u_pl/u_pipe/u_sharp/lb1_reg_0_255_14_14/RAMS64E_D/I
                            (rising edge-triggered cell RAMS64E clocked by clkout0_1  {rise@0.000ns fall@10.000ns period=20.000ns})
  Path Group:             clkout0_1
  Path Type:              Hold (Min at Fast Process Corner)
  Requirement:            0.000ns  (clkout0_1 rise@0.000ns - clkout0_1 rise@0.000ns)
  Data Path Delay:        0.278ns  (logic 0.141ns (50.771%)  route 0.137ns (49.229%))
  Logic Levels:           0  
  Clock Path Skew:        0.035ns (DCD - SCD - CPR)
    Destination Clock Delay (DCD):    2.054ns
    Source Clock Delay      (SCD):    1.537ns
    Clock Pessimism Removal (CPR):    0.482ns

    Location             Delay type                Incr(ns)  Path(ns)    Netlist Resource(s)
  -------------------------------------------------------------------    -------------------
                         (clock clkout0_1 rise edge)
                                                      0.000     0.000 r  
    W17                                               0.000     0.000 r  sys_clk (IN)
                         net (fo=0)                   0.000     0.000    sys_clk
    W17                  IBUF (Prop_ibuf_I_O)         0.252     0.252 r  sys_clk_IBUF_inst/O
                         net (fo=1, routed)           0.674     0.926    sys_clk_IBUF
    BUFGCTRL_X0Y4        BUFG (Prop_bufg_I_O)         0.026     0.952 r  sys_clk_IBUF_BUFG_inst/O
                         net (fo=182, routed)         0.595     1.547    u_pl/u_clk/sys_clk_IBUF_BUFG
    MMCME2_ADV_X1Y0      MMCME2_ADV (Prop_mmcme2_adv_CLKIN1_CLKOUT0)
                                                     -1.150     0.397 r  u_pl/u_clk/u_mmcm/CLKOUT0
                         net (fo=1, routed)           0.529     0.926    u_pl/u_clk/clkout0
    BUFGCTRL_X0Y0        BUFG (Prop_bufg_I_O)         0.026     0.952 r  u_pl/u_clk/u_bufg_pix/O
                         net (fo=3219, routed)        0.585     1.537    u_pl/u_pipe/u_blur/clk_pix
    SLICE_X85Y93         FDCE                                         r  u_pl/u_pipe/u_blur/dout_reg[14]/C
  -------------------------------------------------------------------    -------------------
    SLICE_X85Y93         FDCE (Prop_fdce_C_Q)         0.141     1.678 r  u_pl/u_pipe/u_blur/dout_reg[14]/Q
                         net (fo=9, routed)           0.137     1.815    u_pl/u_pipe/u_sharp/lb1_reg_0_255_14_14/D
    SLICE_X86Y92         RAMS64E                                      r  u_pl/u_pipe/u_sharp/lb1_reg_0_255_14_14/RAMS64E_D/I
  -------------------------------------------------------------------    -------------------

                         (clock clkout0_1 rise edge)
                                                      0.000     0.000 r  
    W17                                               0.000     0.000 r  sys_clk (IN)
                         net (fo=0)                   0.000     0.000    sys_clk
    W17                  IBUF (Prop_ibuf_I_O)         0.440     0.440 r  sys_clk_IBUF_inst/O
                         net (fo=1, routed)           0.731     1.171    sys_clk_IBUF
    BUFGCTRL_X0Y4        BUFG (Prop_bufg_I_O)         0.029     1.200 r  sys_clk_IBUF_BUFG_inst/O
                         net (fo=182, routed)         0.862     2.062    u_pl/u_clk/sys_clk_IBUF_BUFG
    MMCME2_ADV_X1Y0      MMCME2_ADV (Prop_mmcme2_adv_CLKIN1_CLKOUT0)
                                                     -1.467     0.595 r  u_pl/u_clk/u_mmcm/CLKOUT0
                         net (fo=1, routed)           0.576     1.171    u_pl/u_clk/clkout0
    BUFGCTRL_X0Y0        BUFG (Prop_bufg_I_O)         0.029     1.200 r  u_pl/u_clk/u_bufg_pix/O
                         net (fo=3219, routed)        0.854     2.054    u_pl/u_pipe/u_sharp/lb1_reg_0_255_14_14/WCLK
    SLICE_X86Y92         RAMS64E                                      r  u_pl/u_pipe/u_sharp/lb1_reg_0_255_14_14/RAMS64E_D/CLK
                         clock pessimism             -0.482     1.572    
    SLICE_X86Y92         RAMS64E (Hold_rams64e_CLK_I)
                                                      0.144     1.716    u_pl/u_pipe/u_sharp/lb1_reg_0_255_14_14/RAMS64E_D
  -------------------------------------------------------------------
                         required time                         -1.716    
                         arrival time                           1.815    
  -------------------------------------------------------------------
                         slack                                  0.099    





Pulse Width Checks
--------------------------------------------------------------------------------------
Clock Name:         clkout0_1
Waveform(ns):       { 0.000 10.000 }
Period(ns):         20.000
Sources:            { u_pl/u_clk/u_mmcm/CLKOUT0 }

Check Type        Corner  Lib Pin             Reference Pin  Required(ns)  Actual(ns)  Slack(ns)  Location         Pin
Min Period        n/a     DSP48E1/CLK         n/a            3.272         20.000      16.728     DSP48_X3Y26      u_pl/u_zmap/yr_m_reg/CLK
Min Period        n/a     DSP48E1/CLK         n/a            2.997         20.000      17.003     DSP48_X3Y24      u_pl/u_zmap/xr_m_reg/CLK
Min Period        n/a     RAMB36E1/CLKBWRCLK  n/a            2.170         20.000      17.830     RAMB36_X4Y4      u_pl/u_fb/hi_reg_0/CLKBWRCLK
Max Period        n/a     MMCME2_ADV/CLKOUT0  n/a            213.360       20.000      193.360    MMCME2_ADV_X1Y0  u_pl/u_clk/u_mmcm/CLKOUT0
Low Pulse Width   Slow    RAMS64E/CLK         n/a            1.130         10.000      8.870      SLICE_X82Y81     u_pl/u_pipe/u_blur/lb1_reg_0_255_0_0/RAMS64E_A/CLK
Low Pulse Width   Fast    RAMS64E/CLK         n/a            1.130         10.000      8.870      SLICE_X82Y81     u_pl/u_pipe/u_blur/lb1_reg_0_255_0_0/RAMS64E_A/CLK
Low Pulse Width   Slow    RAMS64E/CLK         n/a            1.130         10.000      8.870      SLICE_X82Y81     u_pl/u_pipe/u_blur/lb1_reg_0_255_0_0/RAMS64E_B/CLK
High Pulse Width  Slow    RAMS64E/CLK         n/a            1.130         10.000      8.870      SLICE_X82Y81     u_pl/u_pipe/u_blur/lb1_reg_0_255_0_0/RAMS64E_A/CLK
High Pulse Width  Fast    RAMS64E/CLK         n/a            1.130         10.000      8.870      SLICE_X82Y81     u_pl/u_pipe/u_blur/lb1_reg_0_255_0_0/RAMS64E_A/CLK
High Pulse Width  Slow    RAMS64E/CLK         n/a            1.130         10.000      8.870      SLICE_X82Y81     u_pl/u_pipe/u_blur/lb1_reg_0_255_0_0/RAMS64E_B/CLK



---------------------------------------------------------------------------------------------------
From Clock:  clkout1_1
  To Clock:  clkout1_1

Setup :           NA  Failing Endpoints,  Worst Slack           NA  ,  Total Violation           NA
Hold  :           NA  Failing Endpoints,  Worst Slack           NA  ,  Total Violation           NA
PW    :            0  Failing Endpoints,  Worst Slack        2.408ns,  Total Violation        0.000ns
---------------------------------------------------------------------------------------------------


Pulse Width Checks
--------------------------------------------------------------------------------------
Clock Name:         clkout1_1
Waveform(ns):       { 0.000 2.000 }
Period(ns):         4.000
Sources:            { u_pl/u_clk/u_mmcm/CLKOUT1 }

Check Type  Corner  Lib Pin             Reference Pin  Required(ns)  Actual(ns)  Slack(ns)  Location         Pin
Min Period  n/a     BUFG/I              n/a            1.592         4.000       2.408      BUFGCTRL_X0Y2    u_pl/u_clk/u_bufg_5x/I
Min Period  n/a     OSERDESE2/CLK       n/a            1.471         4.000       2.529      OLOGIC_X1Y16     u_pl/u_dvi/u_ser0/u_master/CLK
Min Period  n/a     OSERDESE2/CLK       n/a            1.471         4.000       2.529      OLOGIC_X1Y15     u_pl/u_dvi/u_ser0/u_slave/CLK
Max Period  n/a     MMCME2_ADV/CLKOUT1  n/a            213.360       4.000       209.360    MMCME2_ADV_X1Y0  u_pl/u_clk/u_mmcm/CLKOUT1



---------------------------------------------------------------------------------------------------
From Clock:  clkout2
  To Clock:  clkout2

Setup :           NA  Failing Endpoints,  Worst Slack           NA  ,  Total Violation           NA
Hold  :           NA  Failing Endpoints,  Worst Slack           NA  ,  Total Violation           NA
PW    :            0  Failing Endpoints,  Worst Slack        0.264ns,  Total Violation        0.000ns
---------------------------------------------------------------------------------------------------


Pulse Width Checks
--------------------------------------------------------------------------------------
Clock Name:         clkout2
Waveform(ns):       { 0.000 2.500 }
Period(ns):         5.000
Sources:            { u_idelay_clkgen/u_mmcm/CLKOUT2 }

Check Type  Corner  Lib Pin             Reference Pin  Required(ns)  Actual(ns)  Slack(ns)  Location         Pin
Min Period  n/a     IDELAYCTRL/REFCLK   n/a            2.438         5.000       2.562      IDELAYCTRL_X1Y0  u_eth/u_rgmii/u_rgmii_rx/IDELAYCTRL_inst/REFCLK
Min Period  n/a     BUFG/I              n/a            1.592         5.000       3.408      BUFGCTRL_X0Y3    u_idelay_clkgen/u_bufg_200/I
Min Period  n/a     MMCME2_ADV/CLKOUT2  n/a            1.249         5.000       3.751      MMCME2_ADV_X0Y0  u_idelay_clkgen/u_mmcm/CLKOUT2
Max Period  n/a     IDELAYCTRL/REFCLK   n/a            5.264         5.000       0.264      IDELAYCTRL_X1Y0  u_eth/u_rgmii/u_rgmii_rx/IDELAYCTRL_inst/REFCLK
Max Period  n/a     MMCME2_ADV/CLKOUT2  n/a            213.360       5.000       208.360    MMCME2_ADV_X0Y0  u_idelay_clkgen/u_mmcm/CLKOUT2



---------------------------------------------------------------------------------------------------
From Clock:  clkout0_1
  To Clock:  sys_clk

Setup :            0  Failing Endpoints,  Worst Slack       16.986ns,  Total Violation        0.000ns
Hold  :            0  Failing Endpoints,  Worst Slack        0.213ns,  Total Violation        0.000ns
---------------------------------------------------------------------------------------------------


Max Delay Paths
--------------------------------------------------------------------------------------
Slack (MET) :             16.986ns  (required time - arrival time)
  Source:                 u_pl/vs_pix_d1_reg/C
                            (rising edge-triggered cell FDRE clocked by clkout0_1  {rise@0.000ns fall@10.000ns period=20.000ns})
  Destination:            u_pl/vt0_reg/D
                            (rising edge-triggered cell FDRE clocked by sys_clk  {rise@0.000ns fall@10.000ns period=20.000ns})
  Path Group:             sys_clk
  Path Type:              Setup (Max at Slow Process Corner)
  Requirement:            20.000ns  (sys_clk rise@20.000ns - clkout0_1 rise@0.000ns)
  Data Path Delay:        2.529ns  (logic 0.484ns (19.136%)  route 2.045ns (80.864%))
  Logic Levels:           1  (LUT2=1)
  Clock Path Skew:        -0.156ns (DCD - SCD + CPR)
    Destination Clock Delay (DCD):    4.358ns = ( 24.358 - 20.000 ) 
    Source Clock Delay      (SCD):    4.760ns
    Clock Pessimism Removal (CPR):    0.246ns
  Clock Uncertainty:      0.259ns  ((TSJ^2 + DJ^2)^1/2) / 2 + PE
    Total System Jitter     (TSJ):    0.071ns
    Discrete Jitter          (DJ):    0.175ns
    Phase Error              (PE):    0.165ns

    Location             Delay type                Incr(ns)  Path(ns)    Netlist Resource(s)
  -------------------------------------------------------------------    -------------------
                         (clock clkout0_1 rise edge)
                                                      0.000     0.000 r  
    W17                                               0.000     0.000 r  sys_clk (IN)
                         net (fo=0)                   0.000     0.000    sys_clk
    W17                  IBUF (Prop_ibuf_I_O)         1.415     1.415 r  sys_clk_IBUF_inst/O
                         net (fo=1, routed)           1.873     3.288    sys_clk_IBUF
    BUFGCTRL_X0Y4        BUFG (Prop_bufg_I_O)         0.085     3.373 r  sys_clk_IBUF_BUFG_inst/O
                         net (fo=182, routed)         1.550     4.923    u_pl/u_clk/sys_clk_IBUF_BUFG
    MMCME2_ADV_X1Y0      MMCME2_ADV (Prop_mmcme2_adv_CLKIN1_CLKOUT0)
                                                     -3.232     1.691 r  u_pl/u_clk/u_mmcm/CLKOUT0
                         net (fo=1, routed)           1.597     3.288    u_pl/u_clk/clkout0
    BUFGCTRL_X0Y0        BUFG (Prop_bufg_I_O)         0.085     3.373 r  u_pl/u_clk/u_bufg_pix/O
                         net (fo=3219, routed)        1.387     4.760    u_pl/clk_pix
    SLICE_X48Y59         FDRE                                         r  u_pl/vs_pix_d1_reg/C
  -------------------------------------------------------------------    -------------------
    SLICE_X48Y59         FDRE (Prop_fdre_C_Q)         0.379     5.139 f  u_pl/vs_pix_d1_reg/Q
                         net (fo=1, routed)           1.054     6.193    u_pl/vs_pix_d1
    SLICE_X49Y59         LUT2 (Prop_lut2_I1_O)        0.105     6.298 r  u_pl/vt0_i_1/O
                         net (fo=1, routed)           0.992     7.289    u_pl/vs_tick
    SLICE_X49Y64         FDRE                                         r  u_pl/vt0_reg/D
  -------------------------------------------------------------------    -------------------

                         (clock sys_clk rise edge)   20.000    20.000 r  
    W17                                               0.000    20.000 r  sys_clk (IN)
                         net (fo=0)                   0.000    20.000    sys_clk
    W17                  IBUF (Prop_ibuf_I_O)         1.349    21.349 r  sys_clk_IBUF_inst/O
                         net (fo=1, routed)           1.701    23.050    sys_clk_IBUF
    BUFGCTRL_X0Y4        BUFG (Prop_bufg_I_O)         0.077    23.127 r  sys_clk_IBUF_BUFG_inst/O
                         net (fo=182, routed)         1.231    24.358    u_pl/sys_clk_IBUF_BUFG
    SLICE_X49Y64         FDRE                                         r  u_pl/vt0_reg/C
                         clock pessimism              0.246    24.604    
                         clock uncertainty           -0.259    24.345    
    SLICE_X49Y64         FDRE (Setup_fdre_C_D)       -0.070    24.275    u_pl/vt0_reg
  -------------------------------------------------------------------
                         required time                         24.275    
                         arrival time                          -7.289    
  -------------------------------------------------------------------
                         slack                                 16.986    





Min Delay Paths
--------------------------------------------------------------------------------------
Slack (MET) :             0.213ns  (arrival time - required time)
  Source:                 u_pl/vs_pix_d0_reg/C
                            (rising edge-triggered cell FDRE clocked by clkout0_1  {rise@0.000ns fall@10.000ns period=20.000ns})
  Destination:            u_pl/vt0_reg/D
                            (rising edge-triggered cell FDRE clocked by sys_clk  {rise@0.000ns fall@10.000ns period=20.000ns})
  Path Group:             sys_clk
  Path Type:              Hold (Min at Fast Process Corner)
  Requirement:            0.000ns  (sys_clk rise@0.000ns - clkout0_1 rise@0.000ns)
  Data Path Delay:        0.799ns  (logic 0.186ns (23.284%)  route 0.613ns (76.716%))
  Logic Levels:           1  (LUT2=1)
  Clock Path Skew:        0.265ns (DCD - SCD - CPR)
    Destination Clock Delay (DCD):    2.021ns
    Source Clock Delay      (SCD):    1.508ns
    Clock Pessimism Removal (CPR):    0.248ns
  Clock Uncertainty:      0.259ns  ((TSJ^2 + DJ^2)^1/2) / 2 + PE
    Total System Jitter     (TSJ):    0.071ns
    Discrete Jitter          (DJ):    0.175ns
    Phase Error              (PE):    0.165ns

    Location             Delay type                Incr(ns)  Path(ns)    Netlist Resource(s)
  -------------------------------------------------------------------    -------------------
                         (clock clkout0_1 rise edge)
                                                      0.000     0.000 r  
    W17                                               0.000     0.000 r  sys_clk (IN)
                         net (fo=0)                   0.000     0.000    sys_clk
    W17                  IBUF (Prop_ibuf_I_O)         0.252     0.252 r  sys_clk_IBUF_inst/O
                         net (fo=1, routed)           0.674     0.926    sys_clk_IBUF
    BUFGCTRL_X0Y4        BUFG (Prop_bufg_I_O)         0.026     0.952 r  sys_clk_IBUF_BUFG_inst/O
                         net (fo=182, routed)         0.595     1.547    u_pl/u_clk/sys_clk_IBUF_BUFG
    MMCME2_ADV_X1Y0      MMCME2_ADV (Prop_mmcme2_adv_CLKIN1_CLKOUT0)
                                                     -1.150     0.397 r  u_pl/u_clk/u_mmcm/CLKOUT0
                         net (fo=1, routed)           0.529     0.926    u_pl/u_clk/clkout0
    BUFGCTRL_X0Y0        BUFG (Prop_bufg_I_O)         0.026     0.952 r  u_pl/u_clk/u_bufg_pix/O
                         net (fo=3219, routed)        0.556     1.508    u_pl/clk_pix
    SLICE_X48Y59         FDRE                                         r  u_pl/vs_pix_d0_reg/C
  -------------------------------------------------------------------    -------------------
    SLICE_X48Y59         FDRE (Prop_fdre_C_Q)         0.141     1.649 r  u_pl/vs_pix_d0_reg/Q
                         net (fo=2, routed)           0.180     1.829    u_pl/vs_pix_d0
    SLICE_X49Y59         LUT2 (Prop_lut2_I0_O)        0.045     1.874 r  u_pl/vt0_i_1/O
                         net (fo=1, routed)           0.433     2.307    u_pl/vs_tick
    SLICE_X49Y64         FDRE                                         r  u_pl/vt0_reg/D
  -------------------------------------------------------------------    -------------------

                         (clock sys_clk rise edge)    0.000     0.000 r  
    W17                                               0.000     0.000 r  sys_clk (IN)
                         net (fo=0)                   0.000     0.000    sys_clk
    W17                  IBUF (Prop_ibuf_I_O)         0.440     0.440 r  sys_clk_IBUF_inst/O
                         net (fo=1, routed)           0.731     1.171    sys_clk_IBUF
    BUFGCTRL_X0Y4        BUFG (Prop_bufg_I_O)         0.029     1.200 r  sys_clk_IBUF_BUFG_inst/O
                         net (fo=182, routed)         0.821     2.021    u_pl/sys_clk_IBUF_BUFG
    SLICE_X49Y64         FDRE                                         r  u_pl/vt0_reg/C
                         clock pessimism             -0.248     1.773    
                         clock uncertainty            0.259     2.032    
    SLICE_X49Y64         FDRE (Hold_fdre_C_D)         0.061     2.093    u_pl/vt0_reg
  -------------------------------------------------------------------
                         required time                         -2.093    
                         arrival time                           2.307    
  -------------------------------------------------------------------
                         slack                                  0.213    





---------------------------------------------------------------------------------------------------
From Clock:  sys_clk
  To Clock:  clkout0_1

Setup :            0  Failing Endpoints,  Worst Slack        5.001ns,  Total Violation        0.000ns
Hold  :            0  Failing Endpoints,  Worst Slack        0.241ns,  Total Violation        0.000ns
---------------------------------------------------------------------------------------------------


Max Delay Paths
--------------------------------------------------------------------------------------
Slack (MET) :             5.001ns  (required time - arrival time)
  Source:                 u_pl/u_ang/angle_reg[4]/C
                            (rising edge-triggered cell FDRE clocked by sys_clk  {rise@0.000ns fall@10.000ns period=20.000ns})
  Destination:            u_pl/u_osd/b_reg[5]/D
                            (rising edge-triggered cell FDCE clocked by clkout0_1  {rise@0.000ns fall@10.000ns period=20.000ns})
  Path Group:             clkout0_1
  Path Type:              Setup (Max at Slow Process Corner)
  Requirement:            20.000ns  (clkout0_1 rise@20.000ns - sys_clk rise@0.000ns)
  Data Path Delay:        14.614ns  (logic 4.011ns (27.446%)  route 10.603ns (72.554%))
  Logic Levels:           19  (CARRY4=4 LUT2=1 LUT3=2 LUT4=2 LUT5=2 LUT6=8)
  Clock Path Skew:        -0.156ns (DCD - SCD + CPR)
    Destination Clock Delay (DCD):    4.418ns = ( 24.418 - 20.000 ) 
    Source Clock Delay      (SCD):    4.820ns
    Clock Pessimism Removal (CPR):    0.246ns
  Clock Uncertainty:      0.259ns  ((TSJ^2 + DJ^2)^1/2) / 2 + PE
    Total System Jitter     (TSJ):    0.071ns
    Discrete Jitter          (DJ):    0.175ns
    Phase Error              (PE):    0.165ns

    Location             Delay type                Incr(ns)  Path(ns)    Netlist Resource(s)
  -------------------------------------------------------------------    -------------------
                         (clock sys_clk rise edge)    0.000     0.000 r  
    W17                                               0.000     0.000 r  sys_clk (IN)
                         net (fo=0)                   0.000     0.000    sys_clk
    W17                  IBUF (Prop_ibuf_I_O)         1.415     1.415 r  sys_clk_IBUF_inst/O
                         net (fo=1, routed)           1.873     3.288    sys_clk_IBUF
    BUFGCTRL_X0Y4        BUFG (Prop_bufg_I_O)         0.085     3.373 r  sys_clk_IBUF_BUFG_inst/O
                         net (fo=182, routed)         1.447     4.820    u_pl/u_ang/sys_clk_IBUF_BUFG
    SLICE_X87Y64         FDRE                                         r  u_pl/u_ang/angle_reg[4]/C
  -------------------------------------------------------------------    -------------------
    SLICE_X87Y64         FDRE (Prop_fdre_C_Q)         0.348     5.168 r  u_pl/u_ang/angle_reg[4]/Q
                         net (fo=123, routed)         1.092     6.260    u_pl/u_ang/angle[4]
    SLICE_X66Y64         LUT2 (Prop_lut2_I0_O)        0.242     6.502 r  u_pl/u_ang/g0_b0_i_649/O
                         net (fo=1, routed)           0.000     6.502    u_pl/u_ang/g0_b0_i_649_n_0
    SLICE_X66Y64         CARRY4 (Prop_carry4_S[3]_CO[3])
                                                      0.314     6.816 r  u_pl/u_ang/g0_b0_i_604/CO[3]
                         net (fo=1, routed)           0.000     6.816    u_pl/u_ang/g0_b0_i_604_n_0
    SLICE_X66Y65         CARRY4 (Prop_carry4_CI_CO[3])
                                                      0.100     6.916 r  u_pl/u_ang/g0_b0_i_462/CO[3]
                         net (fo=1, routed)           0.000     6.916    u_pl/u_ang/g0_b0_i_462_n_0
    SLICE_X66Y66         CARRY4 (Prop_carry4_CI_O[1])
                                                      0.257     7.173 r  u_pl/u_ang/g0_b0_i_232/O[1]
                         net (fo=14, routed)          0.716     7.889    u_pl/u_ang/g0_b0_i_232_n_6
    SLICE_X67Y67         LUT3 (Prop_lut3_I0_O)        0.255     8.144 r  u_pl/u_ang/g0_b0_i_465/O
                         net (fo=2, routed)           0.695     8.839    u_pl/u_ang/g0_b0_i_465_n_0
    SLICE_X67Y67         LUT5 (Prop_lut5_I0_O)        0.267     9.106 r  u_pl/u_ang/g0_b0_i_468/O
                         net (fo=1, routed)           0.000     9.106    u_pl/u_ang/g0_b0_i_468_n_0
    SLICE_X67Y67         CARRY4 (Prop_carry4_S[1]_CO[2])
                                                      0.475     9.581 r  u_pl/u_ang/g0_b0_i_233/CO[2]
                         net (fo=6, routed)           0.330     9.911    u_pl/u_ang/g0_b0_i_233_n_1
    SLICE_X67Y68         LUT4 (Prop_lut4_I3_O)        0.264    10.175 r  u_pl/u_ang/g0_b0_i_89/O
                         net (fo=46, routed)          0.998    11.172    u_pl/u_ang/angle_reg[8]_0
    SLICE_X66Y70         LUT5 (Prop_lut5_I3_O)        0.267    11.439 f  u_pl/u_ang/g0_b0_i_34/O
                         net (fo=3, routed)           0.736    12.175    u_pl/u_ang/g0_b0_i_34_n_0
    SLICE_X62Y71         LUT6 (Prop_lut6_I0_O)        0.105    12.280 r  u_pl/u_ang/g0_b0_i_56/O
                         net (fo=1, routed)           0.610    12.891    u_pl/u_ang/g0_b0_i_56_n_0
    SLICE_X58Y71         LUT6 (Prop_lut6_I1_O)        0.105    12.996 r  u_pl/u_ang/g0_b0_i_26/O
                         net (fo=13, routed)          0.482    13.478    u_pl/u_osd/chars[5]
    SLICE_X57Y70         LUT6 (Prop_lut6_I0_O)        0.105    13.583 r  u_pl/u_osd/g0_b0_i_40/O
                         net (fo=1, routed)           0.684    14.267    u_pl/u_osd/g0_b0_i_40_n_0
    SLICE_X57Y69         LUT4 (Prop_lut4_I1_O)        0.105    14.372 r  u_pl/u_osd/g0_b0_i_12/O
                         net (fo=3, routed)           0.674    15.045    u_pl/u_osd/g0_b0_i_12_n_0
    SLICE_X55Y67         LUT6 (Prop_lut6_I1_O)        0.105    15.150 r  u_pl/u_osd/g0_b0_i_2/O
                         net (fo=35, routed)          1.000    16.150    u_pl/u_osd_n_213
    SLICE_X54Y63         LUT6 (Prop_lut6_I1_O)        0.105    16.255 f  u_pl/g0_b3__4/O
                         net (fo=1, routed)           0.560    16.815    u_pl/u_ang/out[3]
    SLICE_X54Y63         LUT3 (Prop_lut3_I1_O)        0.118    16.933 r  u_pl/u_ang/r[7]_i_53/O
                         net (fo=1, routed)           0.513    17.446    u_pl/u_ang/r[7]_i_53_n_0
    SLICE_X51Y64         LUT6 (Prop_lut6_I5_O)        0.264    17.710 f  u_pl/u_ang/r[7]_i_23/O
                         net (fo=1, routed)           0.348    18.058    u_pl/u_ang/r[7]_i_23_n_0
    SLICE_X53Y62         LUT6 (Prop_lut6_I1_O)        0.105    18.163 f  u_pl/u_ang/r[7]_i_6/O
                         net (fo=19, routed)          1.166    19.329    u_pl/u_ang/r[7]_i_6_n_0
    SLICE_X67Y51         LUT6 (Prop_lut6_I5_O)        0.105    19.434 r  u_pl/u_ang/b[5]_i_1/O
                         net (fo=1, routed)           0.000    19.434    u_pl/u_osd/b_reg[7]_1[3]
    SLICE_X67Y51         FDCE                                         r  u_pl/u_osd/b_reg[5]/D
  -------------------------------------------------------------------    -------------------

                         (clock clkout0_1 rise edge)
                                                     20.000    20.000 r  
    W17                                               0.000    20.000 r  sys_clk (IN)
                         net (fo=0)                   0.000    20.000    sys_clk
    W17                  IBUF (Prop_ibuf_I_O)         1.349    21.349 r  sys_clk_IBUF_inst/O
                         net (fo=1, routed)           1.701    23.050    sys_clk_IBUF
    BUFGCTRL_X0Y4        BUFG (Prop_bufg_I_O)         0.077    23.127 r  sys_clk_IBUF_BUFG_inst/O
                         net (fo=182, routed)         1.384    24.511    u_pl/u_clk/sys_clk_IBUF_BUFG
    MMCME2_ADV_X1Y0      MMCME2_ADV (Prop_mmcme2_adv_CLKIN1_CLKOUT0)
                                                     -2.915    21.596 r  u_pl/u_clk/u_mmcm/CLKOUT0
                         net (fo=1, routed)           1.454    23.050    u_pl/u_clk/clkout0
    BUFGCTRL_X0Y0        BUFG (Prop_bufg_I_O)         0.077    23.127 r  u_pl/u_clk/u_bufg_pix/O
                         net (fo=3219, routed)        1.291    24.418    u_pl/u_osd/clk_pix
    SLICE_X67Y51         FDCE                                         r  u_pl/u_osd/b_reg[5]/C
                         clock pessimism              0.246    24.664    
                         clock uncertainty           -0.259    24.405    
    SLICE_X67Y51         FDCE (Setup_fdce_C_D)        0.030    24.435    u_pl/u_osd/b_reg[5]
  -------------------------------------------------------------------
                         required time                         24.435    
                         arrival time                         -19.434    
  -------------------------------------------------------------------
                         slack                                  5.001    

Slack (MET) :             5.009ns  (required time - arrival time)
  Source:                 u_pl/u_ang/angle_reg[4]/C
                            (rising edge-triggered cell FDRE clocked by sys_clk  {rise@0.000ns fall@10.000ns period=20.000ns})
  Destination:            u_pl/u_osd/g_reg[0]/D
                            (rising edge-triggered cell FDCE clocked by clkout0_1  {rise@0.000ns fall@10.000ns period=20.000ns})
  Path Group:             clkout0_1
  Path Type:              Setup (Max at Slow Process Corner)
  Requirement:            20.000ns  (clkout0_1 rise@20.000ns - sys_clk rise@0.000ns)
  Data Path Delay:        14.608ns  (logic 4.011ns (27.458%)  route 10.597ns (72.542%))
  Logic Levels:           19  (CARRY4=4 LUT2=1 LUT3=2 LUT4=2 LUT5=2 LUT6=8)
  Clock Path Skew:        -0.156ns (DCD - SCD + CPR)
    Destination Clock Delay (DCD):    4.418ns = ( 24.418 - 20.000 ) 
    Source Clock Delay      (SCD):    4.820ns
    Clock Pessimism Removal (CPR):    0.246ns
  Clock Uncertainty:      0.259ns  ((TSJ^2 + DJ^2)^1/2) / 2 + PE
    Total System Jitter     (TSJ):    0.071ns
    Discrete Jitter          (DJ):    0.175ns
    Phase Error              (PE):    0.165ns

    Location             Delay type                Incr(ns)  Path(ns)    Netlist Resource(s)
  -------------------------------------------------------------------    -------------------
                         (clock sys_clk rise edge)    0.000     0.000 r  
    W17                                               0.000     0.000 r  sys_clk (IN)
                         net (fo=0)                   0.000     0.000    sys_clk
    W17                  IBUF (Prop_ibuf_I_O)         1.415     1.415 r  sys_clk_IBUF_inst/O
                         net (fo=1, routed)           1.873     3.288    sys_clk_IBUF
    BUFGCTRL_X0Y4        BUFG (Prop_bufg_I_O)         0.085     3.373 r  sys_clk_IBUF_BUFG_inst/O
                         net (fo=182, routed)         1.447     4.820    u_pl/u_ang/sys_clk_IBUF_BUFG
    SLICE_X87Y64         FDRE                                         r  u_pl/u_ang/angle_reg[4]/C
  -------------------------------------------------------------------    -------------------
    SLICE_X87Y64         FDRE (Prop_fdre_C_Q)         0.348     5.168 r  u_pl/u_ang/angle_reg[4]/Q
                         net (fo=123, routed)         1.092     6.260    u_pl/u_ang/angle[4]
    SLICE_X66Y64         LUT2 (Prop_lut2_I0_O)        0.242     6.502 r  u_pl/u_ang/g0_b0_i_649/O
                         net (fo=1, routed)           0.000     6.502    u_pl/u_ang/g0_b0_i_649_n_0
    SLICE_X66Y64         CARRY4 (Prop_carry4_S[3]_CO[3])
                                                      0.314     6.816 r  u_pl/u_ang/g0_b0_i_604/CO[3]
                         net (fo=1, routed)           0.000     6.816    u_pl/u_ang/g0_b0_i_604_n_0
    SLICE_X66Y65         CARRY4 (Prop_carry4_CI_CO[3])
                                                      0.100     6.916 r  u_pl/u_ang/g0_b0_i_462/CO[3]
                         net (fo=1, routed)           0.000     6.916    u_pl/u_ang/g0_b0_i_462_n_0
    SLICE_X66Y66         CARRY4 (Prop_carry4_CI_O[1])
                                                      0.257     7.173 r  u_pl/u_ang/g0_b0_i_232/O[1]
                         net (fo=14, routed)          0.716     7.889    u_pl/u_ang/g0_b0_i_232_n_6
    SLICE_X67Y67         LUT3 (Prop_lut3_I0_O)        0.255     8.144 r  u_pl/u_ang/g0_b0_i_465/O
                         net (fo=2, routed)           0.695     8.839    u_pl/u_ang/g0_b0_i_465_n_0
    SLICE_X67Y67         LUT5 (Prop_lut5_I0_O)        0.267     9.106 r  u_pl/u_ang/g0_b0_i_468/O
                         net (fo=1, routed)           0.000     9.106    u_pl/u_ang/g0_b0_i_468_n_0
    SLICE_X67Y67         CARRY4 (Prop_carry4_S[1]_CO[2])
                                                      0.475     9.581 r  u_pl/u_ang/g0_b0_i_233/CO[2]
                         net (fo=6, routed)           0.330     9.911    u_pl/u_ang/g0_b0_i_233_n_1
    SLICE_X67Y68         LUT4 (Prop_lut4_I3_O)        0.264    10.175 r  u_pl/u_ang/g0_b0_i_89/O
                         net (fo=46, routed)          0.998    11.172    u_pl/u_ang/angle_reg[8]_0
    SLICE_X66Y70         LUT5 (Prop_lut5_I3_O)        0.267    11.439 f  u_pl/u_ang/g0_b0_i_34/O
                         net (fo=3, routed)           0.736    12.175    u_pl/u_ang/g0_b0_i_34_n_0
    SLICE_X62Y71         LUT6 (Prop_lut6_I0_O)        0.105    12.280 r  u_pl/u_ang/g0_b0_i_56/O
                         net (fo=1, routed)           0.610    12.891    u_pl/u_ang/g0_b0_i_56_n_0
    SLICE_X58Y71         LUT6 (Prop_lut6_I1_O)        0.105    12.996 r  u_pl/u_ang/g0_b0_i_26/O
                         net (fo=13, routed)          0.482    13.478    u_pl/u_osd/chars[5]
    SLICE_X57Y70         LUT6 (Prop_lut6_I0_O)        0.105    13.583 r  u_pl/u_osd/g0_b0_i_40/O
                         net (fo=1, routed)           0.684    14.267    u_pl/u_osd/g0_b0_i_40_n_0
    SLICE_X57Y69         LUT4 (Prop_lut4_I1_O)        0.105    14.372 r  u_pl/u_osd/g0_b0_i_12/O
                         net (fo=3, routed)           0.674    15.045    u_pl/u_osd/g0_b0_i_12_n_0
    SLICE_X55Y67         LUT6 (Prop_lut6_I1_O)        0.105    15.150 r  u_pl/u_osd/g0_b0_i_2/O
                         net (fo=35, routed)          1.000    16.150    u_pl/u_osd_n_213
    SLICE_X54Y63         LUT6 (Prop_lut6_I1_O)        0.105    16.255 f  u_pl/g0_b3__4/O
                         net (fo=1, routed)           0.560    16.815    u_pl/u_ang/out[3]
    SLICE_X54Y63         LUT3 (Prop_lut3_I1_O)        0.118    16.933 r  u_pl/u_ang/r[7]_i_53/O
                         net (fo=1, routed)           0.513    17.446    u_pl/u_ang/r[7]_i_53_n_0
    SLICE_X51Y64         LUT6 (Prop_lut6_I5_O)        0.264    17.710 f  u_pl/u_ang/r[7]_i_23/O
                         net (fo=1, routed)           0.348    18.058    u_pl/u_ang/r[7]_i_23_n_0
    SLICE_X53Y62         LUT6 (Prop_lut6_I1_O)        0.105    18.163 f  u_pl/u_ang/r[7]_i_6/O
                         net (fo=19, routed)          1.160    19.323    u_pl/u_ang/r[7]_i_6_n_0
    SLICE_X67Y51         LUT6 (Prop_lut6_I5_O)        0.105    19.428 r  u_pl/u_ang/g[0]_i_1/O
                         net (fo=1, routed)           0.000    19.428    u_pl/u_osd/g_reg[7]_0[0]
    SLICE_X67Y51         FDCE                                         r  u_pl/u_osd/g_reg[0]/D
  -------------------------------------------------------------------    -------------------

                         (clock clkout0_1 rise edge)
                                                     20.000    20.000 r  
    W17                                               0.000    20.000 r  sys_clk (IN)
                         net (fo=0)                   0.000    20.000    sys_clk
    W17                  IBUF (Prop_ibuf_I_O)         1.349    21.349 r  sys_clk_IBUF_inst/O
                         net (fo=1, routed)           1.701    23.050    sys_clk_IBUF
    BUFGCTRL_X0Y4        BUFG (Prop_bufg_I_O)         0.077    23.127 r  sys_clk_IBUF_BUFG_inst/O
                         net (fo=182, routed)         1.384    24.511    u_pl/u_clk/sys_clk_IBUF_BUFG
    MMCME2_ADV_X1Y0      MMCME2_ADV (Prop_mmcme2_adv_CLKIN1_CLKOUT0)
                                                     -2.915    21.596 r  u_pl/u_clk/u_mmcm/CLKOUT0
                         net (fo=1, routed)           1.454    23.050    u_pl/u_clk/clkout0
    BUFGCTRL_X0Y0        BUFG (Prop_bufg_I_O)         0.077    23.127 r  u_pl/u_clk/u_bufg_pix/O
                         net (fo=3219, routed)        1.291    24.418    u_pl/u_osd/clk_pix
    SLICE_X67Y51         FDCE                                         r  u_pl/u_osd/g_reg[0]/C
                         clock pessimism              0.246    24.664    
                         clock uncertainty           -0.259    24.405    
    SLICE_X67Y51         FDCE (Setup_fdce_C_D)        0.032    24.437    u_pl/u_osd/g_reg[0]
  -------------------------------------------------------------------
                         required time                         24.437    
                         arrival time                         -19.428    
  -------------------------------------------------------------------
                         slack                                  5.009    

Slack (MET) :             5.033ns  (required time - arrival time)
  Source:                 u_pl/u_ang/angle_reg[4]/C
                            (rising edge-triggered cell FDRE clocked by sys_clk  {rise@0.000ns fall@10.000ns period=20.000ns})
  Destination:            u_pl/u_osd/g_reg[2]/D
                            (rising edge-triggered cell FDCE clocked by clkout0_1  {rise@0.000ns fall@10.000ns period=20.000ns})
  Path Group:             clkout0_1
  Path Type:              Setup (Max at Slow Process Corner)
  Requirement:            20.000ns  (clkout0_1 rise@20.000ns - sys_clk rise@0.000ns)
  Data Path Delay:        14.596ns  (logic 4.011ns (27.480%)  route 10.585ns (72.520%))
  Logic Levels:           19  (CARRY4=4 LUT2=1 LUT3=2 LUT4=2 LUT5=2 LUT6=8)
  Clock Path Skew:        -0.142ns (DCD - SCD + CPR)
    Destination Clock Delay (DCD):    4.432ns = ( 24.432 - 20.000 ) 
    Source Clock Delay      (SCD):    4.820ns
    Clock Pessimism Removal (CPR):    0.246ns
  Clock Uncertainty:      0.259ns  ((TSJ^2 + DJ^2)^1/2) / 2 + PE
    Total System Jitter     (TSJ):    0.071ns
    Discrete Jitter          (DJ):    0.175ns
    Phase Error              (PE):    0.165ns

    Location             Delay type                Incr(ns)  Path(ns)    Netlist Resource(s)
  -------------------------------------------------------------------    -------------------
                         (clock sys_clk rise edge)    0.000     0.000 r  
    W17                                               0.000     0.000 r  sys_clk (IN)
                         net (fo=0)                   0.000     0.000    sys_clk
    W17                  IBUF (Prop_ibuf_I_O)         1.415     1.415 r  sys_clk_IBUF_inst/O
                         net (fo=1, routed)           1.873     3.288    sys_clk_IBUF
    BUFGCTRL_X0Y4        BUFG (Prop_bufg_I_O)         0.085     3.373 r  sys_clk_IBUF_BUFG_inst/O
                         net (fo=182, routed)         1.447     4.820    u_pl/u_ang/sys_clk_IBUF_BUFG
    SLICE_X87Y64         FDRE                                         r  u_pl/u_ang/angle_reg[4]/C
  -------------------------------------------------------------------    -------------------
    SLICE_X87Y64         FDRE (Prop_fdre_C_Q)         0.348     5.168 r  u_pl/u_ang/angle_reg[4]/Q
                         net (fo=123, routed)         1.092     6.260    u_pl/u_ang/angle[4]
    SLICE_X66Y64         LUT2 (Prop_lut2_I0_O)        0.242     6.502 r  u_pl/u_ang/g0_b0_i_649/O
                         net (fo=1, routed)           0.000     6.502    u_pl/u_ang/g0_b0_i_649_n_0
    SLICE_X66Y64         CARRY4 (Prop_carry4_S[3]_CO[3])
                                                      0.314     6.816 r  u_pl/u_ang/g0_b0_i_604/CO[3]
                         net (fo=1, routed)           0.000     6.816    u_pl/u_ang/g0_b0_i_604_n_0
    SLICE_X66Y65         CARRY4 (Prop_carry4_CI_CO[3])
                                                      0.100     6.916 r  u_pl/u_ang/g0_b0_i_462/CO[3]
                         net (fo=1, routed)           0.000     6.916    u_pl/u_ang/g0_b0_i_462_n_0
    SLICE_X66Y66         CARRY4 (Prop_carry4_CI_O[1])
                                                      0.257     7.173 r  u_pl/u_ang/g0_b0_i_232/O[1]
                         net (fo=14, routed)          0.716     7.889    u_pl/u_ang/g0_b0_i_232_n_6
    SLICE_X67Y67         LUT3 (Prop_lut3_I0_O)        0.255     8.144 r  u_pl/u_ang/g0_b0_i_465/O
                         net (fo=2, routed)           0.695     8.839    u_pl/u_ang/g0_b0_i_465_n_0
    SLICE_X67Y67         LUT5 (Prop_lut5_I0_O)        0.267     9.106 r  u_pl/u_ang/g0_b0_i_468/O
                         net (fo=1, routed)           0.000     9.106    u_pl/u_ang/g0_b0_i_468_n_0
    SLICE_X67Y67         CARRY4 (Prop_carry4_S[1]_CO[2])
                                                      0.475     9.581 r  u_pl/u_ang/g0_b0_i_233/CO[2]
                         net (fo=6, routed)           0.330     9.911    u_pl/u_ang/g0_b0_i_233_n_1
    SLICE_X67Y68         LUT4 (Prop_lut4_I3_O)        0.264    10.175 r  u_pl/u_ang/g0_b0_i_89/O
                         net (fo=46, routed)          0.998    11.172    u_pl/u_ang/angle_reg[8]_0
    SLICE_X66Y70         LUT5 (Prop_lut5_I3_O)        0.267    11.439 f  u_pl/u_ang/g0_b0_i_34/O
                         net (fo=3, routed)           0.736    12.175    u_pl/u_ang/g0_b0_i_34_n_0
    SLICE_X62Y71         LUT6 (Prop_lut6_I0_O)        0.105    12.280 r  u_pl/u_ang/g0_b0_i_56/O
                         net (fo=1, routed)           0.610    12.891    u_pl/u_ang/g0_b0_i_56_n_0
    SLICE_X58Y71         LUT6 (Prop_lut6_I1_O)        0.105    12.996 r  u_pl/u_ang/g0_b0_i_26/O
                         net (fo=13, routed)          0.482    13.478    u_pl/u_osd/chars[5]
    SLICE_X57Y70         LUT6 (Prop_lut6_I0_O)        0.105    13.583 r  u_pl/u_osd/g0_b0_i_40/O
                         net (fo=1, routed)           0.684    14.267    u_pl/u_osd/g0_b0_i_40_n_0
    SLICE_X57Y69         LUT4 (Prop_lut4_I1_O)        0.105    14.372 r  u_pl/u_osd/g0_b0_i_12/O
                         net (fo=3, routed)           0.674    15.045    u_pl/u_osd/g0_b0_i_12_n_0
    SLICE_X55Y67         LUT6 (Prop_lut6_I1_O)        0.105    15.150 r  u_pl/u_osd/g0_b0_i_2/O
                         net (fo=35, routed)          1.000    16.150    u_pl/u_osd_n_213
    SLICE_X54Y63         LUT6 (Prop_lut6_I1_O)        0.105    16.255 f  u_pl/g0_b3__4/O
                         net (fo=1, routed)           0.560    16.815    u_pl/u_ang/out[3]
    SLICE_X54Y63         LUT3 (Prop_lut3_I1_O)        0.118    16.933 r  u_pl/u_ang/r[7]_i_53/O
                         net (fo=1, routed)           0.513    17.446    u_pl/u_ang/r[7]_i_53_n_0
    SLICE_X51Y64         LUT6 (Prop_lut6_I5_O)        0.264    17.710 f  u_pl/u_ang/r[7]_i_23/O
                         net (fo=1, routed)           0.348    18.058    u_pl/u_ang/r[7]_i_23_n_0
    SLICE_X53Y62         LUT6 (Prop_lut6_I1_O)        0.105    18.163 f  u_pl/u_ang/r[7]_i_6/O
                         net (fo=19, routed)          1.148    19.311    u_pl/u_ang/r[7]_i_6_n_0
    SLICE_X64Y48         LUT6 (Prop_lut6_I5_O)        0.105    19.416 r  u_pl/u_ang/g[2]_i_1/O
                         net (fo=1, routed)           0.000    19.416    u_pl/u_osd/g_reg[7]_0[1]
    SLICE_X64Y48         FDCE                                         r  u_pl/u_osd/g_reg[2]/D
  -------------------------------------------------------------------    -------------------

                         (clock clkout0_1 rise edge)
                                                     20.000    20.000 r  
    W17                                               0.000    20.000 r  sys_clk (IN)
                         net (fo=0)                   0.000    20.000    sys_clk
    W17                  IBUF (Prop_ibuf_I_O)         1.349    21.349 r  sys_clk_IBUF_inst/O
                         net (fo=1, routed)           1.701    23.050    sys_clk_IBUF
    BUFGCTRL_X0Y4        BUFG (Prop_bufg_I_O)         0.077    23.127 r  sys_clk_IBUF_BUFG_inst/O
                         net (fo=182, routed)         1.384    24.511    u_pl/u_clk/sys_clk_IBUF_BUFG
    MMCME2_ADV_X1Y0      MMCME2_ADV (Prop_mmcme2_adv_CLKIN1_CLKOUT0)
                                                     -2.915    21.596 r  u_pl/u_clk/u_mmcm/CLKOUT0
                         net (fo=1, routed)           1.454    23.050    u_pl/u_clk/clkout0
    BUFGCTRL_X0Y0        BUFG (Prop_bufg_I_O)         0.077    23.127 r  u_pl/u_clk/u_bufg_pix/O
                         net (fo=3219, routed)        1.305    24.432    u_pl/u_osd/clk_pix
    SLICE_X64Y48         FDCE                                         r  u_pl/u_osd/g_reg[2]/C
                         clock pessimism              0.246    24.678    
                         clock uncertainty           -0.259    24.419    
    SLICE_X64Y48         FDCE (Setup_fdce_C_D)        0.030    24.449    u_pl/u_osd/g_reg[2]
  -------------------------------------------------------------------
                         required time                         24.449    
                         arrival time                         -19.416    
  -------------------------------------------------------------------
                         slack                                  5.033    





Min Delay Paths
--------------------------------------------------------------------------------------
Slack (MET) :             0.241ns  (arrival time - required time)
  Source:                 u_pl/u_k1l/tog_reg/C
                            (rising edge-triggered cell FDRE clocked by sys_clk  {rise@0.000ns fall@10.000ns period=20.000ns})
  Destination:            u_pl/u_mode/lsync_reg[0]/D
                            (rising edge-triggered cell FDCE clocked by clkout0_1  {rise@0.000ns fall@10.000ns period=20.000ns})
  Path Group:             clkout0_1
  Path Type:              Hold (Min at Fast Process Corner)
  Requirement:            0.000ns  (clkout0_1 rise@0.000ns - sys_clk rise@0.000ns)
  Data Path Delay:        0.756ns  (logic 0.128ns (16.921%)  route 0.628ns (83.079%))
  Logic Levels:           0  
  Clock Path Skew:        0.263ns (DCD - SCD - CPR)
    Destination Clock Delay (DCD):    2.034ns
    Source Clock Delay      (SCD):    1.523ns
    Clock Pessimism Removal (CPR):    0.248ns
  Clock Uncertainty:      0.259ns  ((TSJ^2 + DJ^2)^1/2) / 2 + PE
    Total System Jitter     (TSJ):    0.071ns
    Discrete Jitter          (DJ):    0.175ns
    Phase Error              (PE):    0.165ns

    Location             Delay type                Incr(ns)  Path(ns)    Netlist Resource(s)
  -------------------------------------------------------------------    -------------------
                         (clock sys_clk rise edge)    0.000     0.000 r  
    W17                                               0.000     0.000 r  sys_clk (IN)
                         net (fo=0)                   0.000     0.000    sys_clk
    W17                  IBUF (Prop_ibuf_I_O)         0.252     0.252 r  sys_clk_IBUF_inst/O
                         net (fo=1, routed)           0.674     0.926    sys_clk_IBUF
    BUFGCTRL_X0Y4        BUFG (Prop_bufg_I_O)         0.026     0.952 r  sys_clk_IBUF_BUFG_inst/O
                         net (fo=182, routed)         0.571     1.523    u_pl/u_k1l/sys_clk_IBUF_BUFG
    SLICE_X64Y77         FDRE                                         r  u_pl/u_k1l/tog_reg/C
  -------------------------------------------------------------------    -------------------
    SLICE_X64Y77         FDRE (Prop_fdre_C_Q)         0.128     1.651 r  u_pl/u_k1l/tog_reg/Q
                         net (fo=3, routed)           0.628     2.279    u_pl/u_mode/lsync_reg[0]_0[0]
    SLICE_X59Y73         FDCE                                         r  u_pl/u_mode/lsync_reg[0]/D
  -------------------------------------------------------------------    -------------------

                         (clock clkout0_1 rise edge)
                                                      0.000     0.000 r  
    W17                                               0.000     0.000 r  sys_clk (IN)
                         net (fo=0)                   0.000     0.000    sys_clk
    W17                  IBUF (Prop_ibuf_I_O)         0.440     0.440 r  sys_clk_IBUF_inst/O
                         net (fo=1, routed)           0.731     1.171    sys_clk_IBUF
    BUFGCTRL_X0Y4        BUFG (Prop_bufg_I_O)         0.029     1.200 r  sys_clk_IBUF_BUFG_inst/O
                         net (fo=182, routed)         0.862     2.062    u_pl/u_clk/sys_clk_IBUF_BUFG
    MMCME2_ADV_X1Y0      MMCME2_ADV (Prop_mmcme2_adv_CLKIN1_CLKOUT0)
                                                     -1.467     0.595 r  u_pl/u_clk/u_mmcm/CLKOUT0
                         net (fo=1, routed)           0.576     1.171    u_pl/u_clk/clkout0
    BUFGCTRL_X0Y0        BUFG (Prop_bufg_I_O)         0.029     1.200 r  u_pl/u_clk/u_bufg_pix/O
                         net (fo=3219, routed)        0.834     2.034    u_pl/u_mode/clk_pix
    SLICE_X59Y73         FDCE                                         r  u_pl/u_mode/lsync_reg[0]/C
                         clock pessimism             -0.248     1.786    
                         clock uncertainty            0.259     2.045    
    SLICE_X59Y73         FDCE (Hold_fdce_C_D)        -0.007     2.038    u_pl/u_mode/lsync_reg[0]
  -------------------------------------------------------------------
                         required time                         -2.038    
                         arrival time                           2.279    
  -------------------------------------------------------------------
                         slack                                  0.241    

Slack (MET) :             0.425ns  (arrival time - required time)
  Source:                 u_pl/u_ang/angle_reg[7]/C
                            (rising edge-triggered cell FDRE clocked by sys_clk  {rise@0.000ns fall@10.000ns period=20.000ns})
  Destination:            u_pl/u_zmap/rot_s0_reg/D
                            (rising edge-triggered cell FDRE clocked by clkout0_1  {rise@0.000ns fall@10.000ns period=20.000ns})
  Path Group:             clkout0_1
  Path Type:              Hold (Min at Fast Process Corner)
  Requirement:            0.000ns  (clkout0_1 rise@0.000ns - sys_clk rise@0.000ns)
  Data Path Delay:        0.979ns  (logic 0.186ns (19.003%)  route 0.793ns (80.997%))
  Logic Levels:           1  (LUT5=1)
  Clock Path Skew:        0.292ns (DCD - SCD - CPR)
    Destination Clock Delay (DCD):    2.073ns
    Source Clock Delay      (SCD):    1.533ns
    Clock Pessimism Removal (CPR):    0.248ns
  Clock Uncertainty:      0.259ns  ((TSJ^2 + DJ^2)^1/2) / 2 + PE
    Total System Jitter     (TSJ):    0.071ns
    Discrete Jitter          (DJ):    0.175ns
    Phase Error              (PE):    0.165ns

    Location             Delay type                Incr(ns)  Path(ns)    Netlist Resource(s)
  -------------------------------------------------------------------    -------------------
                         (clock sys_clk rise edge)    0.000     0.000 r  
    W17                                               0.000     0.000 r  sys_clk (IN)
                         net (fo=0)                   0.000     0.000    sys_clk
    W17                  IBUF (Prop_ibuf_I_O)         0.252     0.252 r  sys_clk_IBUF_inst/O
                         net (fo=1, routed)           0.674     0.926    sys_clk_IBUF
    BUFGCTRL_X0Y4        BUFG (Prop_bufg_I_O)         0.026     0.952 r  sys_clk_IBUF_BUFG_inst/O
                         net (fo=182, routed)         0.581     1.533    u_pl/u_ang/sys_clk_IBUF_BUFG
    SLICE_X87Y64         FDRE                                         r  u_pl/u_ang/angle_reg[7]/C
  -------------------------------------------------------------------    -------------------
    SLICE_X87Y64         FDRE (Prop_fdre_C_Q)         0.141     1.674 r  u_pl/u_ang/angle_reg[7]/Q
                         net (fo=43, routed)          0.337     2.011    u_pl/u_ang/angle[7]
    SLICE_X86Y64         LUT5 (Prop_lut5_I1_O)        0.045     2.056 r  u_pl/u_ang/rot_s0_i_1/O
                         net (fo=3, routed)           0.456     2.512    u_pl/u_zmap/rot_s0_reg_0
    SLICE_X91Y63         FDRE                                         r  u_pl/u_zmap/rot_s0_reg/D
  -------------------------------------------------------------------    -------------------

                         (clock clkout0_1 rise edge)
                                                      0.000     0.000 r  
    W17                                               0.000     0.000 r  sys_clk (IN)
                         net (fo=0)                   0.000     0.000    sys_clk
    W17                  IBUF (Prop_ibuf_I_O)         0.440     0.440 r  sys_clk_IBUF_inst/O
                         net (fo=1, routed)           0.731     1.171    sys_clk_IBUF
    BUFGCTRL_X0Y4        BUFG (Prop_bufg_I_O)         0.029     1.200 r  sys_clk_IBUF_BUFG_inst/O
                         net (fo=182, routed)         0.862     2.062    u_pl/u_clk/sys_clk_IBUF_BUFG
    MMCME2_ADV_X1Y0      MMCME2_ADV (Prop_mmcme2_adv_CLKIN1_CLKOUT0)
                                                     -1.467     0.595 r  u_pl/u_clk/u_mmcm/CLKOUT0
                         net (fo=1, routed)           0.576     1.171    u_pl/u_clk/clkout0
    BUFGCTRL_X0Y0        BUFG (Prop_bufg_I_O)         0.029     1.200 r  u_pl/u_clk/u_bufg_pix/O
                         net (fo=3219, routed)        0.873     2.073    u_pl/u_zmap/clk_pix
    SLICE_X91Y63         FDRE                                         r  u_pl/u_zmap/rot_s0_reg/C
                         clock pessimism             -0.248     1.825    
                         clock uncertainty            0.259     2.084    
    SLICE_X91Y63         FDRE (Hold_fdre_C_D)         0.002     2.086    u_pl/u_zmap/rot_s0_reg
  -------------------------------------------------------------------
                         required time                         -2.086    
                         arrival time                           2.512    
  -------------------------------------------------------------------
                         slack                                  0.425    

Slack (MET) :             0.753ns  (arrival time - required time)
  Source:                 u_pl/u_ang/angle_reg[8]/C
                            (rising edge-triggered cell FDRE clocked by sys_clk  {rise@0.000ns fall@10.000ns period=20.000ns})
  Destination:            u_pl/u_zmap/xr_m_reg/B[2]
                            (rising edge-triggered cell DSP48E1 clocked by clkout0_1  {rise@0.000ns fall@10.000ns period=20.000ns})
  Path Group:             clkout0_1
  Path Type:              Hold (Min at Fast Process Corner)
  Requirement:            0.000ns  (clkout0_1 rise@0.000ns - sys_clk rise@0.000ns)
  Data Path Delay:        0.971ns  (logic 0.209ns (21.529%)  route 0.762ns (78.471%))
  Logic Levels:           1  (LUT5=1)
  Clock Path Skew:        0.377ns (DCD - SCD - CPR)
    Destination Clock Delay (DCD):    2.157ns
    Source Clock Delay      (SCD):    1.533ns
    Clock Pessimism Removal (CPR):    0.248ns
  Clock Uncertainty:      0.259ns  ((TSJ^2 + DJ^2)^1/2) / 2 + PE
    Total System Jitter     (TSJ):    0.071ns
    Discrete Jitter          (DJ):    0.175ns
    Phase Error              (PE):    0.165ns

    Location             Delay type                Incr(ns)  Path(ns)    Netlist Resource(s)
  -------------------------------------------------------------------    -------------------
                         (clock sys_clk rise edge)    0.000     0.000 r  
    W17                                               0.000     0.000 r  sys_clk (IN)
                         net (fo=0)                   0.000     0.000    sys_clk
    W17                  IBUF (Prop_ibuf_I_O)         0.252     0.252 r  sys_clk_IBUF_inst/O
                         net (fo=1, routed)           0.674     0.926    sys_clk_IBUF
    BUFGCTRL_X0Y4        BUFG (Prop_bufg_I_O)         0.026     0.952 r  sys_clk_IBUF_BUFG_inst/O
                         net (fo=182, routed)         0.581     1.533    u_pl/u_ang/sys_clk_IBUF_BUFG
    SLICE_X86Y64         FDRE                                         r  u_pl/u_ang/angle_reg[8]/C
  -------------------------------------------------------------------    -------------------
    SLICE_X86Y64         FDRE (Prop_fdre_C_Q)         0.164     1.697 r  u_pl/u_ang/angle_reg[8]/Q
                         net (fo=44, routed)          0.525     2.222    u_pl/u_zmap/u_sin/angle[8]
    SLICE_X92Y59         LUT5 (Prop_lut5_I1_O)        0.045     2.267 r  u_pl/u_zmap/u_sin/xr_m_reg_i_9/O
                         net (fo=2, routed)           0.237     2.504    u_pl/u_zmap/u_sin_n_7
    DSP48_X3Y24          DSP48E1                                      r  u_pl/u_zmap/xr_m_reg/B[2]
  -------------------------------------------------------------------    -------------------

                         (clock clkout0_1 rise edge)
                                                      0.000     0.000 r  
    W17                                               0.000     0.000 r  sys_clk (IN)
                         net (fo=0)                   0.000     0.000    sys_clk
    W17                  IBUF (Prop_ibuf_I_O)         0.440     0.440 r  sys_clk_IBUF_inst/O
                         net (fo=1, routed)           0.731     1.171    sys_clk_IBUF
    BUFGCTRL_X0Y4        BUFG (Prop_bufg_I_O)         0.029     1.200 r  sys_clk_IBUF_BUFG_inst/O
                         net (fo=182, routed)         0.862     2.062    u_pl/u_clk/sys_clk_IBUF_BUFG
    MMCME2_ADV_X1Y0      MMCME2_ADV (Prop_mmcme2_adv_CLKIN1_CLKOUT0)
                                                     -1.467     0.595 r  u_pl/u_clk/u_mmcm/CLKOUT0
                         net (fo=1, routed)           0.576     1.171    u_pl/u_clk/clkout0
    BUFGCTRL_X0Y0        BUFG (Prop_bufg_I_O)         0.029     1.200 r  u_pl/u_clk/u_bufg_pix/O
                         net (fo=3219, routed)        0.958     2.157    u_pl/u_zmap/clk_pix
    DSP48_X3Y24          DSP48E1                                      r  u_pl/u_zmap/xr_m_reg/CLK
                         clock pessimism             -0.248     1.910    
                         clock uncertainty            0.259     2.169    
    DSP48_X3Y24          DSP48E1 (Hold_dsp48e1_CLK_B[2])
                                                     -0.418     1.751    u_pl/u_zmap/xr_m_reg
  -------------------------------------------------------------------
                         required time                         -1.751    
                         arrival time                           2.504    
  -------------------------------------------------------------------
                         slack                                  0.753    





