Copyright 1986-2022 Xilinx, Inc. All Rights Reserved. Copyright 2022-2026 Advanced Micro Devices, Inc. All Rights Reserved.
--------------------------------------------------------------------------------------------------------------------------------------------------------------
| Tool Version : Vivado v.2025.2.1 (win64) Build 6403652 Thu Mar 19 19:48:24 GMT 2026
| Date         : Sun Oct  4 16:15:52 2026
| Host         : Uie-laptop running 64-bit major release  (build 9200)
| Command      : report_timing -delay_type max -nworst 5 -max_paths 40 -from [get_clocks -quiet clk_fpga_0] -to [get_clocks -quiet clk_fpga_0] -return_string
| Design       : system_top
| Device       : 7z020-clg484
| Speed File   : -2  PRODUCTION 1.12 2019-11-22
| Design State : Routed
--------------------------------------------------------------------------------------------------------------------------------------------------------------

Timing Report

Slack (MET) :             1.850ns  (required time - arrival time)
  Source:                 u_pl/u_arb/owner_eth_reg/C
                            (rising edge-triggered cell FDCE clocked by clk_fpga_0  {rise@0.000ns fall@5.000ns period=10.000ns})
  Destination:            u_pl/u_bilin/u_fb/lo_reg_0_16/WEA[0]
                            (rising edge-triggered cell RAMB36E1 clocked by clk_fpga_0  {rise@0.000ns fall@5.000ns period=10.000ns})
  Path Group:             clk_fpga_0
  Path Type:              Setup (Max at Slow Process Corner)
  Requirement:            10.000ns  (clk_fpga_0 rise@10.000ns - clk_fpga_0 rise@0.000ns)
  Data Path Delay:        7.544ns  (logic 0.484ns (6.416%)  route 7.060ns (93.584%))
  Logic Levels:           1  (LUT6=1)
  Clock Path Skew:        0.024ns (DCD - SCD + CPR)
    Destination Clock Delay (DCD):    2.384ns = ( 12.384 - 10.000 ) 
    Source Clock Delay      (SCD):    2.456ns
    Clock Pessimism Removal (CPR):    0.097ns
  Clock Uncertainty:      0.154ns  ((TSJ^2 + TIJ^2)^1/2 + DJ) / 2 + PE
    Total System Jitter     (TSJ):    0.071ns
    Total Input Jitter      (TIJ):    0.300ns
    Discrete Jitter          (DJ):    0.000ns
    Phase Error              (PE):    0.000ns

    Location             Delay type                Incr(ns)  Path(ns)    Netlist Resource(s)
  -------------------------------------------------------------------    -------------------
                         (clock clk_fpga_0 rise edge)
                                                      0.000     0.000 r  
    PS7_X0Y0             PS7                          0.000     0.000 r  u_bd/design_1_i/processing_system7_0/inst/PS7_i/FCLKCLK[0]
                         net (fo=1, routed)           0.994     0.994    u_bd/design_1_i/processing_system7_0/inst/FCLK_CLK_unbuffered[0]
    BUFGCTRL_X0Y16       BUFG (Prop_bufg_I_O)         0.085     1.079 r  u_bd/design_1_i/processing_system7_0/inst/buffer_fclk_clk_0.FCLK_CLK_0_BUFG/O
                         net (fo=4375, routed)        1.377     2.456    u_pl/u_arb/FCLK_CLK0
    SLICE_X43Y79         FDCE                                         r  u_pl/u_arb/owner_eth_reg/C
  -------------------------------------------------------------------    -------------------
    SLICE_X43Y79         FDCE (Prop_fdce_C_Q)         0.379     2.835 r  u_pl/u_arb/owner_eth_reg/Q
                         net (fo=269, routed)         6.576     9.411    u_pl/u_row/hi_reg_0[0]
    SLICE_X96Y12         LUT6 (Prop_lut6_I3_O)        0.105     9.516 r  u_pl/u_row/lo_reg_0_16_i_2/O
                         net (fo=1, routed)           0.484    10.000    u_pl/u_bilin/u_fb/lo_reg_0_16_1[0]
    RAMB36_X5Y2          RAMB36E1                                     r  u_pl/u_bilin/u_fb/lo_reg_0_16/WEA[0]
  -------------------------------------------------------------------    -------------------

                         (clock clk_fpga_0 rise edge)
                                                     10.000    10.000 r  
    PS7_X0Y0             PS7                          0.000    10.000 r  u_bd/design_1_i/processing_system7_0/inst/PS7_i/FCLKCLK[0]
                         net (fo=1, routed)           0.905    10.906    u_bd/design_1_i/processing_system7_0/inst/FCLK_CLK_unbuffered[0]
    BUFGCTRL_X0Y16       BUFG (Prop_bufg_I_O)         0.077    10.983 r  u_bd/design_1_i/processing_system7_0/inst/buffer_fclk_clk_0.FCLK_CLK_0_BUFG/O
                         net (fo=4375, routed)        1.401    12.384    u_pl/u_bilin/u_fb/FCLK_CLK0
    RAMB36_X5Y2          RAMB36E1                                     r  u_pl/u_bilin/u_fb/lo_reg_0_16/CLKARDCLK
                         clock pessimism              0.097    12.480    
                         clock uncertainty           -0.154    12.326    
    RAMB36_X5Y2          RAMB36E1 (Setup_ramb36e1_CLKARDCLK_WEA[0])
                                                     -0.476    11.850    u_pl/u_bilin/u_fb/lo_reg_0_16
  -------------------------------------------------------------------
                         required time                         11.850    
                         arrival time                         -10.000    
  -------------------------------------------------------------------
                         slack                                  1.850    

Slack (MET) :             1.850ns  (required time - arrival time)
  Source:                 u_pl/u_arb/owner_eth_reg/C
                            (rising edge-triggered cell FDCE clocked by clk_fpga_0  {rise@0.000ns fall@5.000ns period=10.000ns})
  Destination:            u_pl/u_bilin/u_fb/lo_reg_0_16/WEA[0]
                            (rising edge-triggered cell RAMB36E1 clocked by clk_fpga_0  {rise@0.000ns fall@5.000ns period=10.000ns})
  Path Group:             clk_fpga_0
  Path Type:              Setup (Max at Slow Process Corner)
  Requirement:            10.000ns  (clk_fpga_0 rise@10.000ns - clk_fpga_0 rise@0.000ns)
  Data Path Delay:        7.544ns  (logic 0.484ns (6.416%)  route 7.060ns (93.584%))
  Logic Levels:           1  (LUT6=1)
  Clock Path Skew:        0.024ns (DCD - SCD + CPR)
    Destination Clock Delay (DCD):    2.384ns = ( 12.384 - 10.000 ) 
    Source Clock Delay      (SCD):    2.456ns
    Clock Pessimism Removal (CPR):    0.097ns
  Clock Uncertainty:      0.154ns  ((TSJ^2 + TIJ^2)^1/2 + DJ) / 2 + PE
    Total System Jitter     (TSJ):    0.071ns
    Total Input Jitter      (TIJ):    0.300ns
    Discrete Jitter          (DJ):    0.000ns
    Phase Error              (PE):    0.000ns

    Location             Delay type                Incr(ns)  Path(ns)    Netlist Resource(s)
  -------------------------------------------------------------------    -------------------
                         (clock clk_fpga_0 rise edge)
                                                      0.000     0.000 r  
    PS7_X0Y0             PS7                          0.000     0.000 r  u_bd/design_1_i/processing_system7_0/inst/PS7_i/FCLKCLK[0]
                         net (fo=1, routed)           0.994     0.994    u_bd/design_1_i/processing_system7_0/inst/FCLK_CLK_unbuffered[0]
    BUFGCTRL_X0Y16       BUFG (Prop_bufg_I_O)         0.085     1.079 r  u_bd/design_1_i/processing_system7_0/inst/buffer_fclk_clk_0.FCLK_CLK_0_BUFG/O
                         net (fo=4375, routed)        1.377     2.456    u_pl/u_arb/FCLK_CLK0
    SLICE_X43Y79         FDCE                                         r  u_pl/u_arb/owner_eth_reg/C
  -------------------------------------------------------------------    -------------------
    SLICE_X43Y79         FDCE (Prop_fdce_C_Q)         0.379     2.835 f  u_pl/u_arb/owner_eth_reg/Q
                         net (fo=269, routed)         6.576     9.411    u_pl/u_row/hi_reg_0[0]
    SLICE_X96Y12         LUT6 (Prop_lut6_I3_O)        0.105     9.516 r  u_pl/u_row/lo_reg_0_16_i_2/O
                         net (fo=1, routed)           0.484    10.000    u_pl/u_bilin/u_fb/lo_reg_0_16_1[0]
    RAMB36_X5Y2          RAMB36E1                                     r  u_pl/u_bilin/u_fb/lo_reg_0_16/WEA[0]
  -------------------------------------------------------------------    -------------------

                         (clock clk_fpga_0 rise edge)
                                                     10.000    10.000 r  
    PS7_X0Y0             PS7                          0.000    10.000 r  u_bd/design_1_i/processing_system7_0/inst/PS7_i/FCLKCLK[0]
                         net (fo=1, routed)           0.905    10.906    u_bd/design_1_i/processing_system7_0/inst/FCLK_CLK_unbuffered[0]
    BUFGCTRL_X0Y16       BUFG (Prop_bufg_I_O)         0.077    10.983 r  u_bd/design_1_i/processing_system7_0/inst/buffer_fclk_clk_0.FCLK_CLK_0_BUFG/O
                         net (fo=4375, routed)        1.401    12.384    u_pl/u_bilin/u_fb/FCLK_CLK0
    RAMB36_X5Y2          RAMB36E1                                     r  u_pl/u_bilin/u_fb/lo_reg_0_16/CLKARDCLK
                         clock pessimism              0.097    12.480    
                         clock uncertainty           -0.154    12.326    
    RAMB36_X5Y2          RAMB36E1 (Setup_ramb36e1_CLKARDCLK_WEA[0])
                                                     -0.476    11.850    u_pl/u_bilin/u_fb/lo_reg_0_16
  -------------------------------------------------------------------
                         required time                         11.850    
                         arrival time                         -10.000    
  -------------------------------------------------------------------
                         slack                                  1.850    

Slack (MET) :             1.850ns  (required time - arrival time)
  Source:                 u_pl/u_arb/owner_eth_reg/C
                            (rising edge-triggered cell FDCE clocked by clk_fpga_0  {rise@0.000ns fall@5.000ns period=10.000ns})
  Destination:            u_pl/u_bilin/u_fb/lo_reg_0_16/WEA[0]
                            (rising edge-triggered cell RAMB36E1 clocked by clk_fpga_0  {rise@0.000ns fall@5.000ns period=10.000ns})
  Path Group:             clk_fpga_0
  Path Type:              Setup (Max at Slow Process Corner)
  Requirement:            10.000ns  (clk_fpga_0 rise@10.000ns - clk_fpga_0 rise@0.000ns)
  Data Path Delay:        7.544ns  (logic 0.484ns (6.416%)  route 7.060ns (93.584%))
  Logic Levels:           1  (LUT6=1)
  Clock Path Skew:        0.024ns (DCD - SCD + CPR)
    Destination Clock Delay (DCD):    2.384ns = ( 12.384 - 10.000 ) 
    Source Clock Delay      (SCD):    2.456ns
    Clock Pessimism Removal (CPR):    0.097ns
  Clock Uncertainty:      0.154ns  ((TSJ^2 + TIJ^2)^1/2 + DJ) / 2 + PE
    Total System Jitter     (TSJ):    0.071ns
    Total Input Jitter      (TIJ):    0.300ns
    Discrete Jitter          (DJ):    0.000ns
    Phase Error              (PE):    0.000ns

    Location             Delay type                Incr(ns)  Path(ns)    Netlist Resource(s)
  -------------------------------------------------------------------    -------------------
                         (clock clk_fpga_0 rise edge)
                                                      0.000     0.000 r  
    PS7_X0Y0             PS7                          0.000     0.000 r  u_bd/design_1_i/processing_system7_0/inst/PS7_i/FCLKCLK[0]
                         net (fo=1, routed)           0.994     0.994    u_bd/design_1_i/processing_system7_0/inst/FCLK_CLK_unbuffered[0]
    BUFGCTRL_X0Y16       BUFG (Prop_bufg_I_O)         0.085     1.079 r  u_bd/design_1_i/processing_system7_0/inst/buffer_fclk_clk_0.FCLK_CLK_0_BUFG/O
                         net (fo=4375, routed)        1.377     2.456    u_pl/u_arb/FCLK_CLK0
    SLICE_X43Y79         FDCE                                         r  u_pl/u_arb/owner_eth_reg/C
  -------------------------------------------------------------------    -------------------
    SLICE_X43Y79         FDCE (Prop_fdce_C_Q)         0.379     2.835 r  u_pl/u_arb/owner_eth_reg/Q
                         net (fo=269, routed)         6.576     9.411    u_pl/u_row/hi_reg_0[0]
    SLICE_X96Y12         LUT6 (Prop_lut6_I3_O)        0.105     9.516 f  u_pl/u_row/lo_reg_0_16_i_2/O
                         net (fo=1, routed)           0.484    10.000    u_pl/u_bilin/u_fb/lo_reg_0_16_1[0]
    RAMB36_X5Y2          RAMB36E1                                     f  u_pl/u_bilin/u_fb/lo_reg_0_16/WEA[0]
  -------------------------------------------------------------------    -------------------

                         (clock clk_fpga_0 rise edge)
                                                     10.000    10.000 r  
    PS7_X0Y0             PS7                          0.000    10.000 r  u_bd/design_1_i/processing_system7_0/inst/PS7_i/FCLKCLK[0]
                         net (fo=1, routed)           0.905    10.906    u_bd/design_1_i/processing_system7_0/inst/FCLK_CLK_unbuffered[0]
    BUFGCTRL_X0Y16       BUFG (Prop_bufg_I_O)         0.077    10.983 r  u_bd/design_1_i/processing_system7_0/inst/buffer_fclk_clk_0.FCLK_CLK_0_BUFG/O
                         net (fo=4375, routed)        1.401    12.384    u_pl/u_bilin/u_fb/FCLK_CLK0
    RAMB36_X5Y2          RAMB36E1                                     r  u_pl/u_bilin/u_fb/lo_reg_0_16/CLKARDCLK
                         clock pessimism              0.097    12.480    
                         clock uncertainty           -0.154    12.326    
    RAMB36_X5Y2          RAMB36E1 (Setup_ramb36e1_CLKARDCLK_WEA[0])
                                                     -0.476    11.850    u_pl/u_bilin/u_fb/lo_reg_0_16
  -------------------------------------------------------------------
                         required time                         11.850    
                         arrival time                         -10.000    
  -------------------------------------------------------------------
                         slack                                  1.850    

Slack (MET) :             1.850ns  (required time - arrival time)
  Source:                 u_pl/u_arb/owner_eth_reg/C
                            (rising edge-triggered cell FDCE clocked by clk_fpga_0  {rise@0.000ns fall@5.000ns period=10.000ns})
  Destination:            u_pl/u_bilin/u_fb/lo_reg_0_16/WEA[0]
                            (rising edge-triggered cell RAMB36E1 clocked by clk_fpga_0  {rise@0.000ns fall@5.000ns period=10.000ns})
  Path Group:             clk_fpga_0
  Path Type:              Setup (Max at Slow Process Corner)
  Requirement:            10.000ns  (clk_fpga_0 rise@10.000ns - clk_fpga_0 rise@0.000ns)
  Data Path Delay:        7.544ns  (logic 0.484ns (6.416%)  route 7.060ns (93.584%))
  Logic Levels:           1  (LUT6=1)
  Clock Path Skew:        0.024ns (DCD - SCD + CPR)
    Destination Clock Delay (DCD):    2.384ns = ( 12.384 - 10.000 ) 
    Source Clock Delay      (SCD):    2.456ns
    Clock Pessimism Removal (CPR):    0.097ns
  Clock Uncertainty:      0.154ns  ((TSJ^2 + TIJ^2)^1/2 + DJ) / 2 + PE
    Total System Jitter     (TSJ):    0.071ns
    Total Input Jitter      (TIJ):    0.300ns
    Discrete Jitter          (DJ):    0.000ns
    Phase Error              (PE):    0.000ns

    Location             Delay type                Incr(ns)  Path(ns)    Netlist Resource(s)
  -------------------------------------------------------------------    -------------------
                         (clock clk_fpga_0 rise edge)
                                                      0.000     0.000 r  
    PS7_X0Y0             PS7                          0.000     0.000 r  u_bd/design_1_i/processing_system7_0/inst/PS7_i/FCLKCLK[0]
                         net (fo=1, routed)           0.994     0.994    u_bd/design_1_i/processing_system7_0/inst/FCLK_CLK_unbuffered[0]
    BUFGCTRL_X0Y16       BUFG (Prop_bufg_I_O)         0.085     1.079 r  u_bd/design_1_i/processing_system7_0/inst/buffer_fclk_clk_0.FCLK_CLK_0_BUFG/O
                         net (fo=4375, routed)        1.377     2.456    u_pl/u_arb/FCLK_CLK0
    SLICE_X43Y79         FDCE                                         r  u_pl/u_arb/owner_eth_reg/C
  -------------------------------------------------------------------    -------------------
    SLICE_X43Y79         FDCE (Prop_fdce_C_Q)         0.379     2.835 f  u_pl/u_arb/owner_eth_reg/Q
                         net (fo=269, routed)         6.576     9.411    u_pl/u_row/hi_reg_0[0]
    SLICE_X96Y12         LUT6 (Prop_lut6_I3_O)        0.105     9.516 f  u_pl/u_row/lo_reg_0_16_i_2/O
                         net (fo=1, routed)           0.484    10.000    u_pl/u_bilin/u_fb/lo_reg_0_16_1[0]
    RAMB36_X5Y2          RAMB36E1                                     f  u_pl/u_bilin/u_fb/lo_reg_0_16/WEA[0]
  -------------------------------------------------------------------    -------------------

                         (clock clk_fpga_0 rise edge)
                                                     10.000    10.000 r  
    PS7_X0Y0             PS7                          0.000    10.000 r  u_bd/design_1_i/processing_system7_0/inst/PS7_i/FCLKCLK[0]
                         net (fo=1, routed)           0.905    10.906    u_bd/design_1_i/processing_system7_0/inst/FCLK_CLK_unbuffered[0]
    BUFGCTRL_X0Y16       BUFG (Prop_bufg_I_O)         0.077    10.983 r  u_bd/design_1_i/processing_system7_0/inst/buffer_fclk_clk_0.FCLK_CLK_0_BUFG/O
                         net (fo=4375, routed)        1.401    12.384    u_pl/u_bilin/u_fb/FCLK_CLK0
    RAMB36_X5Y2          RAMB36E1                                     r  u_pl/u_bilin/u_fb/lo_reg_0_16/CLKARDCLK
                         clock pessimism              0.097    12.480    
                         clock uncertainty           -0.154    12.326    
    RAMB36_X5Y2          RAMB36E1 (Setup_ramb36e1_CLKARDCLK_WEA[0])
                                                     -0.476    11.850    u_pl/u_bilin/u_fb/lo_reg_0_16
  -------------------------------------------------------------------
                         required time                         11.850    
                         arrival time                         -10.000    
  -------------------------------------------------------------------
                         slack                                  1.850    

Slack (MET) :             1.983ns  (required time - arrival time)
  Source:                 u_pl/u_arb/owner_eth_reg/C
                            (rising edge-triggered cell FDCE clocked by clk_fpga_0  {rise@0.000ns fall@5.000ns period=10.000ns})
  Destination:            u_pl/u_bilin/u_fb/lo_reg_0_33/ADDRARDADDR[3]
                            (rising edge-triggered cell RAMB36E1 clocked by clk_fpga_0  {rise@0.000ns fall@5.000ns period=10.000ns})
  Path Group:             clk_fpga_0
  Path Type:              Setup (Max at Slow Process Corner)
  Requirement:            10.000ns  (clk_fpga_0 rise@10.000ns - clk_fpga_0 rise@0.000ns)
  Data Path Delay:        7.401ns  (logic 0.484ns (6.540%)  route 6.917ns (93.460%))
  Logic Levels:           1  (LUT3=1)
  Clock Path Skew:        0.028ns (DCD - SCD + CPR)
    Destination Clock Delay (DCD):    2.388ns = ( 12.388 - 10.000 ) 
    Source Clock Delay      (SCD):    2.456ns
    Clock Pessimism Removal (CPR):    0.097ns
  Clock Uncertainty:      0.154ns  ((TSJ^2 + TIJ^2)^1/2 + DJ) / 2 + PE
    Total System Jitter     (TSJ):    0.071ns
    Total Input Jitter      (TIJ):    0.300ns
    Discrete Jitter          (DJ):    0.000ns
    Phase Error              (PE):    0.000ns

    Location             Delay type                Incr(ns)  Path(ns)    Netlist Resource(s)
  -------------------------------------------------------------------    -------------------
                         (clock clk_fpga_0 rise edge)
                                                      0.000     0.000 r  
    PS7_X0Y0             PS7                          0.000     0.000 r  u_bd/design_1_i/processing_system7_0/inst/PS7_i/FCLKCLK[0]
                         net (fo=1, routed)           0.994     0.994    u_bd/design_1_i/processing_system7_0/inst/FCLK_CLK_unbuffered[0]
    BUFGCTRL_X0Y16       BUFG (Prop_bufg_I_O)         0.085     1.079 r  u_bd/design_1_i/processing_system7_0/inst/buffer_fclk_clk_0.FCLK_CLK_0_BUFG/O
                         net (fo=4375, routed)        1.377     2.456    u_pl/u_arb/FCLK_CLK0
    SLICE_X43Y79         FDCE                                         r  u_pl/u_arb/owner_eth_reg/C
  -------------------------------------------------------------------    -------------------
    SLICE_X43Y79         FDCE (Prop_fdce_C_Q)         0.379     2.835 r  u_pl/u_arb/owner_eth_reg/Q
                         net (fo=269, routed)         2.112     4.947    u_pl/u_row/hi_reg_0[0]
    SLICE_X47Y51         LUT3 (Prop_lut3_I1_O)        0.105     5.052 r  u_pl/u_row/lo_reg_0_0_i_13/O
                         net (fo=20, routed)          4.805     9.857    u_pl/u_bilin/u_fb/lo_reg_0_16_0[3]
    RAMB36_X5Y0          RAMB36E1                                     r  u_pl/u_bilin/u_fb/lo_reg_0_33/ADDRARDADDR[3]
  -------------------------------------------------------------------    -------------------

                         (clock clk_fpga_0 rise edge)
                                                     10.000    10.000 r  
    PS7_X0Y0             PS7                          0.000    10.000 r  u_bd/design_1_i/processing_system7_0/inst/PS7_i/FCLKCLK[0]
                         net (fo=1, routed)           0.905    10.906    u_bd/design_1_i/processing_system7_0/inst/FCLK_CLK_unbuffered[0]
    BUFGCTRL_X0Y16       BUFG (Prop_bufg_I_O)         0.077    10.983 r  u_bd/design_1_i/processing_system7_0/inst/buffer_fclk_clk_0.FCLK_CLK_0_BUFG/O
                         net (fo=4375, routed)        1.405    12.388    u_pl/u_bilin/u_fb/FCLK_CLK0
    RAMB36_X5Y0          RAMB36E1                                     r  u_pl/u_bilin/u_fb/lo_reg_0_33/CLKARDCLK
                         clock pessimism              0.097    12.484    
                         clock uncertainty           -0.154    12.330    
    RAMB36_X5Y0          RAMB36E1 (Setup_ramb36e1_CLKARDCLK_ADDRARDADDR[3])
                                                     -0.490    11.840    u_pl/u_bilin/u_fb/lo_reg_0_33
  -------------------------------------------------------------------
                         required time                         11.840    
                         arrival time                          -9.857    
  -------------------------------------------------------------------
                         slack                                  1.983    

Slack (MET) :             1.983ns  (required time - arrival time)
  Source:                 u_pl/u_arb/owner_eth_reg/C
                            (rising edge-triggered cell FDCE clocked by clk_fpga_0  {rise@0.000ns fall@5.000ns period=10.000ns})
  Destination:            u_pl/u_bilin/u_fb/lo_reg_0_33/ADDRARDADDR[3]
                            (rising edge-triggered cell RAMB36E1 clocked by clk_fpga_0  {rise@0.000ns fall@5.000ns period=10.000ns})
  Path Group:             clk_fpga_0
  Path Type:              Setup (Max at Slow Process Corner)
  Requirement:            10.000ns  (clk_fpga_0 rise@10.000ns - clk_fpga_0 rise@0.000ns)
  Data Path Delay:        7.401ns  (logic 0.484ns (6.540%)  route 6.917ns (93.460%))
  Logic Levels:           1  (LUT3=1)
  Clock Path Skew:        0.028ns (DCD - SCD + CPR)
    Destination Clock Delay (DCD):    2.388ns = ( 12.388 - 10.000 ) 
    Source Clock Delay      (SCD):    2.456ns
    Clock Pessimism Removal (CPR):    0.097ns
  Clock Uncertainty:      0.154ns  ((TSJ^2 + TIJ^2)^1/2 + DJ) / 2 + PE
    Total System Jitter     (TSJ):    0.071ns
    Total Input Jitter      (TIJ):    0.300ns
    Discrete Jitter          (DJ):    0.000ns
    Phase Error              (PE):    0.000ns

    Location             Delay type                Incr(ns)  Path(ns)    Netlist Resource(s)
  -------------------------------------------------------------------    -------------------
                         (clock clk_fpga_0 rise edge)
                                                      0.000     0.000 r  
    PS7_X0Y0             PS7                          0.000     0.000 r  u_bd/design_1_i/processing_system7_0/inst/PS7_i/FCLKCLK[0]
                         net (fo=1, routed)           0.994     0.994    u_bd/design_1_i/processing_system7_0/inst/FCLK_CLK_unbuffered[0]
    BUFGCTRL_X0Y16       BUFG (Prop_bufg_I_O)         0.085     1.079 r  u_bd/design_1_i/processing_system7_0/inst/buffer_fclk_clk_0.FCLK_CLK_0_BUFG/O
                         net (fo=4375, routed)        1.377     2.456    u_pl/u_arb/FCLK_CLK0
    SLICE_X43Y79         FDCE                                         r  u_pl/u_arb/owner_eth_reg/C
  -------------------------------------------------------------------    -------------------
    SLICE_X43Y79         FDCE (Prop_fdce_C_Q)         0.379     2.835 f  u_pl/u_arb/owner_eth_reg/Q
                         net (fo=269, routed)         2.112     4.947    u_pl/u_row/hi_reg_0[0]
    SLICE_X47Y51         LUT3 (Prop_lut3_I1_O)        0.105     5.052 r  u_pl/u_row/lo_reg_0_0_i_13/O
                         net (fo=20, routed)          4.805     9.857    u_pl/u_bilin/u_fb/lo_reg_0_16_0[3]
    RAMB36_X5Y0          RAMB36E1                                     r  u_pl/u_bilin/u_fb/lo_reg_0_33/ADDRARDADDR[3]
  -------------------------------------------------------------------    -------------------

                         (clock clk_fpga_0 rise edge)
                                                     10.000    10.000 r  
    PS7_X0Y0             PS7                          0.000    10.000 r  u_bd/design_1_i/processing_system7_0/inst/PS7_i/FCLKCLK[0]
                         net (fo=1, routed)           0.905    10.906    u_bd/design_1_i/processing_system7_0/inst/FCLK_CLK_unbuffered[0]
    BUFGCTRL_X0Y16       BUFG (Prop_bufg_I_O)         0.077    10.983 r  u_bd/design_1_i/processing_system7_0/inst/buffer_fclk_clk_0.FCLK_CLK_0_BUFG/O
                         net (fo=4375, routed)        1.405    12.388    u_pl/u_bilin/u_fb/FCLK_CLK0
    RAMB36_X5Y0          RAMB36E1                                     r  u_pl/u_bilin/u_fb/lo_reg_0_33/CLKARDCLK
                         clock pessimism              0.097    12.484    
                         clock uncertainty           -0.154    12.330    
    RAMB36_X5Y0          RAMB36E1 (Setup_ramb36e1_CLKARDCLK_ADDRARDADDR[3])
                                                     -0.490    11.840    u_pl/u_bilin/u_fb/lo_reg_0_33
  -------------------------------------------------------------------
                         required time                         11.840    
                         arrival time                          -9.857    
  -------------------------------------------------------------------
                         slack                                  1.983    

Slack (MET) :             1.983ns  (required time - arrival time)
  Source:                 u_pl/u_arb/owner_eth_reg/C
                            (rising edge-triggered cell FDCE clocked by clk_fpga_0  {rise@0.000ns fall@5.000ns period=10.000ns})
  Destination:            u_pl/u_bilin/u_fb/lo_reg_0_33/ADDRARDADDR[3]
                            (rising edge-triggered cell RAMB36E1 clocked by clk_fpga_0  {rise@0.000ns fall@5.000ns period=10.000ns})
  Path Group:             clk_fpga_0
  Path Type:              Setup (Max at Slow Process Corner)
  Requirement:            10.000ns  (clk_fpga_0 rise@10.000ns - clk_fpga_0 rise@0.000ns)
  Data Path Delay:        7.401ns  (logic 0.484ns (6.540%)  route 6.917ns (93.460%))
  Logic Levels:           1  (LUT3=1)
  Clock Path Skew:        0.028ns (DCD - SCD + CPR)
    Destination Clock Delay (DCD):    2.388ns = ( 12.388 - 10.000 ) 
    Source Clock Delay      (SCD):    2.456ns
    Clock Pessimism Removal (CPR):    0.097ns
  Clock Uncertainty:      0.154ns  ((TSJ^2 + TIJ^2)^1/2 + DJ) / 2 + PE
    Total System Jitter     (TSJ):    0.071ns
    Total Input Jitter      (TIJ):    0.300ns
    Discrete Jitter          (DJ):    0.000ns
    Phase Error              (PE):    0.000ns

    Location             Delay type                Incr(ns)  Path(ns)    Netlist Resource(s)
  -------------------------------------------------------------------    -------------------
                         (clock clk_fpga_0 rise edge)
                                                      0.000     0.000 r  
    PS7_X0Y0             PS7                          0.000     0.000 r  u_bd/design_1_i/processing_system7_0/inst/PS7_i/FCLKCLK[0]
                         net (fo=1, routed)           0.994     0.994    u_bd/design_1_i/processing_system7_0/inst/FCLK_CLK_unbuffered[0]
    BUFGCTRL_X0Y16       BUFG (Prop_bufg_I_O)         0.085     1.079 r  u_bd/design_1_i/processing_system7_0/inst/buffer_fclk_clk_0.FCLK_CLK_0_BUFG/O
                         net (fo=4375, routed)        1.377     2.456    u_pl/u_arb/FCLK_CLK0
    SLICE_X43Y79         FDCE                                         r  u_pl/u_arb/owner_eth_reg/C
  -------------------------------------------------------------------    -------------------
    SLICE_X43Y79         FDCE (Prop_fdce_C_Q)         0.379     2.835 r  u_pl/u_arb/owner_eth_reg/Q
                         net (fo=269, routed)         2.112     4.947    u_pl/u_row/hi_reg_0[0]
    SLICE_X47Y51         LUT3 (Prop_lut3_I1_O)        0.105     5.052 f  u_pl/u_row/lo_reg_0_0_i_13/O
                         net (fo=20, routed)          4.805     9.857    u_pl/u_bilin/u_fb/lo_reg_0_16_0[3]
    RAMB36_X5Y0          RAMB36E1                                     f  u_pl/u_bilin/u_fb/lo_reg_0_33/ADDRARDADDR[3]
  -------------------------------------------------------------------    -------------------

                         (clock clk_fpga_0 rise edge)
                                                     10.000    10.000 r  
    PS7_X0Y0             PS7                          0.000    10.000 r  u_bd/design_1_i/processing_system7_0/inst/PS7_i/FCLKCLK[0]
                         net (fo=1, routed)           0.905    10.906    u_bd/design_1_i/processing_system7_0/inst/FCLK_CLK_unbuffered[0]
    BUFGCTRL_X0Y16       BUFG (Prop_bufg_I_O)         0.077    10.983 r  u_bd/design_1_i/processing_system7_0/inst/buffer_fclk_clk_0.FCLK_CLK_0_BUFG/O
                         net (fo=4375, routed)        1.405    12.388    u_pl/u_bilin/u_fb/FCLK_CLK0
    RAMB36_X5Y0          RAMB36E1                                     r  u_pl/u_bilin/u_fb/lo_reg_0_33/CLKARDCLK
                         clock pessimism              0.097    12.484    
                         clock uncertainty           -0.154    12.330    
    RAMB36_X5Y0          RAMB36E1 (Setup_ramb36e1_CLKARDCLK_ADDRARDADDR[3])
                                                     -0.490    11.840    u_pl/u_bilin/u_fb/lo_reg_0_33
  -------------------------------------------------------------------
                         required time                         11.840    
                         arrival time                          -9.857    
  -------------------------------------------------------------------
                         slack                                  1.983    

Slack (MET) :             1.983ns  (required time - arrival time)
  Source:                 u_pl/u_arb/owner_eth_reg/C
                            (rising edge-triggered cell FDCE clocked by clk_fpga_0  {rise@0.000ns fall@5.000ns period=10.000ns})
  Destination:            u_pl/u_bilin/u_fb/lo_reg_0_33/ADDRARDADDR[3]
                            (rising edge-triggered cell RAMB36E1 clocked by clk_fpga_0  {rise@0.000ns fall@5.000ns period=10.000ns})
  Path Group:             clk_fpga_0
  Path Type:              Setup (Max at Slow Process Corner)
  Requirement:            10.000ns  (clk_fpga_0 rise@10.000ns - clk_fpga_0 rise@0.000ns)
  Data Path Delay:        7.401ns  (logic 0.484ns (6.540%)  route 6.917ns (93.460%))
  Logic Levels:           1  (LUT3=1)
  Clock Path Skew:        0.028ns (DCD - SCD + CPR)
    Destination Clock Delay (DCD):    2.388ns = ( 12.388 - 10.000 ) 
    Source Clock Delay      (SCD):    2.456ns
    Clock Pessimism Removal (CPR):    0.097ns
  Clock Uncertainty:      0.154ns  ((TSJ^2 + TIJ^2)^1/2 + DJ) / 2 + PE
    Total System Jitter     (TSJ):    0.071ns
    Total Input Jitter      (TIJ):    0.300ns
    Discrete Jitter          (DJ):    0.000ns
    Phase Error              (PE):    0.000ns

    Location             Delay type                Incr(ns)  Path(ns)    Netlist Resource(s)
  -------------------------------------------------------------------    -------------------
                         (clock clk_fpga_0 rise edge)
                                                      0.000     0.000 r  
    PS7_X0Y0             PS7                          0.000     0.000 r  u_bd/design_1_i/processing_system7_0/inst/PS7_i/FCLKCLK[0]
                         net (fo=1, routed)           0.994     0.994    u_bd/design_1_i/processing_system7_0/inst/FCLK_CLK_unbuffered[0]
    BUFGCTRL_X0Y16       BUFG (Prop_bufg_I_O)         0.085     1.079 r  u_bd/design_1_i/processing_system7_0/inst/buffer_fclk_clk_0.FCLK_CLK_0_BUFG/O
                         net (fo=4375, routed)        1.377     2.456    u_pl/u_arb/FCLK_CLK0
    SLICE_X43Y79         FDCE                                         r  u_pl/u_arb/owner_eth_reg/C
  -------------------------------------------------------------------    -------------------
    SLICE_X43Y79         FDCE (Prop_fdce_C_Q)         0.379     2.835 f  u_pl/u_arb/owner_eth_reg/Q
                         net (fo=269, routed)         2.112     4.947    u_pl/u_row/hi_reg_0[0]
    SLICE_X47Y51         LUT3 (Prop_lut3_I1_O)        0.105     5.052 f  u_pl/u_row/lo_reg_0_0_i_13/O
                         net (fo=20, routed)          4.805     9.857    u_pl/u_bilin/u_fb/lo_reg_0_16_0[3]
    RAMB36_X5Y0          RAMB36E1                                     f  u_pl/u_bilin/u_fb/lo_reg_0_33/ADDRARDADDR[3]
  -------------------------------------------------------------------    -------------------

                         (clock clk_fpga_0 rise edge)
                                                     10.000    10.000 r  
    PS7_X0Y0             PS7                          0.000    10.000 r  u_bd/design_1_i/processing_system7_0/inst/PS7_i/FCLKCLK[0]
                         net (fo=1, routed)           0.905    10.906    u_bd/design_1_i/processing_system7_0/inst/FCLK_CLK_unbuffered[0]
    BUFGCTRL_X0Y16       BUFG (Prop_bufg_I_O)         0.077    10.983 r  u_bd/design_1_i/processing_system7_0/inst/buffer_fclk_clk_0.FCLK_CLK_0_BUFG/O
                         net (fo=4375, routed)        1.405    12.388    u_pl/u_bilin/u_fb/FCLK_CLK0
    RAMB36_X5Y0          RAMB36E1                                     r  u_pl/u_bilin/u_fb/lo_reg_0_33/CLKARDCLK
                         clock pessimism              0.097    12.484    
                         clock uncertainty           -0.154    12.330    
    RAMB36_X5Y0          RAMB36E1 (Setup_ramb36e1_CLKARDCLK_ADDRARDADDR[3])
                                                     -0.490    11.840    u_pl/u_bilin/u_fb/lo_reg_0_33
  -------------------------------------------------------------------
                         required time                         11.840    
                         arrival time                          -9.857    
  -------------------------------------------------------------------
                         slack                                  1.983    

Slack (MET) :             2.128ns  (required time - arrival time)
  Source:                 u_pl/u_arb/owner_eth_reg/C
                            (rising edge-triggered cell FDCE clocked by clk_fpga_0  {rise@0.000ns fall@5.000ns period=10.000ns})
  Destination:            u_pl/u_bilin/u_fb/lo_reg_0_32/WEA[0]
                            (rising edge-triggered cell RAMB36E1 clocked by clk_fpga_0  {rise@0.000ns fall@5.000ns period=10.000ns})
  Path Group:             clk_fpga_0
  Path Type:              Setup (Max at Slow Process Corner)
  Requirement:            10.000ns  (clk_fpga_0 rise@10.000ns - clk_fpga_0 rise@0.000ns)
  Data Path Delay:        7.266ns  (logic 0.799ns (10.996%)  route 6.467ns (89.004%))
  Logic Levels:           4  (LUT3=1 LUT6=3)
  Clock Path Skew:        0.024ns (DCD - SCD + CPR)
    Destination Clock Delay (DCD):    2.384ns = ( 12.384 - 10.000 ) 
    Source Clock Delay      (SCD):    2.456ns
    Clock Pessimism Removal (CPR):    0.097ns
  Clock Uncertainty:      0.154ns  ((TSJ^2 + TIJ^2)^1/2 + DJ) / 2 + PE
    Total System Jitter     (TSJ):    0.071ns
    Total Input Jitter      (TIJ):    0.300ns
    Discrete Jitter          (DJ):    0.000ns
    Phase Error              (PE):    0.000ns

    Location             Delay type                Incr(ns)  Path(ns)    Netlist Resource(s)
  -------------------------------------------------------------------    -------------------
                         (clock clk_fpga_0 rise edge)
                                                      0.000     0.000 r  
    PS7_X0Y0             PS7                          0.000     0.000 r  u_bd/design_1_i/processing_system7_0/inst/PS7_i/FCLKCLK[0]
                         net (fo=1, routed)           0.994     0.994    u_bd/design_1_i/processing_system7_0/inst/FCLK_CLK_unbuffered[0]
    BUFGCTRL_X0Y16       BUFG (Prop_bufg_I_O)         0.085     1.079 r  u_bd/design_1_i/processing_system7_0/inst/buffer_fclk_clk_0.FCLK_CLK_0_BUFG/O
                         net (fo=4375, routed)        1.377     2.456    u_pl/u_arb/FCLK_CLK0
    SLICE_X43Y79         FDCE                                         r  u_pl/u_arb/owner_eth_reg/C
  -------------------------------------------------------------------    -------------------
    SLICE_X43Y79         FDCE (Prop_fdce_C_Q)         0.379     2.835 r  u_pl/u_arb/owner_eth_reg/Q
                         net (fo=269, routed)         2.112     4.947    u_pl/u_row/hi_reg_0[0]
    SLICE_X47Y51         LUT3 (Prop_lut3_I1_O)        0.105     5.052 f  u_pl/u_row/lo_reg_0_0_i_7/O
                         net (fo=21, routed)          0.599     5.651    u_pl/u_row/fb_wr_addr_reg[14]_0[9]
    SLICE_X49Y52         LUT6 (Prop_lut6_I0_O)        0.105     5.756 r  u_pl/u_row/lo_reg_0_0_i_20/O
                         net (fo=1, routed)           0.204     5.960    u_pl/u_row/lo_reg_0_0_i_20_n_0
    SLICE_X49Y52         LUT6 (Prop_lut6_I2_O)        0.105     6.065 r  u_pl/u_row/lo_reg_0_0_i_19/O
                         net (fo=36, routed)          2.757     8.822    u_pl/u_row/lo_reg_0_0_i_19_n_0
    SLICE_X96Y7          LUT6 (Prop_lut6_I5_O)        0.105     8.927 r  u_pl/u_row/lo_reg_0_19_i_2/O
                         net (fo=3, routed)           0.795     9.722    u_pl/u_bilin/u_fb/lo_reg_0_17_0[0]
    RAMB36_X4Y0          RAMB36E1                                     r  u_pl/u_bilin/u_fb/lo_reg_0_32/WEA[0]
  -------------------------------------------------------------------    -------------------

                         (clock clk_fpga_0 rise edge)
                                                     10.000    10.000 r  
    PS7_X0Y0             PS7                          0.000    10.000 r  u_bd/design_1_i/processing_system7_0/inst/PS7_i/FCLKCLK[0]
                         net (fo=1, routed)           0.905    10.906    u_bd/design_1_i/processing_system7_0/inst/FCLK_CLK_unbuffered[0]
    BUFGCTRL_X0Y16       BUFG (Prop_bufg_I_O)         0.077    10.983 r  u_bd/design_1_i/processing_system7_0/inst/buffer_fclk_clk_0.FCLK_CLK_0_BUFG/O
                         net (fo=4375, routed)        1.401    12.384    u_pl/u_bilin/u_fb/FCLK_CLK0
    RAMB36_X4Y0          RAMB36E1                                     r  u_pl/u_bilin/u_fb/lo_reg_0_32/CLKARDCLK
                         clock pessimism              0.097    12.480    
                         clock uncertainty           -0.154    12.326    
    RAMB36_X4Y0          RAMB36E1 (Setup_ramb36e1_CLKARDCLK_WEA[0])
                                                     -0.476    11.850    u_pl/u_bilin/u_fb/lo_reg_0_32
  -------------------------------------------------------------------
                         required time                         11.850    
                         arrival time                          -9.722    
  -------------------------------------------------------------------
                         slack                                  2.128    

Slack (MET) :             2.128ns  (required time - arrival time)
  Source:                 u_pl/u_arb/owner_eth_reg/C
                            (rising edge-triggered cell FDCE clocked by clk_fpga_0  {rise@0.000ns fall@5.000ns period=10.000ns})
  Destination:            u_pl/u_bilin/u_fb/lo_reg_0_32/WEA[0]
                            (rising edge-triggered cell RAMB36E1 clocked by clk_fpga_0  {rise@0.000ns fall@5.000ns period=10.000ns})
  Path Group:             clk_fpga_0
  Path Type:              Setup (Max at Slow Process Corner)
  Requirement:            10.000ns  (clk_fpga_0 rise@10.000ns - clk_fpga_0 rise@0.000ns)
  Data Path Delay:        7.266ns  (logic 0.799ns (10.996%)  route 6.467ns (89.004%))
  Logic Levels:           4  (LUT3=1 LUT6=3)
  Clock Path Skew:        0.024ns (DCD - SCD + CPR)
    Destination Clock Delay (DCD):    2.384ns = ( 12.384 - 10.000 ) 
    Source Clock Delay      (SCD):    2.456ns
    Clock Pessimism Removal (CPR):    0.097ns
  Clock Uncertainty:      0.154ns  ((TSJ^2 + TIJ^2)^1/2 + DJ) / 2 + PE
    Total System Jitter     (TSJ):    0.071ns
    Total Input Jitter      (TIJ):    0.300ns
    Discrete Jitter          (DJ):    0.000ns
    Phase Error              (PE):    0.000ns

    Location             Delay type                Incr(ns)  Path(ns)    Netlist Resource(s)
  -------------------------------------------------------------------    -------------------
                         (clock clk_fpga_0 rise edge)
                                                      0.000     0.000 r  
    PS7_X0Y0             PS7                          0.000     0.000 r  u_bd/design_1_i/processing_system7_0/inst/PS7_i/FCLKCLK[0]
                         net (fo=1, routed)           0.994     0.994    u_bd/design_1_i/processing_system7_0/inst/FCLK_CLK_unbuffered[0]
    BUFGCTRL_X0Y16       BUFG (Prop_bufg_I_O)         0.085     1.079 r  u_bd/design_1_i/processing_system7_0/inst/buffer_fclk_clk_0.FCLK_CLK_0_BUFG/O
                         net (fo=4375, routed)        1.377     2.456    u_pl/u_arb/FCLK_CLK0
    SLICE_X43Y79         FDCE                                         r  u_pl/u_arb/owner_eth_reg/C
  -------------------------------------------------------------------    -------------------
    SLICE_X43Y79         FDCE (Prop_fdce_C_Q)         0.379     2.835 f  u_pl/u_arb/owner_eth_reg/Q
                         net (fo=269, routed)         2.112     4.947    u_pl/u_row/hi_reg_0[0]
    SLICE_X47Y51         LUT3 (Prop_lut3_I1_O)        0.105     5.052 f  u_pl/u_row/lo_reg_0_0_i_7/O
                         net (fo=21, routed)          0.599     5.651    u_pl/u_row/fb_wr_addr_reg[14]_0[9]
    SLICE_X49Y52         LUT6 (Prop_lut6_I0_O)        0.105     5.756 r  u_pl/u_row/lo_reg_0_0_i_20/O
                         net (fo=1, routed)           0.204     5.960    u_pl/u_row/lo_reg_0_0_i_20_n_0
    SLICE_X49Y52         LUT6 (Prop_lut6_I2_O)        0.105     6.065 r  u_pl/u_row/lo_reg_0_0_i_19/O
                         net (fo=36, routed)          2.757     8.822    u_pl/u_row/lo_reg_0_0_i_19_n_0
    SLICE_X96Y7          LUT6 (Prop_lut6_I5_O)        0.105     8.927 r  u_pl/u_row/lo_reg_0_19_i_2/O
                         net (fo=3, routed)           0.795     9.722    u_pl/u_bilin/u_fb/lo_reg_0_17_0[0]
    RAMB36_X4Y0          RAMB36E1                                     r  u_pl/u_bilin/u_fb/lo_reg_0_32/WEA[0]
  -------------------------------------------------------------------    -------------------

                         (clock clk_fpga_0 rise edge)
                                                     10.000    10.000 r  
    PS7_X0Y0             PS7                          0.000    10.000 r  u_bd/design_1_i/processing_system7_0/inst/PS7_i/FCLKCLK[0]
                         net (fo=1, routed)           0.905    10.906    u_bd/design_1_i/processing_system7_0/inst/FCLK_CLK_unbuffered[0]
    BUFGCTRL_X0Y16       BUFG (Prop_bufg_I_O)         0.077    10.983 r  u_bd/design_1_i/processing_system7_0/inst/buffer_fclk_clk_0.FCLK_CLK_0_BUFG/O
                         net (fo=4375, routed)        1.401    12.384    u_pl/u_bilin/u_fb/FCLK_CLK0
    RAMB36_X4Y0          RAMB36E1                                     r  u_pl/u_bilin/u_fb/lo_reg_0_32/CLKARDCLK
                         clock pessimism              0.097    12.480    
                         clock uncertainty           -0.154    12.326    
    RAMB36_X4Y0          RAMB36E1 (Setup_ramb36e1_CLKARDCLK_WEA[0])
                                                     -0.476    11.850    u_pl/u_bilin/u_fb/lo_reg_0_32
  -------------------------------------------------------------------
                         required time                         11.850    
                         arrival time                          -9.722    
  -------------------------------------------------------------------
                         slack                                  2.128    

Slack (MET) :             2.128ns  (required time - arrival time)
  Source:                 u_pl/u_arb/owner_eth_reg/C
                            (rising edge-triggered cell FDCE clocked by clk_fpga_0  {rise@0.000ns fall@5.000ns period=10.000ns})
  Destination:            u_pl/u_bilin/u_fb/lo_reg_0_32/WEA[0]
                            (rising edge-triggered cell RAMB36E1 clocked by clk_fpga_0  {rise@0.000ns fall@5.000ns period=10.000ns})
  Path Group:             clk_fpga_0
  Path Type:              Setup (Max at Slow Process Corner)
  Requirement:            10.000ns  (clk_fpga_0 rise@10.000ns - clk_fpga_0 rise@0.000ns)
  Data Path Delay:        7.266ns  (logic 0.799ns (10.996%)  route 6.467ns (89.004%))
  Logic Levels:           4  (LUT3=1 LUT6=3)
  Clock Path Skew:        0.024ns (DCD - SCD + CPR)
    Destination Clock Delay (DCD):    2.384ns = ( 12.384 - 10.000 ) 
    Source Clock Delay      (SCD):    2.456ns
    Clock Pessimism Removal (CPR):    0.097ns
  Clock Uncertainty:      0.154ns  ((TSJ^2 + TIJ^2)^1/2 + DJ) / 2 + PE
    Total System Jitter     (TSJ):    0.071ns
    Total Input Jitter      (TIJ):    0.300ns
    Discrete Jitter          (DJ):    0.000ns
    Phase Error              (PE):    0.000ns

    Location             Delay type                Incr(ns)  Path(ns)    Netlist Resource(s)
  -------------------------------------------------------------------    -------------------
                         (clock clk_fpga_0 rise edge)
                                                      0.000     0.000 r  
    PS7_X0Y0             PS7                          0.000     0.000 r  u_bd/design_1_i/processing_system7_0/inst/PS7_i/FCLKCLK[0]
                         net (fo=1, routed)           0.994     0.994    u_bd/design_1_i/processing_system7_0/inst/FCLK_CLK_unbuffered[0]
    BUFGCTRL_X0Y16       BUFG (Prop_bufg_I_O)         0.085     1.079 r  u_bd/design_1_i/processing_system7_0/inst/buffer_fclk_clk_0.FCLK_CLK_0_BUFG/O
                         net (fo=4375, routed)        1.377     2.456    u_pl/u_arb/FCLK_CLK0
    SLICE_X43Y79         FDCE                                         r  u_pl/u_arb/owner_eth_reg/C
  -------------------------------------------------------------------    -------------------
    SLICE_X43Y79         FDCE (Prop_fdce_C_Q)         0.379     2.835 r  u_pl/u_arb/owner_eth_reg/Q
                         net (fo=269, routed)         2.112     4.947    u_pl/u_row/hi_reg_0[0]
    SLICE_X47Y51         LUT3 (Prop_lut3_I1_O)        0.105     5.052 r  u_pl/u_row/lo_reg_0_0_i_7/O
                         net (fo=21, routed)          0.599     5.651    u_pl/u_row/fb_wr_addr_reg[14]_0[9]
    SLICE_X49Y52         LUT6 (Prop_lut6_I0_O)        0.105     5.756 f  u_pl/u_row/lo_reg_0_0_i_20/O
                         net (fo=1, routed)           0.204     5.960    u_pl/u_row/lo_reg_0_0_i_20_n_0
    SLICE_X49Y52         LUT6 (Prop_lut6_I2_O)        0.105     6.065 f  u_pl/u_row/lo_reg_0_0_i_19/O
                         net (fo=36, routed)          2.757     8.822    u_pl/u_row/lo_reg_0_0_i_19_n_0
    SLICE_X96Y7          LUT6 (Prop_lut6_I5_O)        0.105     8.927 f  u_pl/u_row/lo_reg_0_19_i_2/O
                         net (fo=3, routed)           0.795     9.722    u_pl/u_bilin/u_fb/lo_reg_0_17_0[0]
    RAMB36_X4Y0          RAMB36E1                                     f  u_pl/u_bilin/u_fb/lo_reg_0_32/WEA[0]
  -------------------------------------------------------------------    -------------------

                         (clock clk_fpga_0 rise edge)
                                                     10.000    10.000 r  
    PS7_X0Y0             PS7                          0.000    10.000 r  u_bd/design_1_i/processing_system7_0/inst/PS7_i/FCLKCLK[0]
                         net (fo=1, routed)           0.905    10.906    u_bd/design_1_i/processing_system7_0/inst/FCLK_CLK_unbuffered[0]
    BUFGCTRL_X0Y16       BUFG (Prop_bufg_I_O)         0.077    10.983 r  u_bd/design_1_i/processing_system7_0/inst/buffer_fclk_clk_0.FCLK_CLK_0_BUFG/O
                         net (fo=4375, routed)        1.401    12.384    u_pl/u_bilin/u_fb/FCLK_CLK0
    RAMB36_X4Y0          RAMB36E1                                     r  u_pl/u_bilin/u_fb/lo_reg_0_32/CLKARDCLK
                         clock pessimism              0.097    12.480    
                         clock uncertainty           -0.154    12.326    
    RAMB36_X4Y0          RAMB36E1 (Setup_ramb36e1_CLKARDCLK_WEA[0])
                                                     -0.476    11.850    u_pl/u_bilin/u_fb/lo_reg_0_32
  -------------------------------------------------------------------
                         required time                         11.850    
                         arrival time                          -9.722    
  -------------------------------------------------------------------
                         slack                                  2.128    

Slack (MET) :             2.128ns  (required time - arrival time)
  Source:                 u_pl/u_arb/owner_eth_reg/C
                            (rising edge-triggered cell FDCE clocked by clk_fpga_0  {rise@0.000ns fall@5.000ns period=10.000ns})
  Destination:            u_pl/u_bilin/u_fb/lo_reg_0_32/WEA[0]
                            (rising edge-triggered cell RAMB36E1 clocked by clk_fpga_0  {rise@0.000ns fall@5.000ns period=10.000ns})
  Path Group:             clk_fpga_0
  Path Type:              Setup (Max at Slow Process Corner)
  Requirement:            10.000ns  (clk_fpga_0 rise@10.000ns - clk_fpga_0 rise@0.000ns)
  Data Path Delay:        7.266ns  (logic 0.799ns (10.996%)  route 6.467ns (89.004%))
  Logic Levels:           4  (LUT3=1 LUT6=3)
  Clock Path Skew:        0.024ns (DCD - SCD + CPR)
    Destination Clock Delay (DCD):    2.384ns = ( 12.384 - 10.000 ) 
    Source Clock Delay      (SCD):    2.456ns
    Clock Pessimism Removal (CPR):    0.097ns
  Clock Uncertainty:      0.154ns  ((TSJ^2 + TIJ^2)^1/2 + DJ) / 2 + PE
    Total System Jitter     (TSJ):    0.071ns
    Total Input Jitter      (TIJ):    0.300ns
    Discrete Jitter          (DJ):    0.000ns
    Phase Error              (PE):    0.000ns

    Location             Delay type                Incr(ns)  Path(ns)    Netlist Resource(s)
  -------------------------------------------------------------------    -------------------
                         (clock clk_fpga_0 rise edge)
                                                      0.000     0.000 r  
    PS7_X0Y0             PS7                          0.000     0.000 r  u_bd/design_1_i/processing_system7_0/inst/PS7_i/FCLKCLK[0]
                         net (fo=1, routed)           0.994     0.994    u_bd/design_1_i/processing_system7_0/inst/FCLK_CLK_unbuffered[0]
    BUFGCTRL_X0Y16       BUFG (Prop_bufg_I_O)         0.085     1.079 r  u_bd/design_1_i/processing_system7_0/inst/buffer_fclk_clk_0.FCLK_CLK_0_BUFG/O
                         net (fo=4375, routed)        1.377     2.456    u_pl/u_arb/FCLK_CLK0
    SLICE_X43Y79         FDCE                                         r  u_pl/u_arb/owner_eth_reg/C
  -------------------------------------------------------------------    -------------------
    SLICE_X43Y79         FDCE (Prop_fdce_C_Q)         0.379     2.835 f  u_pl/u_arb/owner_eth_reg/Q
                         net (fo=269, routed)         2.112     4.947    u_pl/u_row/hi_reg_0[0]
    SLICE_X47Y51         LUT3 (Prop_lut3_I1_O)        0.105     5.052 r  u_pl/u_row/lo_reg_0_0_i_7/O
                         net (fo=21, routed)          0.599     5.651    u_pl/u_row/fb_wr_addr_reg[14]_0[9]
    SLICE_X49Y52         LUT6 (Prop_lut6_I0_O)        0.105     5.756 f  u_pl/u_row/lo_reg_0_0_i_20/O
                         net (fo=1, routed)           0.204     5.960    u_pl/u_row/lo_reg_0_0_i_20_n_0
    SLICE_X49Y52         LUT6 (Prop_lut6_I2_O)        0.105     6.065 f  u_pl/u_row/lo_reg_0_0_i_19/O
                         net (fo=36, routed)          2.757     8.822    u_pl/u_row/lo_reg_0_0_i_19_n_0
    SLICE_X96Y7          LUT6 (Prop_lut6_I5_O)        0.105     8.927 f  u_pl/u_row/lo_reg_0_19_i_2/O
                         net (fo=3, routed)           0.795     9.722    u_pl/u_bilin/u_fb/lo_reg_0_17_0[0]
    RAMB36_X4Y0          RAMB36E1                                     f  u_pl/u_bilin/u_fb/lo_reg_0_32/WEA[0]
  -------------------------------------------------------------------    -------------------

                         (clock clk_fpga_0 rise edge)
                                                     10.000    10.000 r  
    PS7_X0Y0             PS7                          0.000    10.000 r  u_bd/design_1_i/processing_system7_0/inst/PS7_i/FCLKCLK[0]
                         net (fo=1, routed)           0.905    10.906    u_bd/design_1_i/processing_system7_0/inst/FCLK_CLK_unbuffered[0]
    BUFGCTRL_X0Y16       BUFG (Prop_bufg_I_O)         0.077    10.983 r  u_bd/design_1_i/processing_system7_0/inst/buffer_fclk_clk_0.FCLK_CLK_0_BUFG/O
                         net (fo=4375, routed)        1.401    12.384    u_pl/u_bilin/u_fb/FCLK_CLK0
    RAMB36_X4Y0          RAMB36E1                                     r  u_pl/u_bilin/u_fb/lo_reg_0_32/CLKARDCLK
                         clock pessimism              0.097    12.480    
                         clock uncertainty           -0.154    12.326    
    RAMB36_X4Y0          RAMB36E1 (Setup_ramb36e1_CLKARDCLK_WEA[0])
                                                     -0.476    11.850    u_pl/u_bilin/u_fb/lo_reg_0_32
  -------------------------------------------------------------------
                         required time                         11.850    
                         arrival time                          -9.722    
  -------------------------------------------------------------------
                         slack                                  2.128    

Slack (MET) :             2.130ns  (required time - arrival time)
  Source:                 u_pl/u_arb/owner_eth_reg/C
                            (rising edge-triggered cell FDCE clocked by clk_fpga_0  {rise@0.000ns fall@5.000ns period=10.000ns})
  Destination:            u_pl/u_bilin/u_fb/hi_reg_12/WEA[0]
                            (rising edge-triggered cell RAMB36E1 clocked by clk_fpga_0  {rise@0.000ns fall@5.000ns period=10.000ns})
  Path Group:             clk_fpga_0
  Path Type:              Setup (Max at Slow Process Corner)
  Requirement:            10.000ns  (clk_fpga_0 rise@10.000ns - clk_fpga_0 rise@0.000ns)
  Data Path Delay:        7.254ns  (logic 0.484ns (6.672%)  route 6.770ns (93.328%))
  Logic Levels:           1  (LUT6=1)
  Clock Path Skew:        0.014ns (DCD - SCD + CPR)
    Destination Clock Delay (DCD):    2.374ns = ( 12.374 - 10.000 ) 
    Source Clock Delay      (SCD):    2.456ns
    Clock Pessimism Removal (CPR):    0.097ns
  Clock Uncertainty:      0.154ns  ((TSJ^2 + TIJ^2)^1/2 + DJ) / 2 + PE
    Total System Jitter     (TSJ):    0.071ns
    Total Input Jitter      (TIJ):    0.300ns
    Discrete Jitter          (DJ):    0.000ns
    Phase Error              (PE):    0.000ns

    Location             Delay type                Incr(ns)  Path(ns)    Netlist Resource(s)
  -------------------------------------------------------------------    -------------------
                         (clock clk_fpga_0 rise edge)
                                                      0.000     0.000 r  
    PS7_X0Y0             PS7                          0.000     0.000 r  u_bd/design_1_i/processing_system7_0/inst/PS7_i/FCLKCLK[0]
                         net (fo=1, routed)           0.994     0.994    u_bd/design_1_i/processing_system7_0/inst/FCLK_CLK_unbuffered[0]
    BUFGCTRL_X0Y16       BUFG (Prop_bufg_I_O)         0.085     1.079 r  u_bd/design_1_i/processing_system7_0/inst/buffer_fclk_clk_0.FCLK_CLK_0_BUFG/O
                         net (fo=4375, routed)        1.377     2.456    u_pl/u_arb/FCLK_CLK0
    SLICE_X43Y79         FDCE                                         r  u_pl/u_arb/owner_eth_reg/C
  -------------------------------------------------------------------    -------------------
    SLICE_X43Y79         FDCE (Prop_fdce_C_Q)         0.379     2.835 r  u_pl/u_arb/owner_eth_reg/Q
                         net (fo=269, routed)         6.121     8.956    u_pl/u_row/hi_reg_0[0]
    SLICE_X93Y23         LUT6 (Prop_lut6_I3_O)        0.105     9.061 r  u_pl/u_row/hi_reg_0_i_2/O
                         net (fo=2, routed)           0.649     9.710    u_pl/u_bilin/u_fb/hi_reg_8_0[1]
    RAMB36_X5Y4          RAMB36E1                                     r  u_pl/u_bilin/u_fb/hi_reg_12/WEA[0]
  -------------------------------------------------------------------    -------------------

                         (clock clk_fpga_0 rise edge)
                                                     10.000    10.000 r  
    PS7_X0Y0             PS7                          0.000    10.000 r  u_bd/design_1_i/processing_system7_0/inst/PS7_i/FCLKCLK[0]
                         net (fo=1, routed)           0.905    10.906    u_bd/design_1_i/processing_system7_0/inst/FCLK_CLK_unbuffered[0]
    BUFGCTRL_X0Y16       BUFG (Prop_bufg_I_O)         0.077    10.983 r  u_bd/design_1_i/processing_system7_0/inst/buffer_fclk_clk_0.FCLK_CLK_0_BUFG/O
                         net (fo=4375, routed)        1.391    12.374    u_pl/u_bilin/u_fb/FCLK_CLK0
    RAMB36_X5Y4          RAMB36E1                                     r  u_pl/u_bilin/u_fb/hi_reg_12/CLKARDCLK
                         clock pessimism              0.097    12.470    
                         clock uncertainty           -0.154    12.316    
    RAMB36_X5Y4          RAMB36E1 (Setup_ramb36e1_CLKARDCLK_WEA[0])
                                                     -0.476    11.840    u_pl/u_bilin/u_fb/hi_reg_12
  -------------------------------------------------------------------
                         required time                         11.840    
                         arrival time                          -9.710    
  -------------------------------------------------------------------
                         slack                                  2.130    

Slack (MET) :             2.130ns  (required time - arrival time)
  Source:                 u_pl/u_arb/owner_eth_reg/C
                            (rising edge-triggered cell FDCE clocked by clk_fpga_0  {rise@0.000ns fall@5.000ns period=10.000ns})
  Destination:            u_pl/u_bilin/u_fb/hi_reg_12/WEA[0]
                            (rising edge-triggered cell RAMB36E1 clocked by clk_fpga_0  {rise@0.000ns fall@5.000ns period=10.000ns})
  Path Group:             clk_fpga_0
  Path Type:              Setup (Max at Slow Process Corner)
  Requirement:            10.000ns  (clk_fpga_0 rise@10.000ns - clk_fpga_0 rise@0.000ns)
  Data Path Delay:        7.254ns  (logic 0.484ns (6.672%)  route 6.770ns (93.328%))
  Logic Levels:           1  (LUT6=1)
  Clock Path Skew:        0.014ns (DCD - SCD + CPR)
    Destination Clock Delay (DCD):    2.374ns = ( 12.374 - 10.000 ) 
    Source Clock Delay      (SCD):    2.456ns
    Clock Pessimism Removal (CPR):    0.097ns
  Clock Uncertainty:      0.154ns  ((TSJ^2 + TIJ^2)^1/2 + DJ) / 2 + PE
    Total System Jitter     (TSJ):    0.071ns
    Total Input Jitter      (TIJ):    0.300ns
    Discrete Jitter          (DJ):    0.000ns
    Phase Error              (PE):    0.000ns

    Location             Delay type                Incr(ns)  Path(ns)    Netlist Resource(s)
  -------------------------------------------------------------------    -------------------
                         (clock clk_fpga_0 rise edge)
                                                      0.000     0.000 r  
    PS7_X0Y0             PS7                          0.000     0.000 r  u_bd/design_1_i/processing_system7_0/inst/PS7_i/FCLKCLK[0]
                         net (fo=1, routed)           0.994     0.994    u_bd/design_1_i/processing_system7_0/inst/FCLK_CLK_unbuffered[0]
    BUFGCTRL_X0Y16       BUFG (Prop_bufg_I_O)         0.085     1.079 r  u_bd/design_1_i/processing_system7_0/inst/buffer_fclk_clk_0.FCLK_CLK_0_BUFG/O
                         net (fo=4375, routed)        1.377     2.456    u_pl/u_arb/FCLK_CLK0
    SLICE_X43Y79         FDCE                                         r  u_pl/u_arb/owner_eth_reg/C
  -------------------------------------------------------------------    -------------------
    SLICE_X43Y79         FDCE (Prop_fdce_C_Q)         0.379     2.835 f  u_pl/u_arb/owner_eth_reg/Q
                         net (fo=269, routed)         6.121     8.956    u_pl/u_row/hi_reg_0[0]
    SLICE_X93Y23         LUT6 (Prop_lut6_I3_O)        0.105     9.061 r  u_pl/u_row/hi_reg_0_i_2/O
                         net (fo=2, routed)           0.649     9.710    u_pl/u_bilin/u_fb/hi_reg_8_0[1]
    RAMB36_X5Y4          RAMB36E1                                     r  u_pl/u_bilin/u_fb/hi_reg_12/WEA[0]
  -------------------------------------------------------------------    -------------------

                         (clock clk_fpga_0 rise edge)
                                                     10.000    10.000 r  
    PS7_X0Y0             PS7                          0.000    10.000 r  u_bd/design_1_i/processing_system7_0/inst/PS7_i/FCLKCLK[0]
                         net (fo=1, routed)           0.905    10.906    u_bd/design_1_i/processing_system7_0/inst/FCLK_CLK_unbuffered[0]
    BUFGCTRL_X0Y16       BUFG (Prop_bufg_I_O)         0.077    10.983 r  u_bd/design_1_i/processing_system7_0/inst/buffer_fclk_clk_0.FCLK_CLK_0_BUFG/O
                         net (fo=4375, routed)        1.391    12.374    u_pl/u_bilin/u_fb/FCLK_CLK0
    RAMB36_X5Y4          RAMB36E1                                     r  u_pl/u_bilin/u_fb/hi_reg_12/CLKARDCLK
                         clock pessimism              0.097    12.470    
                         clock uncertainty           -0.154    12.316    
    RAMB36_X5Y4          RAMB36E1 (Setup_ramb36e1_CLKARDCLK_WEA[0])
                                                     -0.476    11.840    u_pl/u_bilin/u_fb/hi_reg_12
  -------------------------------------------------------------------
                         required time                         11.840    
                         arrival time                          -9.710    
  -------------------------------------------------------------------
                         slack                                  2.130    

Slack (MET) :             2.130ns  (required time - arrival time)
  Source:                 u_pl/u_arb/owner_eth_reg/C
                            (rising edge-triggered cell FDCE clocked by clk_fpga_0  {rise@0.000ns fall@5.000ns period=10.000ns})
  Destination:            u_pl/u_bilin/u_fb/hi_reg_12/WEA[0]
                            (rising edge-triggered cell RAMB36E1 clocked by clk_fpga_0  {rise@0.000ns fall@5.000ns period=10.000ns})
  Path Group:             clk_fpga_0
  Path Type:              Setup (Max at Slow Process Corner)
  Requirement:            10.000ns  (clk_fpga_0 rise@10.000ns - clk_fpga_0 rise@0.000ns)
  Data Path Delay:        7.254ns  (logic 0.484ns (6.672%)  route 6.770ns (93.328%))
  Logic Levels:           1  (LUT6=1)
  Clock Path Skew:        0.014ns (DCD - SCD + CPR)
    Destination Clock Delay (DCD):    2.374ns = ( 12.374 - 10.000 ) 
    Source Clock Delay      (SCD):    2.456ns
    Clock Pessimism Removal (CPR):    0.097ns
  Clock Uncertainty:      0.154ns  ((TSJ^2 + TIJ^2)^1/2 + DJ) / 2 + PE
    Total System Jitter     (TSJ):    0.071ns
    Total Input Jitter      (TIJ):    0.300ns
    Discrete Jitter          (DJ):    0.000ns
    Phase Error              (PE):    0.000ns

    Location             Delay type                Incr(ns)  Path(ns)    Netlist Resource(s)
  -------------------------------------------------------------------    -------------------
                         (clock clk_fpga_0 rise edge)
                                                      0.000     0.000 r  
    PS7_X0Y0             PS7                          0.000     0.000 r  u_bd/design_1_i/processing_system7_0/inst/PS7_i/FCLKCLK[0]
                         net (fo=1, routed)           0.994     0.994    u_bd/design_1_i/processing_system7_0/inst/FCLK_CLK_unbuffered[0]
    BUFGCTRL_X0Y16       BUFG (Prop_bufg_I_O)         0.085     1.079 r  u_bd/design_1_i/processing_system7_0/inst/buffer_fclk_clk_0.FCLK_CLK_0_BUFG/O
                         net (fo=4375, routed)        1.377     2.456    u_pl/u_arb/FCLK_CLK0
    SLICE_X43Y79         FDCE                                         r  u_pl/u_arb/owner_eth_reg/C
  -------------------------------------------------------------------    -------------------
    SLICE_X43Y79         FDCE (Prop_fdce_C_Q)         0.379     2.835 r  u_pl/u_arb/owner_eth_reg/Q
                         net (fo=269, routed)         6.121     8.956    u_pl/u_row/hi_reg_0[0]
    SLICE_X93Y23         LUT6 (Prop_lut6_I3_O)        0.105     9.061 f  u_pl/u_row/hi_reg_0_i_2/O
                         net (fo=2, routed)           0.649     9.710    u_pl/u_bilin/u_fb/hi_reg_8_0[1]
    RAMB36_X5Y4          RAMB36E1                                     f  u_pl/u_bilin/u_fb/hi_reg_12/WEA[0]
  -------------------------------------------------------------------    -------------------

                         (clock clk_fpga_0 rise edge)
                                                     10.000    10.000 r  
    PS7_X0Y0             PS7                          0.000    10.000 r  u_bd/design_1_i/processing_system7_0/inst/PS7_i/FCLKCLK[0]
                         net (fo=1, routed)           0.905    10.906    u_bd/design_1_i/processing_system7_0/inst/FCLK_CLK_unbuffered[0]
    BUFGCTRL_X0Y16       BUFG (Prop_bufg_I_O)         0.077    10.983 r  u_bd/design_1_i/processing_system7_0/inst/buffer_fclk_clk_0.FCLK_CLK_0_BUFG/O
                         net (fo=4375, routed)        1.391    12.374    u_pl/u_bilin/u_fb/FCLK_CLK0
    RAMB36_X5Y4          RAMB36E1                                     r  u_pl/u_bilin/u_fb/hi_reg_12/CLKARDCLK
                         clock pessimism              0.097    12.470    
                         clock uncertainty           -0.154    12.316    
    RAMB36_X5Y4          RAMB36E1 (Setup_ramb36e1_CLKARDCLK_WEA[0])
                                                     -0.476    11.840    u_pl/u_bilin/u_fb/hi_reg_12
  -------------------------------------------------------------------
                         required time                         11.840    
                         arrival time                          -9.710    
  -------------------------------------------------------------------
                         slack                                  2.130    

Slack (MET) :             2.130ns  (required time - arrival time)
  Source:                 u_pl/u_arb/owner_eth_reg/C
                            (rising edge-triggered cell FDCE clocked by clk_fpga_0  {rise@0.000ns fall@5.000ns period=10.000ns})
  Destination:            u_pl/u_bilin/u_fb/hi_reg_12/WEA[0]
                            (rising edge-triggered cell RAMB36E1 clocked by clk_fpga_0  {rise@0.000ns fall@5.000ns period=10.000ns})
  Path Group:             clk_fpga_0
  Path Type:              Setup (Max at Slow Process Corner)
  Requirement:            10.000ns  (clk_fpga_0 rise@10.000ns - clk_fpga_0 rise@0.000ns)
  Data Path Delay:        7.254ns  (logic 0.484ns (6.672%)  route 6.770ns (93.328%))
  Logic Levels:           1  (LUT6=1)
  Clock Path Skew:        0.014ns (DCD - SCD + CPR)
    Destination Clock Delay (DCD):    2.374ns = ( 12.374 - 10.000 ) 
    Source Clock Delay      (SCD):    2.456ns
    Clock Pessimism Removal (CPR):    0.097ns
  Clock Uncertainty:      0.154ns  ((TSJ^2 + TIJ^2)^1/2 + DJ) / 2 + PE
    Total System Jitter     (TSJ):    0.071ns
    Total Input Jitter      (TIJ):    0.300ns
    Discrete Jitter          (DJ):    0.000ns
    Phase Error              (PE):    0.000ns

    Location             Delay type                Incr(ns)  Path(ns)    Netlist Resource(s)
  -------------------------------------------------------------------    -------------------
                         (clock clk_fpga_0 rise edge)
                                                      0.000     0.000 r  
    PS7_X0Y0             PS7                          0.000     0.000 r  u_bd/design_1_i/processing_system7_0/inst/PS7_i/FCLKCLK[0]
                         net (fo=1, routed)           0.994     0.994    u_bd/design_1_i/processing_system7_0/inst/FCLK_CLK_unbuffered[0]
    BUFGCTRL_X0Y16       BUFG (Prop_bufg_I_O)         0.085     1.079 r  u_bd/design_1_i/processing_system7_0/inst/buffer_fclk_clk_0.FCLK_CLK_0_BUFG/O
                         net (fo=4375, routed)        1.377     2.456    u_pl/u_arb/FCLK_CLK0
    SLICE_X43Y79         FDCE                                         r  u_pl/u_arb/owner_eth_reg/C
  -------------------------------------------------------------------    -------------------
    SLICE_X43Y79         FDCE (Prop_fdce_C_Q)         0.379     2.835 f  u_pl/u_arb/owner_eth_reg/Q
                         net (fo=269, routed)         6.121     8.956    u_pl/u_row/hi_reg_0[0]
    SLICE_X93Y23         LUT6 (Prop_lut6_I3_O)        0.105     9.061 f  u_pl/u_row/hi_reg_0_i_2/O
                         net (fo=2, routed)           0.649     9.710    u_pl/u_bilin/u_fb/hi_reg_8_0[1]
    RAMB36_X5Y4          RAMB36E1                                     f  u_pl/u_bilin/u_fb/hi_reg_12/WEA[0]
  -------------------------------------------------------------------    -------------------

                         (clock clk_fpga_0 rise edge)
                                                     10.000    10.000 r  
    PS7_X0Y0             PS7                          0.000    10.000 r  u_bd/design_1_i/processing_system7_0/inst/PS7_i/FCLKCLK[0]
                         net (fo=1, routed)           0.905    10.906    u_bd/design_1_i/processing_system7_0/inst/FCLK_CLK_unbuffered[0]
    BUFGCTRL_X0Y16       BUFG (Prop_bufg_I_O)         0.077    10.983 r  u_bd/design_1_i/processing_system7_0/inst/buffer_fclk_clk_0.FCLK_CLK_0_BUFG/O
                         net (fo=4375, routed)        1.391    12.374    u_pl/u_bilin/u_fb/FCLK_CLK0
    RAMB36_X5Y4          RAMB36E1                                     r  u_pl/u_bilin/u_fb/hi_reg_12/CLKARDCLK
                         clock pessimism              0.097    12.470    
                         clock uncertainty           -0.154    12.316    
    RAMB36_X5Y4          RAMB36E1 (Setup_ramb36e1_CLKARDCLK_WEA[0])
                                                     -0.476    11.840    u_pl/u_bilin/u_fb/hi_reg_12
  -------------------------------------------------------------------
                         required time                         11.840    
                         arrival time                          -9.710    
  -------------------------------------------------------------------
                         slack                                  2.130    

Slack (MET) :             2.134ns  (required time - arrival time)
  Source:                 u_pl/u_arb/owner_eth_reg/C
                            (rising edge-triggered cell FDCE clocked by clk_fpga_0  {rise@0.000ns fall@5.000ns period=10.000ns})
  Destination:            u_pl/u_bilin/u_fb/lo_reg_0_60/ADDRARDADDR[0]
                            (rising edge-triggered cell RAMB36E1 clocked by clk_fpga_0  {rise@0.000ns fall@5.000ns period=10.000ns})
  Path Group:             clk_fpga_0
  Path Type:              Setup (Max at Slow Process Corner)
  Requirement:            10.000ns  (clk_fpga_0 rise@10.000ns - clk_fpga_0 rise@0.000ns)
  Data Path Delay:        7.238ns  (logic 0.484ns (6.687%)  route 6.754ns (93.313%))
  Logic Levels:           1  (LUT3=1)
  Clock Path Skew:        0.016ns (DCD - SCD + CPR)
    Destination Clock Delay (DCD):    2.363ns = ( 12.363 - 10.000 ) 
    Source Clock Delay      (SCD):    2.456ns
    Clock Pessimism Removal (CPR):    0.109ns
  Clock Uncertainty:      0.154ns  ((TSJ^2 + TIJ^2)^1/2 + DJ) / 2 + PE
    Total System Jitter     (TSJ):    0.071ns
    Total Input Jitter      (TIJ):    0.300ns
    Discrete Jitter          (DJ):    0.000ns
    Phase Error              (PE):    0.000ns

    Location             Delay type                Incr(ns)  Path(ns)    Netlist Resource(s)
  -------------------------------------------------------------------    -------------------
                         (clock clk_fpga_0 rise edge)
                                                      0.000     0.000 r  
    PS7_X0Y0             PS7                          0.000     0.000 r  u_bd/design_1_i/processing_system7_0/inst/PS7_i/FCLKCLK[0]
                         net (fo=1, routed)           0.994     0.994    u_bd/design_1_i/processing_system7_0/inst/FCLK_CLK_unbuffered[0]
    BUFGCTRL_X0Y16       BUFG (Prop_bufg_I_O)         0.085     1.079 r  u_bd/design_1_i/processing_system7_0/inst/buffer_fclk_clk_0.FCLK_CLK_0_BUFG/O
                         net (fo=4375, routed)        1.377     2.456    u_pl/u_arb/FCLK_CLK0
    SLICE_X43Y79         FDCE                                         r  u_pl/u_arb/owner_eth_reg/C
  -------------------------------------------------------------------    -------------------
    SLICE_X43Y79         FDCE (Prop_fdce_C_Q)         0.379     2.835 r  u_pl/u_arb/owner_eth_reg/Q
                         net (fo=269, routed)         2.296     5.131    u_pl/u_row/hi_reg_0[0]
    SLICE_X45Y47         LUT3 (Prop_lut3_I1_O)        0.105     5.236 r  u_pl/u_row/lo_reg_0_12_i_15/O
                         net (fo=20, routed)          4.458     9.694    u_pl/u_bilin/u_fb/lo_reg_0_12_0[0]
    RAMB36_X4Y17         RAMB36E1                                     r  u_pl/u_bilin/u_fb/lo_reg_0_60/ADDRARDADDR[0]
  -------------------------------------------------------------------    -------------------

                         (clock clk_fpga_0 rise edge)
                                                     10.000    10.000 r  
    PS7_X0Y0             PS7                          0.000    10.000 r  u_bd/design_1_i/processing_system7_0/inst/PS7_i/FCLKCLK[0]
                         net (fo=1, routed)           0.905    10.906    u_bd/design_1_i/processing_system7_0/inst/FCLK_CLK_unbuffered[0]
    BUFGCTRL_X0Y16       BUFG (Prop_bufg_I_O)         0.077    10.983 r  u_bd/design_1_i/processing_system7_0/inst/buffer_fclk_clk_0.FCLK_CLK_0_BUFG/O
                         net (fo=4375, routed)        1.381    12.363    u_pl/u_bilin/u_fb/FCLK_CLK0
    RAMB36_X4Y17         RAMB36E1                                     r  u_pl/u_bilin/u_fb/lo_reg_0_60/CLKARDCLK
                         clock pessimism              0.109    12.472    
                         clock uncertainty           -0.154    12.318    
    RAMB36_X4Y17         RAMB36E1 (Setup_ramb36e1_CLKARDCLK_ADDRARDADDR[0])
                                                     -0.490    11.828    u_pl/u_bilin/u_fb/lo_reg_0_60
  -------------------------------------------------------------------
                         required time                         11.828    
                         arrival time                          -9.694    
  -------------------------------------------------------------------
                         slack                                  2.134    

Slack (MET) :             2.134ns  (required time - arrival time)
  Source:                 u_pl/u_arb/owner_eth_reg/C
                            (rising edge-triggered cell FDCE clocked by clk_fpga_0  {rise@0.000ns fall@5.000ns period=10.000ns})
  Destination:            u_pl/u_bilin/u_fb/lo_reg_0_60/ADDRARDADDR[0]
                            (rising edge-triggered cell RAMB36E1 clocked by clk_fpga_0  {rise@0.000ns fall@5.000ns period=10.000ns})
  Path Group:             clk_fpga_0
  Path Type:              Setup (Max at Slow Process Corner)
  Requirement:            10.000ns  (clk_fpga_0 rise@10.000ns - clk_fpga_0 rise@0.000ns)
  Data Path Delay:        7.238ns  (logic 0.484ns (6.687%)  route 6.754ns (93.313%))
  Logic Levels:           1  (LUT3=1)
  Clock Path Skew:        0.016ns (DCD - SCD + CPR)
    Destination Clock Delay (DCD):    2.363ns = ( 12.363 - 10.000 ) 
    Source Clock Delay      (SCD):    2.456ns
    Clock Pessimism Removal (CPR):    0.109ns
  Clock Uncertainty:      0.154ns  ((TSJ^2 + TIJ^2)^1/2 + DJ) / 2 + PE
    Total System Jitter     (TSJ):    0.071ns
    Total Input Jitter      (TIJ):    0.300ns
    Discrete Jitter          (DJ):    0.000ns
    Phase Error              (PE):    0.000ns

    Location             Delay type                Incr(ns)  Path(ns)    Netlist Resource(s)
  -------------------------------------------------------------------    -------------------
                         (clock clk_fpga_0 rise edge)
                                                      0.000     0.000 r  
    PS7_X0Y0             PS7                          0.000     0.000 r  u_bd/design_1_i/processing_system7_0/inst/PS7_i/FCLKCLK[0]
                         net (fo=1, routed)           0.994     0.994    u_bd/design_1_i/processing_system7_0/inst/FCLK_CLK_unbuffered[0]
    BUFGCTRL_X0Y16       BUFG (Prop_bufg_I_O)         0.085     1.079 r  u_bd/design_1_i/processing_system7_0/inst/buffer_fclk_clk_0.FCLK_CLK_0_BUFG/O
                         net (fo=4375, routed)        1.377     2.456    u_pl/u_arb/FCLK_CLK0
    SLICE_X43Y79         FDCE                                         r  u_pl/u_arb/owner_eth_reg/C
  -------------------------------------------------------------------    -------------------
    SLICE_X43Y79         FDCE (Prop_fdce_C_Q)         0.379     2.835 f  u_pl/u_arb/owner_eth_reg/Q
                         net (fo=269, routed)         2.296     5.131    u_pl/u_row/hi_reg_0[0]
    SLICE_X45Y47         LUT3 (Prop_lut3_I1_O)        0.105     5.236 r  u_pl/u_row/lo_reg_0_12_i_15/O
                         net (fo=20, routed)          4.458     9.694    u_pl/u_bilin/u_fb/lo_reg_0_12_0[0]
    RAMB36_X4Y17         RAMB36E1                                     r  u_pl/u_bilin/u_fb/lo_reg_0_60/ADDRARDADDR[0]
  -------------------------------------------------------------------    -------------------

                         (clock clk_fpga_0 rise edge)
                                                     10.000    10.000 r  
    PS7_X0Y0             PS7                          0.000    10.000 r  u_bd/design_1_i/processing_system7_0/inst/PS7_i/FCLKCLK[0]
                         net (fo=1, routed)           0.905    10.906    u_bd/design_1_i/processing_system7_0/inst/FCLK_CLK_unbuffered[0]
    BUFGCTRL_X0Y16       BUFG (Prop_bufg_I_O)         0.077    10.983 r  u_bd/design_1_i/processing_system7_0/inst/buffer_fclk_clk_0.FCLK_CLK_0_BUFG/O
                         net (fo=4375, routed)        1.381    12.363    u_pl/u_bilin/u_fb/FCLK_CLK0
    RAMB36_X4Y17         RAMB36E1                                     r  u_pl/u_bilin/u_fb/lo_reg_0_60/CLKARDCLK
                         clock pessimism              0.109    12.472    
                         clock uncertainty           -0.154    12.318    
    RAMB36_X4Y17         RAMB36E1 (Setup_ramb36e1_CLKARDCLK_ADDRARDADDR[0])
                                                     -0.490    11.828    u_pl/u_bilin/u_fb/lo_reg_0_60
  -------------------------------------------------------------------
                         required time                         11.828    
                         arrival time                          -9.694    
  -------------------------------------------------------------------
                         slack                                  2.134    

Slack (MET) :             2.134ns  (required time - arrival time)
  Source:                 u_pl/u_arb/owner_eth_reg/C
                            (rising edge-triggered cell FDCE clocked by clk_fpga_0  {rise@0.000ns fall@5.000ns period=10.000ns})
  Destination:            u_pl/u_bilin/u_fb/lo_reg_0_60/ADDRARDADDR[0]
                            (rising edge-triggered cell RAMB36E1 clocked by clk_fpga_0  {rise@0.000ns fall@5.000ns period=10.000ns})
  Path Group:             clk_fpga_0
  Path Type:              Setup (Max at Slow Process Corner)
  Requirement:            10.000ns  (clk_fpga_0 rise@10.000ns - clk_fpga_0 rise@0.000ns)
  Data Path Delay:        7.238ns  (logic 0.484ns (6.687%)  route 6.754ns (93.313%))
  Logic Levels:           1  (LUT3=1)
  Clock Path Skew:        0.016ns (DCD - SCD + CPR)
    Destination Clock Delay (DCD):    2.363ns = ( 12.363 - 10.000 ) 
    Source Clock Delay      (SCD):    2.456ns
    Clock Pessimism Removal (CPR):    0.109ns
  Clock Uncertainty:      0.154ns  ((TSJ^2 + TIJ^2)^1/2 + DJ) / 2 + PE
    Total System Jitter     (TSJ):    0.071ns
    Total Input Jitter      (TIJ):    0.300ns
    Discrete Jitter          (DJ):    0.000ns
    Phase Error              (PE):    0.000ns

    Location             Delay type                Incr(ns)  Path(ns)    Netlist Resource(s)
  -------------------------------------------------------------------    -------------------
                         (clock clk_fpga_0 rise edge)
                                                      0.000     0.000 r  
    PS7_X0Y0             PS7                          0.000     0.000 r  u_bd/design_1_i/processing_system7_0/inst/PS7_i/FCLKCLK[0]
                         net (fo=1, routed)           0.994     0.994    u_bd/design_1_i/processing_system7_0/inst/FCLK_CLK_unbuffered[0]
    BUFGCTRL_X0Y16       BUFG (Prop_bufg_I_O)         0.085     1.079 r  u_bd/design_1_i/processing_system7_0/inst/buffer_fclk_clk_0.FCLK_CLK_0_BUFG/O
                         net (fo=4375, routed)        1.377     2.456    u_pl/u_arb/FCLK_CLK0
    SLICE_X43Y79         FDCE                                         r  u_pl/u_arb/owner_eth_reg/C
  -------------------------------------------------------------------    -------------------
    SLICE_X43Y79         FDCE (Prop_fdce_C_Q)         0.379     2.835 r  u_pl/u_arb/owner_eth_reg/Q
                         net (fo=269, routed)         2.296     5.131    u_pl/u_row/hi_reg_0[0]
    SLICE_X45Y47         LUT3 (Prop_lut3_I1_O)        0.105     5.236 f  u_pl/u_row/lo_reg_0_12_i_15/O
                         net (fo=20, routed)          4.458     9.694    u_pl/u_bilin/u_fb/lo_reg_0_12_0[0]
    RAMB36_X4Y17         RAMB36E1                                     f  u_pl/u_bilin/u_fb/lo_reg_0_60/ADDRARDADDR[0]
  -------------------------------------------------------------------    -------------------

                         (clock clk_fpga_0 rise edge)
                                                     10.000    10.000 r  
    PS7_X0Y0             PS7                          0.000    10.000 r  u_bd/design_1_i/processing_system7_0/inst/PS7_i/FCLKCLK[0]
                         net (fo=1, routed)           0.905    10.906    u_bd/design_1_i/processing_system7_0/inst/FCLK_CLK_unbuffered[0]
    BUFGCTRL_X0Y16       BUFG (Prop_bufg_I_O)         0.077    10.983 r  u_bd/design_1_i/processing_system7_0/inst/buffer_fclk_clk_0.FCLK_CLK_0_BUFG/O
                         net (fo=4375, routed)        1.381    12.363    u_pl/u_bilin/u_fb/FCLK_CLK0
    RAMB36_X4Y17         RAMB36E1                                     r  u_pl/u_bilin/u_fb/lo_reg_0_60/CLKARDCLK
                         clock pessimism              0.109    12.472    
                         clock uncertainty           -0.154    12.318    
    RAMB36_X4Y17         RAMB36E1 (Setup_ramb36e1_CLKARDCLK_ADDRARDADDR[0])
                                                     -0.490    11.828    u_pl/u_bilin/u_fb/lo_reg_0_60
  -------------------------------------------------------------------
                         required time                         11.828    
                         arrival time                          -9.694    
  -------------------------------------------------------------------
                         slack                                  2.134    

Slack (MET) :             2.134ns  (required time - arrival time)
  Source:                 u_pl/u_arb/owner_eth_reg/C
                            (rising edge-triggered cell FDCE clocked by clk_fpga_0  {rise@0.000ns fall@5.000ns period=10.000ns})
  Destination:            u_pl/u_bilin/u_fb/lo_reg_0_60/ADDRARDADDR[0]
                            (rising edge-triggered cell RAMB36E1 clocked by clk_fpga_0  {rise@0.000ns fall@5.000ns period=10.000ns})
  Path Group:             clk_fpga_0
  Path Type:              Setup (Max at Slow Process Corner)
  Requirement:            10.000ns  (clk_fpga_0 rise@10.000ns - clk_fpga_0 rise@0.000ns)
  Data Path Delay:        7.238ns  (logic 0.484ns (6.687%)  route 6.754ns (93.313%))
  Logic Levels:           1  (LUT3=1)
  Clock Path Skew:        0.016ns (DCD - SCD + CPR)
    Destination Clock Delay (DCD):    2.363ns = ( 12.363 - 10.000 ) 
    Source Clock Delay      (SCD):    2.456ns
    Clock Pessimism Removal (CPR):    0.109ns
  Clock Uncertainty:      0.154ns  ((TSJ^2 + TIJ^2)^1/2 + DJ) / 2 + PE
    Total System Jitter     (TSJ):    0.071ns
    Total Input Jitter      (TIJ):    0.300ns
    Discrete Jitter          (DJ):    0.000ns
    Phase Error              (PE):    0.000ns

    Location             Delay type                Incr(ns)  Path(ns)    Netlist Resource(s)
  -------------------------------------------------------------------    -------------------
                         (clock clk_fpga_0 rise edge)
                                                      0.000     0.000 r  
    PS7_X0Y0             PS7                          0.000     0.000 r  u_bd/design_1_i/processing_system7_0/inst/PS7_i/FCLKCLK[0]
                         net (fo=1, routed)           0.994     0.994    u_bd/design_1_i/processing_system7_0/inst/FCLK_CLK_unbuffered[0]
    BUFGCTRL_X0Y16       BUFG (Prop_bufg_I_O)         0.085     1.079 r  u_bd/design_1_i/processing_system7_0/inst/buffer_fclk_clk_0.FCLK_CLK_0_BUFG/O
                         net (fo=4375, routed)        1.377     2.456    u_pl/u_arb/FCLK_CLK0
    SLICE_X43Y79         FDCE                                         r  u_pl/u_arb/owner_eth_reg/C
  -------------------------------------------------------------------    -------------------
    SLICE_X43Y79         FDCE (Prop_fdce_C_Q)         0.379     2.835 f  u_pl/u_arb/owner_eth_reg/Q
                         net (fo=269, routed)         2.296     5.131    u_pl/u_row/hi_reg_0[0]
    SLICE_X45Y47         LUT3 (Prop_lut3_I1_O)        0.105     5.236 f  u_pl/u_row/lo_reg_0_12_i_15/O
                         net (fo=20, routed)          4.458     9.694    u_pl/u_bilin/u_fb/lo_reg_0_12_0[0]
    RAMB36_X4Y17         RAMB36E1                                     f  u_pl/u_bilin/u_fb/lo_reg_0_60/ADDRARDADDR[0]
  -------------------------------------------------------------------    -------------------

                         (clock clk_fpga_0 rise edge)
                                                     10.000    10.000 r  
    PS7_X0Y0             PS7                          0.000    10.000 r  u_bd/design_1_i/processing_system7_0/inst/PS7_i/FCLKCLK[0]
                         net (fo=1, routed)           0.905    10.906    u_bd/design_1_i/processing_system7_0/inst/FCLK_CLK_unbuffered[0]
    BUFGCTRL_X0Y16       BUFG (Prop_bufg_I_O)         0.077    10.983 r  u_bd/design_1_i/processing_system7_0/inst/buffer_fclk_clk_0.FCLK_CLK_0_BUFG/O
                         net (fo=4375, routed)        1.381    12.363    u_pl/u_bilin/u_fb/FCLK_CLK0
    RAMB36_X4Y17         RAMB36E1                                     r  u_pl/u_bilin/u_fb/lo_reg_0_60/CLKARDCLK
                         clock pessimism              0.109    12.472    
                         clock uncertainty           -0.154    12.318    
    RAMB36_X4Y17         RAMB36E1 (Setup_ramb36e1_CLKARDCLK_ADDRARDADDR[0])
                                                     -0.490    11.828    u_pl/u_bilin/u_fb/lo_reg_0_60
  -------------------------------------------------------------------
                         required time                         11.828    
                         arrival time                          -9.694    
  -------------------------------------------------------------------
                         slack                                  2.134    

Slack (MET) :             2.136ns  (required time - arrival time)
  Source:                 u_pl/u_arb/owner_eth_reg/C
                            (rising edge-triggered cell FDCE clocked by clk_fpga_0  {rise@0.000ns fall@5.000ns period=10.000ns})
  Destination:            u_pl/u_bilin/u_fb/hi_reg_8/WEA[0]
                            (rising edge-triggered cell RAMB36E1 clocked by clk_fpga_0  {rise@0.000ns fall@5.000ns period=10.000ns})
  Path Group:             clk_fpga_0
  Path Type:              Setup (Max at Slow Process Corner)
  Requirement:            10.000ns  (clk_fpga_0 rise@10.000ns - clk_fpga_0 rise@0.000ns)
  Data Path Delay:        7.195ns  (logic 0.799ns (11.105%)  route 6.396ns (88.895%))
  Logic Levels:           4  (LUT3=1 LUT6=3)
  Clock Path Skew:        -0.039ns (DCD - SCD + CPR)
    Destination Clock Delay (DCD):    2.321ns = ( 12.321 - 10.000 ) 
    Source Clock Delay      (SCD):    2.456ns
    Clock Pessimism Removal (CPR):    0.097ns
  Clock Uncertainty:      0.154ns  ((TSJ^2 + TIJ^2)^1/2 + DJ) / 2 + PE
    Total System Jitter     (TSJ):    0.071ns
    Total Input Jitter      (TIJ):    0.300ns
    Discrete Jitter          (DJ):    0.000ns
    Phase Error              (PE):    0.000ns

    Location             Delay type                Incr(ns)  Path(ns)    Netlist Resource(s)
  -------------------------------------------------------------------    -------------------
                         (clock clk_fpga_0 rise edge)
                                                      0.000     0.000 r  
    PS7_X0Y0             PS7                          0.000     0.000 r  u_bd/design_1_i/processing_system7_0/inst/PS7_i/FCLKCLK[0]
                         net (fo=1, routed)           0.994     0.994    u_bd/design_1_i/processing_system7_0/inst/FCLK_CLK_unbuffered[0]
    BUFGCTRL_X0Y16       BUFG (Prop_bufg_I_O)         0.085     1.079 r  u_bd/design_1_i/processing_system7_0/inst/buffer_fclk_clk_0.FCLK_CLK_0_BUFG/O
                         net (fo=4375, routed)        1.377     2.456    u_pl/u_arb/FCLK_CLK0
    SLICE_X43Y79         FDCE                                         r  u_pl/u_arb/owner_eth_reg/C
  -------------------------------------------------------------------    -------------------
    SLICE_X43Y79         FDCE (Prop_fdce_C_Q)         0.379     2.835 r  u_pl/u_arb/owner_eth_reg/Q
                         net (fo=269, routed)         2.112     4.947    u_pl/u_row/hi_reg_0[0]
    SLICE_X47Y51         LUT3 (Prop_lut3_I1_O)        0.105     5.052 f  u_pl/u_row/lo_reg_0_0_i_7/O
                         net (fo=21, routed)          0.599     5.651    u_pl/u_row/fb_wr_addr_reg[14]_0[9]
    SLICE_X49Y52         LUT6 (Prop_lut6_I0_O)        0.105     5.756 r  u_pl/u_row/lo_reg_0_0_i_20/O
                         net (fo=1, routed)           0.204     5.960    u_pl/u_row/lo_reg_0_0_i_20_n_0
    SLICE_X49Y52         LUT6 (Prop_lut6_I2_O)        0.105     6.065 r  u_pl/u_row/lo_reg_0_0_i_19/O
                         net (fo=36, routed)          2.300     8.365    u_pl/u_row/lo_reg_0_0_i_19_n_0
    SLICE_X88Y7          LUT6 (Prop_lut6_I5_O)        0.105     8.470 r  u_pl/u_row/hi_reg_4_i_1/O
                         net (fo=2, routed)           1.181     9.651    u_pl/u_bilin/u_fb/hi_reg_8_0[0]
    RAMB36_X3Y1          RAMB36E1                                     r  u_pl/u_bilin/u_fb/hi_reg_8/WEA[0]
  -------------------------------------------------------------------    -------------------

                         (clock clk_fpga_0 rise edge)
                                                     10.000    10.000 r  
    PS7_X0Y0             PS7                          0.000    10.000 r  u_bd/design_1_i/processing_system7_0/inst/PS7_i/FCLKCLK[0]
                         net (fo=1, routed)           0.905    10.906    u_bd/design_1_i/processing_system7_0/inst/FCLK_CLK_unbuffered[0]
    BUFGCTRL_X0Y16       BUFG (Prop_bufg_I_O)         0.077    10.983 r  u_bd/design_1_i/processing_system7_0/inst/buffer_fclk_clk_0.FCLK_CLK_0_BUFG/O
                         net (fo=4375, routed)        1.338    12.321    u_pl/u_bilin/u_fb/FCLK_CLK0
    RAMB36_X3Y1          RAMB36E1                                     r  u_pl/u_bilin/u_fb/hi_reg_8/CLKARDCLK
                         clock pessimism              0.097    12.417    
                         clock uncertainty           -0.154    12.263    
    RAMB36_X3Y1          RAMB36E1 (Setup_ramb36e1_CLKARDCLK_WEA[0])
                                                     -0.476    11.787    u_pl/u_bilin/u_fb/hi_reg_8
  -------------------------------------------------------------------
                         required time                         11.787    
                         arrival time                          -9.651    
  -------------------------------------------------------------------
                         slack                                  2.136    

Slack (MET) :             2.136ns  (required time - arrival time)
  Source:                 u_pl/u_arb/owner_eth_reg/C
                            (rising edge-triggered cell FDCE clocked by clk_fpga_0  {rise@0.000ns fall@5.000ns period=10.000ns})
  Destination:            u_pl/u_bilin/u_fb/hi_reg_8/WEA[0]
                            (rising edge-triggered cell RAMB36E1 clocked by clk_fpga_0  {rise@0.000ns fall@5.000ns period=10.000ns})
  Path Group:             clk_fpga_0
  Path Type:              Setup (Max at Slow Process Corner)
  Requirement:            10.000ns  (clk_fpga_0 rise@10.000ns - clk_fpga_0 rise@0.000ns)
  Data Path Delay:        7.195ns  (logic 0.799ns (11.105%)  route 6.396ns (88.895%))
  Logic Levels:           4  (LUT3=1 LUT6=3)
  Clock Path Skew:        -0.039ns (DCD - SCD + CPR)
    Destination Clock Delay (DCD):    2.321ns = ( 12.321 - 10.000 ) 
    Source Clock Delay      (SCD):    2.456ns
    Clock Pessimism Removal (CPR):    0.097ns
  Clock Uncertainty:      0.154ns  ((TSJ^2 + TIJ^2)^1/2 + DJ) / 2 + PE
    Total System Jitter     (TSJ):    0.071ns
    Total Input Jitter      (TIJ):    0.300ns
    Discrete Jitter          (DJ):    0.000ns
    Phase Error              (PE):    0.000ns

    Location             Delay type                Incr(ns)  Path(ns)    Netlist Resource(s)
  -------------------------------------------------------------------    -------------------
                         (clock clk_fpga_0 rise edge)
                                                      0.000     0.000 r  
    PS7_X0Y0             PS7                          0.000     0.000 r  u_bd/design_1_i/processing_system7_0/inst/PS7_i/FCLKCLK[0]
                         net (fo=1, routed)           0.994     0.994    u_bd/design_1_i/processing_system7_0/inst/FCLK_CLK_unbuffered[0]
    BUFGCTRL_X0Y16       BUFG (Prop_bufg_I_O)         0.085     1.079 r  u_bd/design_1_i/processing_system7_0/inst/buffer_fclk_clk_0.FCLK_CLK_0_BUFG/O
                         net (fo=4375, routed)        1.377     2.456    u_pl/u_arb/FCLK_CLK0
    SLICE_X43Y79         FDCE                                         r  u_pl/u_arb/owner_eth_reg/C
  -------------------------------------------------------------------    -------------------
    SLICE_X43Y79         FDCE (Prop_fdce_C_Q)         0.379     2.835 f  u_pl/u_arb/owner_eth_reg/Q
                         net (fo=269, routed)         2.112     4.947    u_pl/u_row/hi_reg_0[0]
    SLICE_X47Y51         LUT3 (Prop_lut3_I1_O)        0.105     5.052 f  u_pl/u_row/lo_reg_0_0_i_7/O
                         net (fo=21, routed)          0.599     5.651    u_pl/u_row/fb_wr_addr_reg[14]_0[9]
    SLICE_X49Y52         LUT6 (Prop_lut6_I0_O)        0.105     5.756 r  u_pl/u_row/lo_reg_0_0_i_20/O
                         net (fo=1, routed)           0.204     5.960    u_pl/u_row/lo_reg_0_0_i_20_n_0
    SLICE_X49Y52         LUT6 (Prop_lut6_I2_O)        0.105     6.065 r  u_pl/u_row/lo_reg_0_0_i_19/O
                         net (fo=36, routed)          2.300     8.365    u_pl/u_row/lo_reg_0_0_i_19_n_0
    SLICE_X88Y7          LUT6 (Prop_lut6_I5_O)        0.105     8.470 r  u_pl/u_row/hi_reg_4_i_1/O
                         net (fo=2, routed)           1.181     9.651    u_pl/u_bilin/u_fb/hi_reg_8_0[0]
    RAMB36_X3Y1          RAMB36E1                                     r  u_pl/u_bilin/u_fb/hi_reg_8/WEA[0]
  -------------------------------------------------------------------    -------------------

                         (clock clk_fpga_0 rise edge)
                                                     10.000    10.000 r  
    PS7_X0Y0             PS7                          0.000    10.000 r  u_bd/design_1_i/processing_system7_0/inst/PS7_i/FCLKCLK[0]
                         net (fo=1, routed)           0.905    10.906    u_bd/design_1_i/processing_system7_0/inst/FCLK_CLK_unbuffered[0]
    BUFGCTRL_X0Y16       BUFG (Prop_bufg_I_O)         0.077    10.983 r  u_bd/design_1_i/processing_system7_0/inst/buffer_fclk_clk_0.FCLK_CLK_0_BUFG/O
                         net (fo=4375, routed)        1.338    12.321    u_pl/u_bilin/u_fb/FCLK_CLK0
    RAMB36_X3Y1          RAMB36E1                                     r  u_pl/u_bilin/u_fb/hi_reg_8/CLKARDCLK
                         clock pessimism              0.097    12.417    
                         clock uncertainty           -0.154    12.263    
    RAMB36_X3Y1          RAMB36E1 (Setup_ramb36e1_CLKARDCLK_WEA[0])
                                                     -0.476    11.787    u_pl/u_bilin/u_fb/hi_reg_8
  -------------------------------------------------------------------
                         required time                         11.787    
                         arrival time                          -9.651    
  -------------------------------------------------------------------
                         slack                                  2.136    

Slack (MET) :             2.136ns  (required time - arrival time)
  Source:                 u_pl/u_arb/owner_eth_reg/C
                            (rising edge-triggered cell FDCE clocked by clk_fpga_0  {rise@0.000ns fall@5.000ns period=10.000ns})
  Destination:            u_pl/u_bilin/u_fb/hi_reg_8/WEA[0]
                            (rising edge-triggered cell RAMB36E1 clocked by clk_fpga_0  {rise@0.000ns fall@5.000ns period=10.000ns})
  Path Group:             clk_fpga_0
  Path Type:              Setup (Max at Slow Process Corner)
  Requirement:            10.000ns  (clk_fpga_0 rise@10.000ns - clk_fpga_0 rise@0.000ns)
  Data Path Delay:        7.195ns  (logic 0.799ns (11.105%)  route 6.396ns (88.895%))
  Logic Levels:           4  (LUT3=1 LUT6=3)
  Clock Path Skew:        -0.039ns (DCD - SCD + CPR)
    Destination Clock Delay (DCD):    2.321ns = ( 12.321 - 10.000 ) 
    Source Clock Delay      (SCD):    2.456ns
    Clock Pessimism Removal (CPR):    0.097ns
  Clock Uncertainty:      0.154ns  ((TSJ^2 + TIJ^2)^1/2 + DJ) / 2 + PE
    Total System Jitter     (TSJ):    0.071ns
    Total Input Jitter      (TIJ):    0.300ns
    Discrete Jitter          (DJ):    0.000ns
    Phase Error              (PE):    0.000ns

    Location             Delay type                Incr(ns)  Path(ns)    Netlist Resource(s)
  -------------------------------------------------------------------    -------------------
                         (clock clk_fpga_0 rise edge)
                                                      0.000     0.000 r  
    PS7_X0Y0             PS7                          0.000     0.000 r  u_bd/design_1_i/processing_system7_0/inst/PS7_i/FCLKCLK[0]
                         net (fo=1, routed)           0.994     0.994    u_bd/design_1_i/processing_system7_0/inst/FCLK_CLK_unbuffered[0]
    BUFGCTRL_X0Y16       BUFG (Prop_bufg_I_O)         0.085     1.079 r  u_bd/design_1_i/processing_system7_0/inst/buffer_fclk_clk_0.FCLK_CLK_0_BUFG/O
                         net (fo=4375, routed)        1.377     2.456    u_pl/u_arb/FCLK_CLK0
    SLICE_X43Y79         FDCE                                         r  u_pl/u_arb/owner_eth_reg/C
  -------------------------------------------------------------------    -------------------
    SLICE_X43Y79         FDCE (Prop_fdce_C_Q)         0.379     2.835 r  u_pl/u_arb/owner_eth_reg/Q
                         net (fo=269, routed)         2.112     4.947    u_pl/u_row/hi_reg_0[0]
    SLICE_X47Y51         LUT3 (Prop_lut3_I1_O)        0.105     5.052 r  u_pl/u_row/lo_reg_0_0_i_7/O
                         net (fo=21, routed)          0.599     5.651    u_pl/u_row/fb_wr_addr_reg[14]_0[9]
    SLICE_X49Y52         LUT6 (Prop_lut6_I0_O)        0.105     5.756 f  u_pl/u_row/lo_reg_0_0_i_20/O
                         net (fo=1, routed)           0.204     5.960    u_pl/u_row/lo_reg_0_0_i_20_n_0
    SLICE_X49Y52         LUT6 (Prop_lut6_I2_O)        0.105     6.065 f  u_pl/u_row/lo_reg_0_0_i_19/O
                         net (fo=36, routed)          2.300     8.365    u_pl/u_row/lo_reg_0_0_i_19_n_0
    SLICE_X88Y7          LUT6 (Prop_lut6_I5_O)        0.105     8.470 f  u_pl/u_row/hi_reg_4_i_1/O
                         net (fo=2, routed)           1.181     9.651    u_pl/u_bilin/u_fb/hi_reg_8_0[0]
    RAMB36_X3Y1          RAMB36E1                                     f  u_pl/u_bilin/u_fb/hi_reg_8/WEA[0]
  -------------------------------------------------------------------    -------------------

                         (clock clk_fpga_0 rise edge)
                                                     10.000    10.000 r  
    PS7_X0Y0             PS7                          0.000    10.000 r  u_bd/design_1_i/processing_system7_0/inst/PS7_i/FCLKCLK[0]
                         net (fo=1, routed)           0.905    10.906    u_bd/design_1_i/processing_system7_0/inst/FCLK_CLK_unbuffered[0]
    BUFGCTRL_X0Y16       BUFG (Prop_bufg_I_O)         0.077    10.983 r  u_bd/design_1_i/processing_system7_0/inst/buffer_fclk_clk_0.FCLK_CLK_0_BUFG/O
                         net (fo=4375, routed)        1.338    12.321    u_pl/u_bilin/u_fb/FCLK_CLK0
    RAMB36_X3Y1          RAMB36E1                                     r  u_pl/u_bilin/u_fb/hi_reg_8/CLKARDCLK
                         clock pessimism              0.097    12.417    
                         clock uncertainty           -0.154    12.263    
    RAMB36_X3Y1          RAMB36E1 (Setup_ramb36e1_CLKARDCLK_WEA[0])
                                                     -0.476    11.787    u_pl/u_bilin/u_fb/hi_reg_8
  -------------------------------------------------------------------
                         required time                         11.787    
                         arrival time                          -9.651    
  -------------------------------------------------------------------
                         slack                                  2.136    

Slack (MET) :             2.136ns  (required time - arrival time)
  Source:                 u_pl/u_arb/owner_eth_reg/C
                            (rising edge-triggered cell FDCE clocked by clk_fpga_0  {rise@0.000ns fall@5.000ns period=10.000ns})
  Destination:            u_pl/u_bilin/u_fb/hi_reg_8/WEA[0]
                            (rising edge-triggered cell RAMB36E1 clocked by clk_fpga_0  {rise@0.000ns fall@5.000ns period=10.000ns})
  Path Group:             clk_fpga_0
  Path Type:              Setup (Max at Slow Process Corner)
  Requirement:            10.000ns  (clk_fpga_0 rise@10.000ns - clk_fpga_0 rise@0.000ns)
  Data Path Delay:        7.195ns  (logic 0.799ns (11.105%)  route 6.396ns (88.895%))
  Logic Levels:           4  (LUT3=1 LUT6=3)
  Clock Path Skew:        -0.039ns (DCD - SCD + CPR)
    Destination Clock Delay (DCD):    2.321ns = ( 12.321 - 10.000 ) 
    Source Clock Delay      (SCD):    2.456ns
    Clock Pessimism Removal (CPR):    0.097ns
  Clock Uncertainty:      0.154ns  ((TSJ^2 + TIJ^2)^1/2 + DJ) / 2 + PE
    Total System Jitter     (TSJ):    0.071ns
    Total Input Jitter      (TIJ):    0.300ns
    Discrete Jitter          (DJ):    0.000ns
    Phase Error              (PE):    0.000ns

    Location             Delay type                Incr(ns)  Path(ns)    Netlist Resource(s)
  -------------------------------------------------------------------    -------------------
                         (clock clk_fpga_0 rise edge)
                                                      0.000     0.000 r  
    PS7_X0Y0             PS7                          0.000     0.000 r  u_bd/design_1_i/processing_system7_0/inst/PS7_i/FCLKCLK[0]
                         net (fo=1, routed)           0.994     0.994    u_bd/design_1_i/processing_system7_0/inst/FCLK_CLK_unbuffered[0]
    BUFGCTRL_X0Y16       BUFG (Prop_bufg_I_O)         0.085     1.079 r  u_bd/design_1_i/processing_system7_0/inst/buffer_fclk_clk_0.FCLK_CLK_0_BUFG/O
                         net (fo=4375, routed)        1.377     2.456    u_pl/u_arb/FCLK_CLK0
    SLICE_X43Y79         FDCE                                         r  u_pl/u_arb/owner_eth_reg/C
  -------------------------------------------------------------------    -------------------
    SLICE_X43Y79         FDCE (Prop_fdce_C_Q)         0.379     2.835 f  u_pl/u_arb/owner_eth_reg/Q
                         net (fo=269, routed)         2.112     4.947    u_pl/u_row/hi_reg_0[0]
    SLICE_X47Y51         LUT3 (Prop_lut3_I1_O)        0.105     5.052 r  u_pl/u_row/lo_reg_0_0_i_7/O
                         net (fo=21, routed)          0.599     5.651    u_pl/u_row/fb_wr_addr_reg[14]_0[9]
    SLICE_X49Y52         LUT6 (Prop_lut6_I0_O)        0.105     5.756 f  u_pl/u_row/lo_reg_0_0_i_20/O
                         net (fo=1, routed)           0.204     5.960    u_pl/u_row/lo_reg_0_0_i_20_n_0
    SLICE_X49Y52         LUT6 (Prop_lut6_I2_O)        0.105     6.065 f  u_pl/u_row/lo_reg_0_0_i_19/O
                         net (fo=36, routed)          2.300     8.365    u_pl/u_row/lo_reg_0_0_i_19_n_0
    SLICE_X88Y7          LUT6 (Prop_lut6_I5_O)        0.105     8.470 f  u_pl/u_row/hi_reg_4_i_1/O
                         net (fo=2, routed)           1.181     9.651    u_pl/u_bilin/u_fb/hi_reg_8_0[0]
    RAMB36_X3Y1          RAMB36E1                                     f  u_pl/u_bilin/u_fb/hi_reg_8/WEA[0]
  -------------------------------------------------------------------    -------------------

                         (clock clk_fpga_0 rise edge)
                                                     10.000    10.000 r  
    PS7_X0Y0             PS7                          0.000    10.000 r  u_bd/design_1_i/processing_system7_0/inst/PS7_i/FCLKCLK[0]
                         net (fo=1, routed)           0.905    10.906    u_bd/design_1_i/processing_system7_0/inst/FCLK_CLK_unbuffered[0]
    BUFGCTRL_X0Y16       BUFG (Prop_bufg_I_O)         0.077    10.983 r  u_bd/design_1_i/processing_system7_0/inst/buffer_fclk_clk_0.FCLK_CLK_0_BUFG/O
                         net (fo=4375, routed)        1.338    12.321    u_pl/u_bilin/u_fb/FCLK_CLK0
    RAMB36_X3Y1          RAMB36E1                                     r  u_pl/u_bilin/u_fb/hi_reg_8/CLKARDCLK
                         clock pessimism              0.097    12.417    
                         clock uncertainty           -0.154    12.263    
    RAMB36_X3Y1          RAMB36E1 (Setup_ramb36e1_CLKARDCLK_WEA[0])
                                                     -0.476    11.787    u_pl/u_bilin/u_fb/hi_reg_8
  -------------------------------------------------------------------
                         required time                         11.787    
                         arrival time                          -9.651    
  -------------------------------------------------------------------
                         slack                                  2.136    

Slack (MET) :             2.149ns  (required time - arrival time)
  Source:                 u_pl/u_arb/owner_eth_reg/C
                            (rising edge-triggered cell FDCE clocked by clk_fpga_0  {rise@0.000ns fall@5.000ns period=10.000ns})
  Destination:            u_pl/u_bilin/u_fb/lo_reg_0_62/ADDRARDADDR[0]
                            (rising edge-triggered cell RAMB36E1 clocked by clk_fpga_0  {rise@0.000ns fall@5.000ns period=10.000ns})
  Path Group:             clk_fpga_0
  Path Type:              Setup (Max at Slow Process Corner)
  Requirement:            10.000ns  (clk_fpga_0 rise@10.000ns - clk_fpga_0 rise@0.000ns)
  Data Path Delay:        7.226ns  (logic 0.484ns (6.698%)  route 6.742ns (93.302%))
  Logic Levels:           1  (LUT3=1)
  Clock Path Skew:        0.019ns (DCD - SCD + CPR)
    Destination Clock Delay (DCD):    2.366ns = ( 12.366 - 10.000 ) 
    Source Clock Delay      (SCD):    2.456ns
    Clock Pessimism Removal (CPR):    0.109ns
  Clock Uncertainty:      0.154ns  ((TSJ^2 + TIJ^2)^1/2 + DJ) / 2 + PE
    Total System Jitter     (TSJ):    0.071ns
    Total Input Jitter      (TIJ):    0.300ns
    Discrete Jitter          (DJ):    0.000ns
    Phase Error              (PE):    0.000ns

    Location             Delay type                Incr(ns)  Path(ns)    Netlist Resource(s)
  -------------------------------------------------------------------    -------------------
                         (clock clk_fpga_0 rise edge)
                                                      0.000     0.000 r  
    PS7_X0Y0             PS7                          0.000     0.000 r  u_bd/design_1_i/processing_system7_0/inst/PS7_i/FCLKCLK[0]
                         net (fo=1, routed)           0.994     0.994    u_bd/design_1_i/processing_system7_0/inst/FCLK_CLK_unbuffered[0]
    BUFGCTRL_X0Y16       BUFG (Prop_bufg_I_O)         0.085     1.079 r  u_bd/design_1_i/processing_system7_0/inst/buffer_fclk_clk_0.FCLK_CLK_0_BUFG/O
                         net (fo=4375, routed)        1.377     2.456    u_pl/u_arb/FCLK_CLK0
    SLICE_X43Y79         FDCE                                         r  u_pl/u_arb/owner_eth_reg/C
  -------------------------------------------------------------------    -------------------
    SLICE_X43Y79         FDCE (Prop_fdce_C_Q)         0.379     2.835 r  u_pl/u_arb/owner_eth_reg/Q
                         net (fo=269, routed)         2.296     5.131    u_pl/u_row/hi_reg_0[0]
    SLICE_X45Y47         LUT3 (Prop_lut3_I1_O)        0.105     5.236 r  u_pl/u_row/lo_reg_0_12_i_15/O
                         net (fo=20, routed)          4.447     9.682    u_pl/u_bilin/u_fb/lo_reg_0_12_0[0]
    RAMB36_X4Y18         RAMB36E1                                     r  u_pl/u_bilin/u_fb/lo_reg_0_62/ADDRARDADDR[0]
  -------------------------------------------------------------------    -------------------

                         (clock clk_fpga_0 rise edge)
                                                     10.000    10.000 r  
    PS7_X0Y0             PS7                          0.000    10.000 r  u_bd/design_1_i/processing_system7_0/inst/PS7_i/FCLKCLK[0]
                         net (fo=1, routed)           0.905    10.906    u_bd/design_1_i/processing_system7_0/inst/FCLK_CLK_unbuffered[0]
    BUFGCTRL_X0Y16       BUFG (Prop_bufg_I_O)         0.077    10.983 r  u_bd/design_1_i/processing_system7_0/inst/buffer_fclk_clk_0.FCLK_CLK_0_BUFG/O
                         net (fo=4375, routed)        1.384    12.366    u_pl/u_bilin/u_fb/FCLK_CLK0
    RAMB36_X4Y18         RAMB36E1                                     r  u_pl/u_bilin/u_fb/lo_reg_0_62/CLKARDCLK
                         clock pessimism              0.109    12.475    
                         clock uncertainty           -0.154    12.321    
    RAMB36_X4Y18         RAMB36E1 (Setup_ramb36e1_CLKARDCLK_ADDRARDADDR[0])
                                                     -0.490    11.831    u_pl/u_bilin/u_fb/lo_reg_0_62
  -------------------------------------------------------------------
                         required time                         11.831    
                         arrival time                          -9.682    
  -------------------------------------------------------------------
                         slack                                  2.149    

Slack (MET) :             2.149ns  (required time - arrival time)
  Source:                 u_pl/u_arb/owner_eth_reg/C
                            (rising edge-triggered cell FDCE clocked by clk_fpga_0  {rise@0.000ns fall@5.000ns period=10.000ns})
  Destination:            u_pl/u_bilin/u_fb/lo_reg_0_62/ADDRARDADDR[0]
                            (rising edge-triggered cell RAMB36E1 clocked by clk_fpga_0  {rise@0.000ns fall@5.000ns period=10.000ns})
  Path Group:             clk_fpga_0
  Path Type:              Setup (Max at Slow Process Corner)
  Requirement:            10.000ns  (clk_fpga_0 rise@10.000ns - clk_fpga_0 rise@0.000ns)
  Data Path Delay:        7.226ns  (logic 0.484ns (6.698%)  route 6.742ns (93.302%))
  Logic Levels:           1  (LUT3=1)
  Clock Path Skew:        0.019ns (DCD - SCD + CPR)
    Destination Clock Delay (DCD):    2.366ns = ( 12.366 - 10.000 ) 
    Source Clock Delay      (SCD):    2.456ns
    Clock Pessimism Removal (CPR):    0.109ns
  Clock Uncertainty:      0.154ns  ((TSJ^2 + TIJ^2)^1/2 + DJ) / 2 + PE
    Total System Jitter     (TSJ):    0.071ns
    Total Input Jitter      (TIJ):    0.300ns
    Discrete Jitter          (DJ):    0.000ns
    Phase Error              (PE):    0.000ns

    Location             Delay type                Incr(ns)  Path(ns)    Netlist Resource(s)
  -------------------------------------------------------------------    -------------------
                         (clock clk_fpga_0 rise edge)
                                                      0.000     0.000 r  
    PS7_X0Y0             PS7                          0.000     0.000 r  u_bd/design_1_i/processing_system7_0/inst/PS7_i/FCLKCLK[0]
                         net (fo=1, routed)           0.994     0.994    u_bd/design_1_i/processing_system7_0/inst/FCLK_CLK_unbuffered[0]
    BUFGCTRL_X0Y16       BUFG (Prop_bufg_I_O)         0.085     1.079 r  u_bd/design_1_i/processing_system7_0/inst/buffer_fclk_clk_0.FCLK_CLK_0_BUFG/O
                         net (fo=4375, routed)        1.377     2.456    u_pl/u_arb/FCLK_CLK0
    SLICE_X43Y79         FDCE                                         r  u_pl/u_arb/owner_eth_reg/C
  -------------------------------------------------------------------    -------------------
    SLICE_X43Y79         FDCE (Prop_fdce_C_Q)         0.379     2.835 f  u_pl/u_arb/owner_eth_reg/Q
                         net (fo=269, routed)         2.296     5.131    u_pl/u_row/hi_reg_0[0]
    SLICE_X45Y47         LUT3 (Prop_lut3_I1_O)        0.105     5.236 r  u_pl/u_row/lo_reg_0_12_i_15/O
                         net (fo=20, routed)          4.447     9.682    u_pl/u_bilin/u_fb/lo_reg_0_12_0[0]
    RAMB36_X4Y18         RAMB36E1                                     r  u_pl/u_bilin/u_fb/lo_reg_0_62/ADDRARDADDR[0]
  -------------------------------------------------------------------    -------------------

                         (clock clk_fpga_0 rise edge)
                                                     10.000    10.000 r  
    PS7_X0Y0             PS7                          0.000    10.000 r  u_bd/design_1_i/processing_system7_0/inst/PS7_i/FCLKCLK[0]
                         net (fo=1, routed)           0.905    10.906    u_bd/design_1_i/processing_system7_0/inst/FCLK_CLK_unbuffered[0]
    BUFGCTRL_X0Y16       BUFG (Prop_bufg_I_O)         0.077    10.983 r  u_bd/design_1_i/processing_system7_0/inst/buffer_fclk_clk_0.FCLK_CLK_0_BUFG/O
                         net (fo=4375, routed)        1.384    12.366    u_pl/u_bilin/u_fb/FCLK_CLK0
    RAMB36_X4Y18         RAMB36E1                                     r  u_pl/u_bilin/u_fb/lo_reg_0_62/CLKARDCLK
                         clock pessimism              0.109    12.475    
                         clock uncertainty           -0.154    12.321    
    RAMB36_X4Y18         RAMB36E1 (Setup_ramb36e1_CLKARDCLK_ADDRARDADDR[0])
                                                     -0.490    11.831    u_pl/u_bilin/u_fb/lo_reg_0_62
  -------------------------------------------------------------------
                         required time                         11.831    
                         arrival time                          -9.682    
  -------------------------------------------------------------------
                         slack                                  2.149    

Slack (MET) :             2.149ns  (required time - arrival time)
  Source:                 u_pl/u_arb/owner_eth_reg/C
                            (rising edge-triggered cell FDCE clocked by clk_fpga_0  {rise@0.000ns fall@5.000ns period=10.000ns})
  Destination:            u_pl/u_bilin/u_fb/lo_reg_0_62/ADDRARDADDR[0]
                            (rising edge-triggered cell RAMB36E1 clocked by clk_fpga_0  {rise@0.000ns fall@5.000ns period=10.000ns})
  Path Group:             clk_fpga_0
  Path Type:              Setup (Max at Slow Process Corner)
  Requirement:            10.000ns  (clk_fpga_0 rise@10.000ns - clk_fpga_0 rise@0.000ns)
  Data Path Delay:        7.226ns  (logic 0.484ns (6.698%)  route 6.742ns (93.302%))
  Logic Levels:           1  (LUT3=1)
  Clock Path Skew:        0.019ns (DCD - SCD + CPR)
    Destination Clock Delay (DCD):    2.366ns = ( 12.366 - 10.000 ) 
    Source Clock Delay      (SCD):    2.456ns
    Clock Pessimism Removal (CPR):    0.109ns
  Clock Uncertainty:      0.154ns  ((TSJ^2 + TIJ^2)^1/2 + DJ) / 2 + PE
    Total System Jitter     (TSJ):    0.071ns
    Total Input Jitter      (TIJ):    0.300ns
    Discrete Jitter          (DJ):    0.000ns
    Phase Error              (PE):    0.000ns

    Location             Delay type                Incr(ns)  Path(ns)    Netlist Resource(s)
  -------------------------------------------------------------------    -------------------
                         (clock clk_fpga_0 rise edge)
                                                      0.000     0.000 r  
    PS7_X0Y0             PS7                          0.000     0.000 r  u_bd/design_1_i/processing_system7_0/inst/PS7_i/FCLKCLK[0]
                         net (fo=1, routed)           0.994     0.994    u_bd/design_1_i/processing_system7_0/inst/FCLK_CLK_unbuffered[0]
    BUFGCTRL_X0Y16       BUFG (Prop_bufg_I_O)         0.085     1.079 r  u_bd/design_1_i/processing_system7_0/inst/buffer_fclk_clk_0.FCLK_CLK_0_BUFG/O
                         net (fo=4375, routed)        1.377     2.456    u_pl/u_arb/FCLK_CLK0
    SLICE_X43Y79         FDCE                                         r  u_pl/u_arb/owner_eth_reg/C
  -------------------------------------------------------------------    -------------------
    SLICE_X43Y79         FDCE (Prop_fdce_C_Q)         0.379     2.835 r  u_pl/u_arb/owner_eth_reg/Q
                         net (fo=269, routed)         2.296     5.131    u_pl/u_row/hi_reg_0[0]
    SLICE_X45Y47         LUT3 (Prop_lut3_I1_O)        0.105     5.236 f  u_pl/u_row/lo_reg_0_12_i_15/O
                         net (fo=20, routed)          4.447     9.682    u_pl/u_bilin/u_fb/lo_reg_0_12_0[0]
    RAMB36_X4Y18         RAMB36E1                                     f  u_pl/u_bilin/u_fb/lo_reg_0_62/ADDRARDADDR[0]
  -------------------------------------------------------------------    -------------------

                         (clock clk_fpga_0 rise edge)
                                                     10.000    10.000 r  
    PS7_X0Y0             PS7                          0.000    10.000 r  u_bd/design_1_i/processing_system7_0/inst/PS7_i/FCLKCLK[0]
                         net (fo=1, routed)           0.905    10.906    u_bd/design_1_i/processing_system7_0/inst/FCLK_CLK_unbuffered[0]
    BUFGCTRL_X0Y16       BUFG (Prop_bufg_I_O)         0.077    10.983 r  u_bd/design_1_i/processing_system7_0/inst/buffer_fclk_clk_0.FCLK_CLK_0_BUFG/O
                         net (fo=4375, routed)        1.384    12.366    u_pl/u_bilin/u_fb/FCLK_CLK0
    RAMB36_X4Y18         RAMB36E1                                     r  u_pl/u_bilin/u_fb/lo_reg_0_62/CLKARDCLK
                         clock pessimism              0.109    12.475    
                         clock uncertainty           -0.154    12.321    
    RAMB36_X4Y18         RAMB36E1 (Setup_ramb36e1_CLKARDCLK_ADDRARDADDR[0])
                                                     -0.490    11.831    u_pl/u_bilin/u_fb/lo_reg_0_62
  -------------------------------------------------------------------
                         required time                         11.831    
                         arrival time                          -9.682    
  -------------------------------------------------------------------
                         slack                                  2.149    

Slack (MET) :             2.149ns  (required time - arrival time)
  Source:                 u_pl/u_arb/owner_eth_reg/C
                            (rising edge-triggered cell FDCE clocked by clk_fpga_0  {rise@0.000ns fall@5.000ns period=10.000ns})
  Destination:            u_pl/u_bilin/u_fb/lo_reg_0_62/ADDRARDADDR[0]
                            (rising edge-triggered cell RAMB36E1 clocked by clk_fpga_0  {rise@0.000ns fall@5.000ns period=10.000ns})
  Path Group:             clk_fpga_0
  Path Type:              Setup (Max at Slow Process Corner)
  Requirement:            10.000ns  (clk_fpga_0 rise@10.000ns - clk_fpga_0 rise@0.000ns)
  Data Path Delay:        7.226ns  (logic 0.484ns (6.698%)  route 6.742ns (93.302%))
  Logic Levels:           1  (LUT3=1)
  Clock Path Skew:        0.019ns (DCD - SCD + CPR)
    Destination Clock Delay (DCD):    2.366ns = ( 12.366 - 10.000 ) 
    Source Clock Delay      (SCD):    2.456ns
    Clock Pessimism Removal (CPR):    0.109ns
  Clock Uncertainty:      0.154ns  ((TSJ^2 + TIJ^2)^1/2 + DJ) / 2 + PE
    Total System Jitter     (TSJ):    0.071ns
    Total Input Jitter      (TIJ):    0.300ns
    Discrete Jitter          (DJ):    0.000ns
    Phase Error              (PE):    0.000ns

    Location             Delay type                Incr(ns)  Path(ns)    Netlist Resource(s)
  -------------------------------------------------------------------    -------------------
                         (clock clk_fpga_0 rise edge)
                                                      0.000     0.000 r  
    PS7_X0Y0             PS7                          0.000     0.000 r  u_bd/design_1_i/processing_system7_0/inst/PS7_i/FCLKCLK[0]
                         net (fo=1, routed)           0.994     0.994    u_bd/design_1_i/processing_system7_0/inst/FCLK_CLK_unbuffered[0]
    BUFGCTRL_X0Y16       BUFG (Prop_bufg_I_O)         0.085     1.079 r  u_bd/design_1_i/processing_system7_0/inst/buffer_fclk_clk_0.FCLK_CLK_0_BUFG/O
                         net (fo=4375, routed)        1.377     2.456    u_pl/u_arb/FCLK_CLK0
    SLICE_X43Y79         FDCE                                         r  u_pl/u_arb/owner_eth_reg/C
  -------------------------------------------------------------------    -------------------
    SLICE_X43Y79         FDCE (Prop_fdce_C_Q)         0.379     2.835 f  u_pl/u_arb/owner_eth_reg/Q
                         net (fo=269, routed)         2.296     5.131    u_pl/u_row/hi_reg_0[0]
    SLICE_X45Y47         LUT3 (Prop_lut3_I1_O)        0.105     5.236 f  u_pl/u_row/lo_reg_0_12_i_15/O
                         net (fo=20, routed)          4.447     9.682    u_pl/u_bilin/u_fb/lo_reg_0_12_0[0]
    RAMB36_X4Y18         RAMB36E1                                     f  u_pl/u_bilin/u_fb/lo_reg_0_62/ADDRARDADDR[0]
  -------------------------------------------------------------------    -------------------

                         (clock clk_fpga_0 rise edge)
                                                     10.000    10.000 r  
    PS7_X0Y0             PS7                          0.000    10.000 r  u_bd/design_1_i/processing_system7_0/inst/PS7_i/FCLKCLK[0]
                         net (fo=1, routed)           0.905    10.906    u_bd/design_1_i/processing_system7_0/inst/FCLK_CLK_unbuffered[0]
    BUFGCTRL_X0Y16       BUFG (Prop_bufg_I_O)         0.077    10.983 r  u_bd/design_1_i/processing_system7_0/inst/buffer_fclk_clk_0.FCLK_CLK_0_BUFG/O
                         net (fo=4375, routed)        1.384    12.366    u_pl/u_bilin/u_fb/FCLK_CLK0
    RAMB36_X4Y18         RAMB36E1                                     r  u_pl/u_bilin/u_fb/lo_reg_0_62/CLKARDCLK
                         clock pessimism              0.109    12.475    
                         clock uncertainty           -0.154    12.321    
    RAMB36_X4Y18         RAMB36E1 (Setup_ramb36e1_CLKARDCLK_ADDRARDADDR[0])
                                                     -0.490    11.831    u_pl/u_bilin/u_fb/lo_reg_0_62
  -------------------------------------------------------------------
                         required time                         11.831    
                         arrival time                          -9.682    
  -------------------------------------------------------------------
                         slack                                  2.149    

Slack (MET) :             2.175ns  (required time - arrival time)
  Source:                 u_pl/u_arb/owner_eth_reg/C
                            (rising edge-triggered cell FDCE clocked by clk_fpga_0  {rise@0.000ns fall@5.000ns period=10.000ns})
  Destination:            u_pl/u_bilin/u_fb/hi_reg_0/WEA[0]
                            (rising edge-triggered cell RAMB36E1 clocked by clk_fpga_0  {rise@0.000ns fall@5.000ns period=10.000ns})
  Path Group:             clk_fpga_0
  Path Type:              Setup (Max at Slow Process Corner)
  Requirement:            10.000ns  (clk_fpga_0 rise@10.000ns - clk_fpga_0 rise@0.000ns)
  Data Path Delay:        7.206ns  (logic 0.484ns (6.717%)  route 6.722ns (93.283%))
  Logic Levels:           1  (LUT6=1)
  Clock Path Skew:        0.010ns (DCD - SCD + CPR)
    Destination Clock Delay (DCD):    2.370ns = ( 12.370 - 10.000 ) 
    Source Clock Delay      (SCD):    2.456ns
    Clock Pessimism Removal (CPR):    0.097ns
  Clock Uncertainty:      0.154ns  ((TSJ^2 + TIJ^2)^1/2 + DJ) / 2 + PE
    Total System Jitter     (TSJ):    0.071ns
    Total Input Jitter      (TIJ):    0.300ns
    Discrete Jitter          (DJ):    0.000ns
    Phase Error              (PE):    0.000ns

    Location             Delay type                Incr(ns)  Path(ns)    Netlist Resource(s)
  -------------------------------------------------------------------    -------------------
                         (clock clk_fpga_0 rise edge)
                                                      0.000     0.000 r  
    PS7_X0Y0             PS7                          0.000     0.000 r  u_bd/design_1_i/processing_system7_0/inst/PS7_i/FCLKCLK[0]
                         net (fo=1, routed)           0.994     0.994    u_bd/design_1_i/processing_system7_0/inst/FCLK_CLK_unbuffered[0]
    BUFGCTRL_X0Y16       BUFG (Prop_bufg_I_O)         0.085     1.079 r  u_bd/design_1_i/processing_system7_0/inst/buffer_fclk_clk_0.FCLK_CLK_0_BUFG/O
                         net (fo=4375, routed)        1.377     2.456    u_pl/u_arb/FCLK_CLK0
    SLICE_X43Y79         FDCE                                         r  u_pl/u_arb/owner_eth_reg/C
  -------------------------------------------------------------------    -------------------
    SLICE_X43Y79         FDCE (Prop_fdce_C_Q)         0.379     2.835 r  u_pl/u_arb/owner_eth_reg/Q
                         net (fo=269, routed)         6.121     8.956    u_pl/u_row/hi_reg_0[0]
    SLICE_X93Y23         LUT6 (Prop_lut6_I3_O)        0.105     9.061 r  u_pl/u_row/hi_reg_0_i_2/O
                         net (fo=2, routed)           0.600     9.662    u_pl/u_bilin/u_fb/hi_reg_8_0[1]
    RAMB36_X4Y4          RAMB36E1                                     r  u_pl/u_bilin/u_fb/hi_reg_0/WEA[0]
  -------------------------------------------------------------------    -------------------

                         (clock clk_fpga_0 rise edge)
                                                     10.000    10.000 r  
    PS7_X0Y0             PS7                          0.000    10.000 r  u_bd/design_1_i/processing_system7_0/inst/PS7_i/FCLKCLK[0]
                         net (fo=1, routed)           0.905    10.906    u_bd/design_1_i/processing_system7_0/inst/FCLK_CLK_unbuffered[0]
    BUFGCTRL_X0Y16       BUFG (Prop_bufg_I_O)         0.077    10.983 r  u_bd/design_1_i/processing_system7_0/inst/buffer_fclk_clk_0.FCLK_CLK_0_BUFG/O
                         net (fo=4375, routed)        1.387    12.370    u_pl/u_bilin/u_fb/FCLK_CLK0
    RAMB36_X4Y4          RAMB36E1                                     r  u_pl/u_bilin/u_fb/hi_reg_0/CLKARDCLK
                         clock pessimism              0.097    12.466    
                         clock uncertainty           -0.154    12.312    
    RAMB36_X4Y4          RAMB36E1 (Setup_ramb36e1_CLKARDCLK_WEA[0])
                                                     -0.476    11.836    u_pl/u_bilin/u_fb/hi_reg_0
  -------------------------------------------------------------------
                         required time                         11.836    
                         arrival time                          -9.662    
  -------------------------------------------------------------------
                         slack                                  2.175    

Slack (MET) :             2.175ns  (required time - arrival time)
  Source:                 u_pl/u_arb/owner_eth_reg/C
                            (rising edge-triggered cell FDCE clocked by clk_fpga_0  {rise@0.000ns fall@5.000ns period=10.000ns})
  Destination:            u_pl/u_bilin/u_fb/hi_reg_0/WEA[0]
                            (rising edge-triggered cell RAMB36E1 clocked by clk_fpga_0  {rise@0.000ns fall@5.000ns period=10.000ns})
  Path Group:             clk_fpga_0
  Path Type:              Setup (Max at Slow Process Corner)
  Requirement:            10.000ns  (clk_fpga_0 rise@10.000ns - clk_fpga_0 rise@0.000ns)
  Data Path Delay:        7.206ns  (logic 0.484ns (6.717%)  route 6.722ns (93.283%))
  Logic Levels:           1  (LUT6=1)
  Clock Path Skew:        0.010ns (DCD - SCD + CPR)
    Destination Clock Delay (DCD):    2.370ns = ( 12.370 - 10.000 ) 
    Source Clock Delay      (SCD):    2.456ns
    Clock Pessimism Removal (CPR):    0.097ns
  Clock Uncertainty:      0.154ns  ((TSJ^2 + TIJ^2)^1/2 + DJ) / 2 + PE
    Total System Jitter     (TSJ):    0.071ns
    Total Input Jitter      (TIJ):    0.300ns
    Discrete Jitter          (DJ):    0.000ns
    Phase Error              (PE):    0.000ns

    Location             Delay type                Incr(ns)  Path(ns)    Netlist Resource(s)
  -------------------------------------------------------------------    -------------------
                         (clock clk_fpga_0 rise edge)
                                                      0.000     0.000 r  
    PS7_X0Y0             PS7                          0.000     0.000 r  u_bd/design_1_i/processing_system7_0/inst/PS7_i/FCLKCLK[0]
                         net (fo=1, routed)           0.994     0.994    u_bd/design_1_i/processing_system7_0/inst/FCLK_CLK_unbuffered[0]
    BUFGCTRL_X0Y16       BUFG (Prop_bufg_I_O)         0.085     1.079 r  u_bd/design_1_i/processing_system7_0/inst/buffer_fclk_clk_0.FCLK_CLK_0_BUFG/O
                         net (fo=4375, routed)        1.377     2.456    u_pl/u_arb/FCLK_CLK0
    SLICE_X43Y79         FDCE                                         r  u_pl/u_arb/owner_eth_reg/C
  -------------------------------------------------------------------    -------------------
    SLICE_X43Y79         FDCE (Prop_fdce_C_Q)         0.379     2.835 f  u_pl/u_arb/owner_eth_reg/Q
                         net (fo=269, routed)         6.121     8.956    u_pl/u_row/hi_reg_0[0]
    SLICE_X93Y23         LUT6 (Prop_lut6_I3_O)        0.105     9.061 r  u_pl/u_row/hi_reg_0_i_2/O
                         net (fo=2, routed)           0.600     9.662    u_pl/u_bilin/u_fb/hi_reg_8_0[1]
    RAMB36_X4Y4          RAMB36E1                                     r  u_pl/u_bilin/u_fb/hi_reg_0/WEA[0]
  -------------------------------------------------------------------    -------------------

                         (clock clk_fpga_0 rise edge)
                                                     10.000    10.000 r  
    PS7_X0Y0             PS7                          0.000    10.000 r  u_bd/design_1_i/processing_system7_0/inst/PS7_i/FCLKCLK[0]
                         net (fo=1, routed)           0.905    10.906    u_bd/design_1_i/processing_system7_0/inst/FCLK_CLK_unbuffered[0]
    BUFGCTRL_X0Y16       BUFG (Prop_bufg_I_O)         0.077    10.983 r  u_bd/design_1_i/processing_system7_0/inst/buffer_fclk_clk_0.FCLK_CLK_0_BUFG/O
                         net (fo=4375, routed)        1.387    12.370    u_pl/u_bilin/u_fb/FCLK_CLK0
    RAMB36_X4Y4          RAMB36E1                                     r  u_pl/u_bilin/u_fb/hi_reg_0/CLKARDCLK
                         clock pessimism              0.097    12.466    
                         clock uncertainty           -0.154    12.312    
    RAMB36_X4Y4          RAMB36E1 (Setup_ramb36e1_CLKARDCLK_WEA[0])
                                                     -0.476    11.836    u_pl/u_bilin/u_fb/hi_reg_0
  -------------------------------------------------------------------
                         required time                         11.836    
                         arrival time                          -9.662    
  -------------------------------------------------------------------
                         slack                                  2.175    

Slack (MET) :             2.175ns  (required time - arrival time)
  Source:                 u_pl/u_arb/owner_eth_reg/C
                            (rising edge-triggered cell FDCE clocked by clk_fpga_0  {rise@0.000ns fall@5.000ns period=10.000ns})
  Destination:            u_pl/u_bilin/u_fb/hi_reg_0/WEA[0]
                            (rising edge-triggered cell RAMB36E1 clocked by clk_fpga_0  {rise@0.000ns fall@5.000ns period=10.000ns})
  Path Group:             clk_fpga_0
  Path Type:              Setup (Max at Slow Process Corner)
  Requirement:            10.000ns  (clk_fpga_0 rise@10.000ns - clk_fpga_0 rise@0.000ns)
  Data Path Delay:        7.206ns  (logic 0.484ns (6.717%)  route 6.722ns (93.283%))
  Logic Levels:           1  (LUT6=1)
  Clock Path Skew:        0.010ns (DCD - SCD + CPR)
    Destination Clock Delay (DCD):    2.370ns = ( 12.370 - 10.000 ) 
    Source Clock Delay      (SCD):    2.456ns
    Clock Pessimism Removal (CPR):    0.097ns
  Clock Uncertainty:      0.154ns  ((TSJ^2 + TIJ^2)^1/2 + DJ) / 2 + PE
    Total System Jitter     (TSJ):    0.071ns
    Total Input Jitter      (TIJ):    0.300ns
    Discrete Jitter          (DJ):    0.000ns
    Phase Error              (PE):    0.000ns

    Location             Delay type                Incr(ns)  Path(ns)    Netlist Resource(s)
  -------------------------------------------------------------------    -------------------
                         (clock clk_fpga_0 rise edge)
                                                      0.000     0.000 r  
    PS7_X0Y0             PS7                          0.000     0.000 r  u_bd/design_1_i/processing_system7_0/inst/PS7_i/FCLKCLK[0]
                         net (fo=1, routed)           0.994     0.994    u_bd/design_1_i/processing_system7_0/inst/FCLK_CLK_unbuffered[0]
    BUFGCTRL_X0Y16       BUFG (Prop_bufg_I_O)         0.085     1.079 r  u_bd/design_1_i/processing_system7_0/inst/buffer_fclk_clk_0.FCLK_CLK_0_BUFG/O
                         net (fo=4375, routed)        1.377     2.456    u_pl/u_arb/FCLK_CLK0
    SLICE_X43Y79         FDCE                                         r  u_pl/u_arb/owner_eth_reg/C
  -------------------------------------------------------------------    -------------------
    SLICE_X43Y79         FDCE (Prop_fdce_C_Q)         0.379     2.835 r  u_pl/u_arb/owner_eth_reg/Q
                         net (fo=269, routed)         6.121     8.956    u_pl/u_row/hi_reg_0[0]
    SLICE_X93Y23         LUT6 (Prop_lut6_I3_O)        0.105     9.061 f  u_pl/u_row/hi_reg_0_i_2/O
                         net (fo=2, routed)           0.600     9.662    u_pl/u_bilin/u_fb/hi_reg_8_0[1]
    RAMB36_X4Y4          RAMB36E1                                     f  u_pl/u_bilin/u_fb/hi_reg_0/WEA[0]
  -------------------------------------------------------------------    -------------------

                         (clock clk_fpga_0 rise edge)
                                                     10.000    10.000 r  
    PS7_X0Y0             PS7                          0.000    10.000 r  u_bd/design_1_i/processing_system7_0/inst/PS7_i/FCLKCLK[0]
                         net (fo=1, routed)           0.905    10.906    u_bd/design_1_i/processing_system7_0/inst/FCLK_CLK_unbuffered[0]
    BUFGCTRL_X0Y16       BUFG (Prop_bufg_I_O)         0.077    10.983 r  u_bd/design_1_i/processing_system7_0/inst/buffer_fclk_clk_0.FCLK_CLK_0_BUFG/O
                         net (fo=4375, routed)        1.387    12.370    u_pl/u_bilin/u_fb/FCLK_CLK0
    RAMB36_X4Y4          RAMB36E1                                     r  u_pl/u_bilin/u_fb/hi_reg_0/CLKARDCLK
                         clock pessimism              0.097    12.466    
                         clock uncertainty           -0.154    12.312    
    RAMB36_X4Y4          RAMB36E1 (Setup_ramb36e1_CLKARDCLK_WEA[0])
                                                     -0.476    11.836    u_pl/u_bilin/u_fb/hi_reg_0
  -------------------------------------------------------------------
                         required time                         11.836    
                         arrival time                          -9.662    
  -------------------------------------------------------------------
                         slack                                  2.175    

Slack (MET) :             2.175ns  (required time - arrival time)
  Source:                 u_pl/u_arb/owner_eth_reg/C
                            (rising edge-triggered cell FDCE clocked by clk_fpga_0  {rise@0.000ns fall@5.000ns period=10.000ns})
  Destination:            u_pl/u_bilin/u_fb/hi_reg_0/WEA[0]
                            (rising edge-triggered cell RAMB36E1 clocked by clk_fpga_0  {rise@0.000ns fall@5.000ns period=10.000ns})
  Path Group:             clk_fpga_0
  Path Type:              Setup (Max at Slow Process Corner)
  Requirement:            10.000ns  (clk_fpga_0 rise@10.000ns - clk_fpga_0 rise@0.000ns)
  Data Path Delay:        7.206ns  (logic 0.484ns (6.717%)  route 6.722ns (93.283%))
  Logic Levels:           1  (LUT6=1)
  Clock Path Skew:        0.010ns (DCD - SCD + CPR)
    Destination Clock Delay (DCD):    2.370ns = ( 12.370 - 10.000 ) 
    Source Clock Delay      (SCD):    2.456ns
    Clock Pessimism Removal (CPR):    0.097ns
  Clock Uncertainty:      0.154ns  ((TSJ^2 + TIJ^2)^1/2 + DJ) / 2 + PE
    Total System Jitter     (TSJ):    0.071ns
    Total Input Jitter      (TIJ):    0.300ns
    Discrete Jitter          (DJ):    0.000ns
    Phase Error              (PE):    0.000ns

    Location             Delay type                Incr(ns)  Path(ns)    Netlist Resource(s)
  -------------------------------------------------------------------    -------------------
                         (clock clk_fpga_0 rise edge)
                                                      0.000     0.000 r  
    PS7_X0Y0             PS7                          0.000     0.000 r  u_bd/design_1_i/processing_system7_0/inst/PS7_i/FCLKCLK[0]
                         net (fo=1, routed)           0.994     0.994    u_bd/design_1_i/processing_system7_0/inst/FCLK_CLK_unbuffered[0]
    BUFGCTRL_X0Y16       BUFG (Prop_bufg_I_O)         0.085     1.079 r  u_bd/design_1_i/processing_system7_0/inst/buffer_fclk_clk_0.FCLK_CLK_0_BUFG/O
                         net (fo=4375, routed)        1.377     2.456    u_pl/u_arb/FCLK_CLK0
    SLICE_X43Y79         FDCE                                         r  u_pl/u_arb/owner_eth_reg/C
  -------------------------------------------------------------------    -------------------
    SLICE_X43Y79         FDCE (Prop_fdce_C_Q)         0.379     2.835 f  u_pl/u_arb/owner_eth_reg/Q
                         net (fo=269, routed)         6.121     8.956    u_pl/u_row/hi_reg_0[0]
    SLICE_X93Y23         LUT6 (Prop_lut6_I3_O)        0.105     9.061 f  u_pl/u_row/hi_reg_0_i_2/O
                         net (fo=2, routed)           0.600     9.662    u_pl/u_bilin/u_fb/hi_reg_8_0[1]
    RAMB36_X4Y4          RAMB36E1                                     f  u_pl/u_bilin/u_fb/hi_reg_0/WEA[0]
  -------------------------------------------------------------------    -------------------

                         (clock clk_fpga_0 rise edge)
                                                     10.000    10.000 r  
    PS7_X0Y0             PS7                          0.000    10.000 r  u_bd/design_1_i/processing_system7_0/inst/PS7_i/FCLKCLK[0]
                         net (fo=1, routed)           0.905    10.906    u_bd/design_1_i/processing_system7_0/inst/FCLK_CLK_unbuffered[0]
    BUFGCTRL_X0Y16       BUFG (Prop_bufg_I_O)         0.077    10.983 r  u_bd/design_1_i/processing_system7_0/inst/buffer_fclk_clk_0.FCLK_CLK_0_BUFG/O
                         net (fo=4375, routed)        1.387    12.370    u_pl/u_bilin/u_fb/FCLK_CLK0
    RAMB36_X4Y4          RAMB36E1                                     r  u_pl/u_bilin/u_fb/hi_reg_0/CLKARDCLK
                         clock pessimism              0.097    12.466    
                         clock uncertainty           -0.154    12.312    
    RAMB36_X4Y4          RAMB36E1 (Setup_ramb36e1_CLKARDCLK_WEA[0])
                                                     -0.476    11.836    u_pl/u_bilin/u_fb/hi_reg_0
  -------------------------------------------------------------------
                         required time                         11.836    
                         arrival time                          -9.662    
  -------------------------------------------------------------------
                         slack                                  2.175    

Slack (MET) :             2.274ns  (required time - arrival time)
  Source:                 u_pl/u_arb/owner_eth_reg/C
                            (rising edge-triggered cell FDCE clocked by clk_fpga_0  {rise@0.000ns fall@5.000ns period=10.000ns})
  Destination:            u_pl/u_bilin/u_fb/lo_reg_0_33/WEA[0]
                            (rising edge-triggered cell RAMB36E1 clocked by clk_fpga_0  {rise@0.000ns fall@5.000ns period=10.000ns})
  Path Group:             clk_fpga_0
  Path Type:              Setup (Max at Slow Process Corner)
  Requirement:            10.000ns  (clk_fpga_0 rise@10.000ns - clk_fpga_0 rise@0.000ns)
  Data Path Delay:        7.124ns  (logic 0.799ns (11.215%)  route 6.325ns (88.785%))
  Logic Levels:           4  (LUT3=1 LUT6=3)
  Clock Path Skew:        0.028ns (DCD - SCD + CPR)
    Destination Clock Delay (DCD):    2.388ns = ( 12.388 - 10.000 ) 
    Source Clock Delay      (SCD):    2.456ns
    Clock Pessimism Removal (CPR):    0.097ns
  Clock Uncertainty:      0.154ns  ((TSJ^2 + TIJ^2)^1/2 + DJ) / 2 + PE
    Total System Jitter     (TSJ):    0.071ns
    Total Input Jitter      (TIJ):    0.300ns
    Discrete Jitter          (DJ):    0.000ns
    Phase Error              (PE):    0.000ns

    Location             Delay type                Incr(ns)  Path(ns)    Netlist Resource(s)
  -------------------------------------------------------------------    -------------------
                         (clock clk_fpga_0 rise edge)
                                                      0.000     0.000 r  
    PS7_X0Y0             PS7                          0.000     0.000 r  u_bd/design_1_i/processing_system7_0/inst/PS7_i/FCLKCLK[0]
                         net (fo=1, routed)           0.994     0.994    u_bd/design_1_i/processing_system7_0/inst/FCLK_CLK_unbuffered[0]
    BUFGCTRL_X0Y16       BUFG (Prop_bufg_I_O)         0.085     1.079 r  u_bd/design_1_i/processing_system7_0/inst/buffer_fclk_clk_0.FCLK_CLK_0_BUFG/O
                         net (fo=4375, routed)        1.377     2.456    u_pl/u_arb/FCLK_CLK0
    SLICE_X43Y79         FDCE                                         r  u_pl/u_arb/owner_eth_reg/C
  -------------------------------------------------------------------    -------------------
    SLICE_X43Y79         FDCE (Prop_fdce_C_Q)         0.379     2.835 r  u_pl/u_arb/owner_eth_reg/Q
                         net (fo=269, routed)         2.112     4.947    u_pl/u_row/hi_reg_0[0]
    SLICE_X47Y51         LUT3 (Prop_lut3_I1_O)        0.105     5.052 f  u_pl/u_row/lo_reg_0_0_i_7/O
                         net (fo=21, routed)          0.599     5.651    u_pl/u_row/fb_wr_addr_reg[14]_0[9]
    SLICE_X49Y52         LUT6 (Prop_lut6_I0_O)        0.105     5.756 r  u_pl/u_row/lo_reg_0_0_i_20/O
                         net (fo=1, routed)           0.204     5.960    u_pl/u_row/lo_reg_0_0_i_20_n_0
    SLICE_X49Y52         LUT6 (Prop_lut6_I2_O)        0.105     6.065 r  u_pl/u_row/lo_reg_0_0_i_19/O
                         net (fo=36, routed)          2.757     8.822    u_pl/u_row/lo_reg_0_0_i_19_n_0
    SLICE_X96Y7          LUT6 (Prop_lut6_I5_O)        0.105     8.927 r  u_pl/u_row/lo_reg_0_19_i_2/O
                         net (fo=3, routed)           0.653     9.580    u_pl/u_bilin/u_fb/lo_reg_0_17_0[0]
    RAMB36_X5Y0          RAMB36E1                                     r  u_pl/u_bilin/u_fb/lo_reg_0_33/WEA[0]
  -------------------------------------------------------------------    -------------------

                         (clock clk_fpga_0 rise edge)
                                                     10.000    10.000 r  
    PS7_X0Y0             PS7                          0.000    10.000 r  u_bd/design_1_i/processing_system7_0/inst/PS7_i/FCLKCLK[0]
                         net (fo=1, routed)           0.905    10.906    u_bd/design_1_i/processing_system7_0/inst/FCLK_CLK_unbuffered[0]
    BUFGCTRL_X0Y16       BUFG (Prop_bufg_I_O)         0.077    10.983 r  u_bd/design_1_i/processing_system7_0/inst/buffer_fclk_clk_0.FCLK_CLK_0_BUFG/O
                         net (fo=4375, routed)        1.405    12.388    u_pl/u_bilin/u_fb/FCLK_CLK0
    RAMB36_X5Y0          RAMB36E1                                     r  u_pl/u_bilin/u_fb/lo_reg_0_33/CLKARDCLK
                         clock pessimism              0.097    12.484    
                         clock uncertainty           -0.154    12.330    
    RAMB36_X5Y0          RAMB36E1 (Setup_ramb36e1_CLKARDCLK_WEA[0])
                                                     -0.476    11.854    u_pl/u_bilin/u_fb/lo_reg_0_33
  -------------------------------------------------------------------
                         required time                         11.854    
                         arrival time                          -9.580    
  -------------------------------------------------------------------
                         slack                                  2.274    

Slack (MET) :             2.274ns  (required time - arrival time)
  Source:                 u_pl/u_arb/owner_eth_reg/C
                            (rising edge-triggered cell FDCE clocked by clk_fpga_0  {rise@0.000ns fall@5.000ns period=10.000ns})
  Destination:            u_pl/u_bilin/u_fb/lo_reg_0_33/WEA[0]
                            (rising edge-triggered cell RAMB36E1 clocked by clk_fpga_0  {rise@0.000ns fall@5.000ns period=10.000ns})
  Path Group:             clk_fpga_0
  Path Type:              Setup (Max at Slow Process Corner)
  Requirement:            10.000ns  (clk_fpga_0 rise@10.000ns - clk_fpga_0 rise@0.000ns)
  Data Path Delay:        7.124ns  (logic 0.799ns (11.215%)  route 6.325ns (88.785%))
  Logic Levels:           4  (LUT3=1 LUT6=3)
  Clock Path Skew:        0.028ns (DCD - SCD + CPR)
    Destination Clock Delay (DCD):    2.388ns = ( 12.388 - 10.000 ) 
    Source Clock Delay      (SCD):    2.456ns
    Clock Pessimism Removal (CPR):    0.097ns
  Clock Uncertainty:      0.154ns  ((TSJ^2 + TIJ^2)^1/2 + DJ) / 2 + PE
    Total System Jitter     (TSJ):    0.071ns
    Total Input Jitter      (TIJ):    0.300ns
    Discrete Jitter          (DJ):    0.000ns
    Phase Error              (PE):    0.000ns

    Location             Delay type                Incr(ns)  Path(ns)    Netlist Resource(s)
  -------------------------------------------------------------------    -------------------
                         (clock clk_fpga_0 rise edge)
                                                      0.000     0.000 r  
    PS7_X0Y0             PS7                          0.000     0.000 r  u_bd/design_1_i/processing_system7_0/inst/PS7_i/FCLKCLK[0]
                         net (fo=1, routed)           0.994     0.994    u_bd/design_1_i/processing_system7_0/inst/FCLK_CLK_unbuffered[0]
    BUFGCTRL_X0Y16       BUFG (Prop_bufg_I_O)         0.085     1.079 r  u_bd/design_1_i/processing_system7_0/inst/buffer_fclk_clk_0.FCLK_CLK_0_BUFG/O
                         net (fo=4375, routed)        1.377     2.456    u_pl/u_arb/FCLK_CLK0
    SLICE_X43Y79         FDCE                                         r  u_pl/u_arb/owner_eth_reg/C
  -------------------------------------------------------------------    -------------------
    SLICE_X43Y79         FDCE (Prop_fdce_C_Q)         0.379     2.835 f  u_pl/u_arb/owner_eth_reg/Q
                         net (fo=269, routed)         2.112     4.947    u_pl/u_row/hi_reg_0[0]
    SLICE_X47Y51         LUT3 (Prop_lut3_I1_O)        0.105     5.052 f  u_pl/u_row/lo_reg_0_0_i_7/O
                         net (fo=21, routed)          0.599     5.651    u_pl/u_row/fb_wr_addr_reg[14]_0[9]
    SLICE_X49Y52         LUT6 (Prop_lut6_I0_O)        0.105     5.756 r  u_pl/u_row/lo_reg_0_0_i_20/O
                         net (fo=1, routed)           0.204     5.960    u_pl/u_row/lo_reg_0_0_i_20_n_0
    SLICE_X49Y52         LUT6 (Prop_lut6_I2_O)        0.105     6.065 r  u_pl/u_row/lo_reg_0_0_i_19/O
                         net (fo=36, routed)          2.757     8.822    u_pl/u_row/lo_reg_0_0_i_19_n_0
    SLICE_X96Y7          LUT6 (Prop_lut6_I5_O)        0.105     8.927 r  u_pl/u_row/lo_reg_0_19_i_2/O
                         net (fo=3, routed)           0.653     9.580    u_pl/u_bilin/u_fb/lo_reg_0_17_0[0]
    RAMB36_X5Y0          RAMB36E1                                     r  u_pl/u_bilin/u_fb/lo_reg_0_33/WEA[0]
  -------------------------------------------------------------------    -------------------

                         (clock clk_fpga_0 rise edge)
                                                     10.000    10.000 r  
    PS7_X0Y0             PS7                          0.000    10.000 r  u_bd/design_1_i/processing_system7_0/inst/PS7_i/FCLKCLK[0]
                         net (fo=1, routed)           0.905    10.906    u_bd/design_1_i/processing_system7_0/inst/FCLK_CLK_unbuffered[0]
    BUFGCTRL_X0Y16       BUFG (Prop_bufg_I_O)         0.077    10.983 r  u_bd/design_1_i/processing_system7_0/inst/buffer_fclk_clk_0.FCLK_CLK_0_BUFG/O
                         net (fo=4375, routed)        1.405    12.388    u_pl/u_bilin/u_fb/FCLK_CLK0
    RAMB36_X5Y0          RAMB36E1                                     r  u_pl/u_bilin/u_fb/lo_reg_0_33/CLKARDCLK
                         clock pessimism              0.097    12.484    
                         clock uncertainty           -0.154    12.330    
    RAMB36_X5Y0          RAMB36E1 (Setup_ramb36e1_CLKARDCLK_WEA[0])
                                                     -0.476    11.854    u_pl/u_bilin/u_fb/lo_reg_0_33
  -------------------------------------------------------------------
                         required time                         11.854    
                         arrival time                          -9.580    
  -------------------------------------------------------------------
                         slack                                  2.274    

Slack (MET) :             2.274ns  (required time - arrival time)
  Source:                 u_pl/u_arb/owner_eth_reg/C
                            (rising edge-triggered cell FDCE clocked by clk_fpga_0  {rise@0.000ns fall@5.000ns period=10.000ns})
  Destination:            u_pl/u_bilin/u_fb/lo_reg_0_33/WEA[0]
                            (rising edge-triggered cell RAMB36E1 clocked by clk_fpga_0  {rise@0.000ns fall@5.000ns period=10.000ns})
  Path Group:             clk_fpga_0
  Path Type:              Setup (Max at Slow Process Corner)
  Requirement:            10.000ns  (clk_fpga_0 rise@10.000ns - clk_fpga_0 rise@0.000ns)
  Data Path Delay:        7.124ns  (logic 0.799ns (11.215%)  route 6.325ns (88.785%))
  Logic Levels:           4  (LUT3=1 LUT6=3)
  Clock Path Skew:        0.028ns (DCD - SCD + CPR)
    Destination Clock Delay (DCD):    2.388ns = ( 12.388 - 10.000 ) 
    Source Clock Delay      (SCD):    2.456ns
    Clock Pessimism Removal (CPR):    0.097ns
  Clock Uncertainty:      0.154ns  ((TSJ^2 + TIJ^2)^1/2 + DJ) / 2 + PE
    Total System Jitter     (TSJ):    0.071ns
    Total Input Jitter      (TIJ):    0.300ns
    Discrete Jitter          (DJ):    0.000ns
    Phase Error              (PE):    0.000ns

    Location             Delay type                Incr(ns)  Path(ns)    Netlist Resource(s)
  -------------------------------------------------------------------    -------------------
                         (clock clk_fpga_0 rise edge)
                                                      0.000     0.000 r  
    PS7_X0Y0             PS7                          0.000     0.000 r  u_bd/design_1_i/processing_system7_0/inst/PS7_i/FCLKCLK[0]
                         net (fo=1, routed)           0.994     0.994    u_bd/design_1_i/processing_system7_0/inst/FCLK_CLK_unbuffered[0]
    BUFGCTRL_X0Y16       BUFG (Prop_bufg_I_O)         0.085     1.079 r  u_bd/design_1_i/processing_system7_0/inst/buffer_fclk_clk_0.FCLK_CLK_0_BUFG/O
                         net (fo=4375, routed)        1.377     2.456    u_pl/u_arb/FCLK_CLK0
    SLICE_X43Y79         FDCE                                         r  u_pl/u_arb/owner_eth_reg/C
  -------------------------------------------------------------------    -------------------
    SLICE_X43Y79         FDCE (Prop_fdce_C_Q)         0.379     2.835 r  u_pl/u_arb/owner_eth_reg/Q
                         net (fo=269, routed)         2.112     4.947    u_pl/u_row/hi_reg_0[0]
    SLICE_X47Y51         LUT3 (Prop_lut3_I1_O)        0.105     5.052 r  u_pl/u_row/lo_reg_0_0_i_7/O
                         net (fo=21, routed)          0.599     5.651    u_pl/u_row/fb_wr_addr_reg[14]_0[9]
    SLICE_X49Y52         LUT6 (Prop_lut6_I0_O)        0.105     5.756 f  u_pl/u_row/lo_reg_0_0_i_20/O
                         net (fo=1, routed)           0.204     5.960    u_pl/u_row/lo_reg_0_0_i_20_n_0
    SLICE_X49Y52         LUT6 (Prop_lut6_I2_O)        0.105     6.065 f  u_pl/u_row/lo_reg_0_0_i_19/O
                         net (fo=36, routed)          2.757     8.822    u_pl/u_row/lo_reg_0_0_i_19_n_0
    SLICE_X96Y7          LUT6 (Prop_lut6_I5_O)        0.105     8.927 f  u_pl/u_row/lo_reg_0_19_i_2/O
                         net (fo=3, routed)           0.653     9.580    u_pl/u_bilin/u_fb/lo_reg_0_17_0[0]
    RAMB36_X5Y0          RAMB36E1                                     f  u_pl/u_bilin/u_fb/lo_reg_0_33/WEA[0]
  -------------------------------------------------------------------    -------------------

                         (clock clk_fpga_0 rise edge)
                                                     10.000    10.000 r  
    PS7_X0Y0             PS7                          0.000    10.000 r  u_bd/design_1_i/processing_system7_0/inst/PS7_i/FCLKCLK[0]
                         net (fo=1, routed)           0.905    10.906    u_bd/design_1_i/processing_system7_0/inst/FCLK_CLK_unbuffered[0]
    BUFGCTRL_X0Y16       BUFG (Prop_bufg_I_O)         0.077    10.983 r  u_bd/design_1_i/processing_system7_0/inst/buffer_fclk_clk_0.FCLK_CLK_0_BUFG/O
                         net (fo=4375, routed)        1.405    12.388    u_pl/u_bilin/u_fb/FCLK_CLK0
    RAMB36_X5Y0          RAMB36E1                                     r  u_pl/u_bilin/u_fb/lo_reg_0_33/CLKARDCLK
                         clock pessimism              0.097    12.484    
                         clock uncertainty           -0.154    12.330    
    RAMB36_X5Y0          RAMB36E1 (Setup_ramb36e1_CLKARDCLK_WEA[0])
                                                     -0.476    11.854    u_pl/u_bilin/u_fb/lo_reg_0_33
  -------------------------------------------------------------------
                         required time                         11.854    
                         arrival time                          -9.580    
  -------------------------------------------------------------------
                         slack                                  2.274    

Slack (MET) :             2.274ns  (required time - arrival time)
  Source:                 u_pl/u_arb/owner_eth_reg/C
                            (rising edge-triggered cell FDCE clocked by clk_fpga_0  {rise@0.000ns fall@5.000ns period=10.000ns})
  Destination:            u_pl/u_bilin/u_fb/lo_reg_0_33/WEA[0]
                            (rising edge-triggered cell RAMB36E1 clocked by clk_fpga_0  {rise@0.000ns fall@5.000ns period=10.000ns})
  Path Group:             clk_fpga_0
  Path Type:              Setup (Max at Slow Process Corner)
  Requirement:            10.000ns  (clk_fpga_0 rise@10.000ns - clk_fpga_0 rise@0.000ns)
  Data Path Delay:        7.124ns  (logic 0.799ns (11.215%)  route 6.325ns (88.785%))
  Logic Levels:           4  (LUT3=1 LUT6=3)
  Clock Path Skew:        0.028ns (DCD - SCD + CPR)
    Destination Clock Delay (DCD):    2.388ns = ( 12.388 - 10.000 ) 
    Source Clock Delay      (SCD):    2.456ns
    Clock Pessimism Removal (CPR):    0.097ns
  Clock Uncertainty:      0.154ns  ((TSJ^2 + TIJ^2)^1/2 + DJ) / 2 + PE
    Total System Jitter     (TSJ):    0.071ns
    Total Input Jitter      (TIJ):    0.300ns
    Discrete Jitter          (DJ):    0.000ns
    Phase Error              (PE):    0.000ns

    Location             Delay type                Incr(ns)  Path(ns)    Netlist Resource(s)
  -------------------------------------------------------------------    -------------------
                         (clock clk_fpga_0 rise edge)
                                                      0.000     0.000 r  
    PS7_X0Y0             PS7                          0.000     0.000 r  u_bd/design_1_i/processing_system7_0/inst/PS7_i/FCLKCLK[0]
                         net (fo=1, routed)           0.994     0.994    u_bd/design_1_i/processing_system7_0/inst/FCLK_CLK_unbuffered[0]
    BUFGCTRL_X0Y16       BUFG (Prop_bufg_I_O)         0.085     1.079 r  u_bd/design_1_i/processing_system7_0/inst/buffer_fclk_clk_0.FCLK_CLK_0_BUFG/O
                         net (fo=4375, routed)        1.377     2.456    u_pl/u_arb/FCLK_CLK0
    SLICE_X43Y79         FDCE                                         r  u_pl/u_arb/owner_eth_reg/C
  -------------------------------------------------------------------    -------------------
    SLICE_X43Y79         FDCE (Prop_fdce_C_Q)         0.379     2.835 f  u_pl/u_arb/owner_eth_reg/Q
                         net (fo=269, routed)         2.112     4.947    u_pl/u_row/hi_reg_0[0]
    SLICE_X47Y51         LUT3 (Prop_lut3_I1_O)        0.105     5.052 r  u_pl/u_row/lo_reg_0_0_i_7/O
                         net (fo=21, routed)          0.599     5.651    u_pl/u_row/fb_wr_addr_reg[14]_0[9]
    SLICE_X49Y52         LUT6 (Prop_lut6_I0_O)        0.105     5.756 f  u_pl/u_row/lo_reg_0_0_i_20/O
                         net (fo=1, routed)           0.204     5.960    u_pl/u_row/lo_reg_0_0_i_20_n_0
    SLICE_X49Y52         LUT6 (Prop_lut6_I2_O)        0.105     6.065 f  u_pl/u_row/lo_reg_0_0_i_19/O
                         net (fo=36, routed)          2.757     8.822    u_pl/u_row/lo_reg_0_0_i_19_n_0
    SLICE_X96Y7          LUT6 (Prop_lut6_I5_O)        0.105     8.927 f  u_pl/u_row/lo_reg_0_19_i_2/O
                         net (fo=3, routed)           0.653     9.580    u_pl/u_bilin/u_fb/lo_reg_0_17_0[0]
    RAMB36_X5Y0          RAMB36E1                                     f  u_pl/u_bilin/u_fb/lo_reg_0_33/WEA[0]
  -------------------------------------------------------------------    -------------------

                         (clock clk_fpga_0 rise edge)
                                                     10.000    10.000 r  
    PS7_X0Y0             PS7                          0.000    10.000 r  u_bd/design_1_i/processing_system7_0/inst/PS7_i/FCLKCLK[0]
                         net (fo=1, routed)           0.905    10.906    u_bd/design_1_i/processing_system7_0/inst/FCLK_CLK_unbuffered[0]
    BUFGCTRL_X0Y16       BUFG (Prop_bufg_I_O)         0.077    10.983 r  u_bd/design_1_i/processing_system7_0/inst/buffer_fclk_clk_0.FCLK_CLK_0_BUFG/O
                         net (fo=4375, routed)        1.405    12.388    u_pl/u_bilin/u_fb/FCLK_CLK0
    RAMB36_X5Y0          RAMB36E1                                     r  u_pl/u_bilin/u_fb/lo_reg_0_33/CLKARDCLK
                         clock pessimism              0.097    12.484    
                         clock uncertainty           -0.154    12.330    
    RAMB36_X5Y0          RAMB36E1 (Setup_ramb36e1_CLKARDCLK_WEA[0])
                                                     -0.476    11.854    u_pl/u_bilin/u_fb/lo_reg_0_33
  -------------------------------------------------------------------
                         required time                         11.854    
                         arrival time                          -9.580    
  -------------------------------------------------------------------
                         slack                                  2.274    

Slack (MET) :             2.275ns  (required time - arrival time)
  Source:                 u_pl/u_arb/owner_eth_reg/C
                            (rising edge-triggered cell FDCE clocked by clk_fpga_0  {rise@0.000ns fall@5.000ns period=10.000ns})
  Destination:            u_pl/u_bilin/u_fb/lo_reg_0_19/ADDRARDADDR[3]
                            (rising edge-triggered cell RAMB36E1 clocked by clk_fpga_0  {rise@0.000ns fall@5.000ns period=10.000ns})
  Path Group:             clk_fpga_0
  Path Type:              Setup (Max at Slow Process Corner)
  Requirement:            10.000ns  (clk_fpga_0 rise@10.000ns - clk_fpga_0 rise@0.000ns)
  Data Path Delay:        7.108ns  (logic 0.484ns (6.809%)  route 6.624ns (93.191%))
  Logic Levels:           1  (LUT3=1)
  Clock Path Skew:        0.027ns (DCD - SCD + CPR)
    Destination Clock Delay (DCD):    2.387ns = ( 12.387 - 10.000 ) 
    Source Clock Delay      (SCD):    2.456ns
    Clock Pessimism Removal (CPR):    0.097ns
  Clock Uncertainty:      0.154ns  ((TSJ^2 + TIJ^2)^1/2 + DJ) / 2 + PE
    Total System Jitter     (TSJ):    0.071ns
    Total Input Jitter      (TIJ):    0.300ns
    Discrete Jitter          (DJ):    0.000ns
    Phase Error              (PE):    0.000ns

    Location             Delay type                Incr(ns)  Path(ns)    Netlist Resource(s)
  -------------------------------------------------------------------    -------------------
                         (clock clk_fpga_0 rise edge)
                                                      0.000     0.000 r  
    PS7_X0Y0             PS7                          0.000     0.000 r  u_bd/design_1_i/processing_system7_0/inst/PS7_i/FCLKCLK[0]
                         net (fo=1, routed)           0.994     0.994    u_bd/design_1_i/processing_system7_0/inst/FCLK_CLK_unbuffered[0]
    BUFGCTRL_X0Y16       BUFG (Prop_bufg_I_O)         0.085     1.079 r  u_bd/design_1_i/processing_system7_0/inst/buffer_fclk_clk_0.FCLK_CLK_0_BUFG/O
                         net (fo=4375, routed)        1.377     2.456    u_pl/u_arb/FCLK_CLK0
    SLICE_X43Y79         FDCE                                         r  u_pl/u_arb/owner_eth_reg/C
  -------------------------------------------------------------------    -------------------
    SLICE_X43Y79         FDCE (Prop_fdce_C_Q)         0.379     2.835 r  u_pl/u_arb/owner_eth_reg/Q
                         net (fo=269, routed)         2.112     4.947    u_pl/u_row/hi_reg_0[0]
    SLICE_X47Y51         LUT3 (Prop_lut3_I1_O)        0.105     5.052 r  u_pl/u_row/lo_reg_0_0_i_13/O
                         net (fo=20, routed)          4.512     9.564    u_pl/u_bilin/u_fb/lo_reg_0_16_0[3]
    RAMB36_X5Y1          RAMB36E1                                     r  u_pl/u_bilin/u_fb/lo_reg_0_19/ADDRARDADDR[3]
  -------------------------------------------------------------------    -------------------

                         (clock clk_fpga_0 rise edge)
                                                     10.000    10.000 r  
    PS7_X0Y0             PS7                          0.000    10.000 r  u_bd/design_1_i/processing_system7_0/inst/PS7_i/FCLKCLK[0]
                         net (fo=1, routed)           0.905    10.906    u_bd/design_1_i/processing_system7_0/inst/FCLK_CLK_unbuffered[0]
    BUFGCTRL_X0Y16       BUFG (Prop_bufg_I_O)         0.077    10.983 r  u_bd/design_1_i/processing_system7_0/inst/buffer_fclk_clk_0.FCLK_CLK_0_BUFG/O
                         net (fo=4375, routed)        1.404    12.387    u_pl/u_bilin/u_fb/FCLK_CLK0
    RAMB36_X5Y1          RAMB36E1                                     r  u_pl/u_bilin/u_fb/lo_reg_0_19/CLKARDCLK
                         clock pessimism              0.097    12.483    
                         clock uncertainty           -0.154    12.329    
    RAMB36_X5Y1          RAMB36E1 (Setup_ramb36e1_CLKARDCLK_ADDRARDADDR[3])
                                                     -0.490    11.839    u_pl/u_bilin/u_fb/lo_reg_0_19
  -------------------------------------------------------------------
                         required time                         11.839    
                         arrival time                          -9.564    
  -------------------------------------------------------------------
                         slack                                  2.275    

Slack (MET) :             2.275ns  (required time - arrival time)
  Source:                 u_pl/u_arb/owner_eth_reg/C
                            (rising edge-triggered cell FDCE clocked by clk_fpga_0  {rise@0.000ns fall@5.000ns period=10.000ns})
  Destination:            u_pl/u_bilin/u_fb/lo_reg_0_19/ADDRARDADDR[3]
                            (rising edge-triggered cell RAMB36E1 clocked by clk_fpga_0  {rise@0.000ns fall@5.000ns period=10.000ns})
  Path Group:             clk_fpga_0
  Path Type:              Setup (Max at Slow Process Corner)
  Requirement:            10.000ns  (clk_fpga_0 rise@10.000ns - clk_fpga_0 rise@0.000ns)
  Data Path Delay:        7.108ns  (logic 0.484ns (6.809%)  route 6.624ns (93.191%))
  Logic Levels:           1  (LUT3=1)
  Clock Path Skew:        0.027ns (DCD - SCD + CPR)
    Destination Clock Delay (DCD):    2.387ns = ( 12.387 - 10.000 ) 
    Source Clock Delay      (SCD):    2.456ns
    Clock Pessimism Removal (CPR):    0.097ns
  Clock Uncertainty:      0.154ns  ((TSJ^2 + TIJ^2)^1/2 + DJ) / 2 + PE
    Total System Jitter     (TSJ):    0.071ns
    Total Input Jitter      (TIJ):    0.300ns
    Discrete Jitter          (DJ):    0.000ns
    Phase Error              (PE):    0.000ns

    Location             Delay type                Incr(ns)  Path(ns)    Netlist Resource(s)
  -------------------------------------------------------------------    -------------------
                         (clock clk_fpga_0 rise edge)
                                                      0.000     0.000 r  
    PS7_X0Y0             PS7                          0.000     0.000 r  u_bd/design_1_i/processing_system7_0/inst/PS7_i/FCLKCLK[0]
                         net (fo=1, routed)           0.994     0.994    u_bd/design_1_i/processing_system7_0/inst/FCLK_CLK_unbuffered[0]
    BUFGCTRL_X0Y16       BUFG (Prop_bufg_I_O)         0.085     1.079 r  u_bd/design_1_i/processing_system7_0/inst/buffer_fclk_clk_0.FCLK_CLK_0_BUFG/O
                         net (fo=4375, routed)        1.377     2.456    u_pl/u_arb/FCLK_CLK0
    SLICE_X43Y79         FDCE                                         r  u_pl/u_arb/owner_eth_reg/C
  -------------------------------------------------------------------    -------------------
    SLICE_X43Y79         FDCE (Prop_fdce_C_Q)         0.379     2.835 f  u_pl/u_arb/owner_eth_reg/Q
                         net (fo=269, routed)         2.112     4.947    u_pl/u_row/hi_reg_0[0]
    SLICE_X47Y51         LUT3 (Prop_lut3_I1_O)        0.105     5.052 r  u_pl/u_row/lo_reg_0_0_i_13/O
                         net (fo=20, routed)          4.512     9.564    u_pl/u_bilin/u_fb/lo_reg_0_16_0[3]
    RAMB36_X5Y1          RAMB36E1                                     r  u_pl/u_bilin/u_fb/lo_reg_0_19/ADDRARDADDR[3]
  -------------------------------------------------------------------    -------------------

                         (clock clk_fpga_0 rise edge)
                                                     10.000    10.000 r  
    PS7_X0Y0             PS7                          0.000    10.000 r  u_bd/design_1_i/processing_system7_0/inst/PS7_i/FCLKCLK[0]
                         net (fo=1, routed)           0.905    10.906    u_bd/design_1_i/processing_system7_0/inst/FCLK_CLK_unbuffered[0]
    BUFGCTRL_X0Y16       BUFG (Prop_bufg_I_O)         0.077    10.983 r  u_bd/design_1_i/processing_system7_0/inst/buffer_fclk_clk_0.FCLK_CLK_0_BUFG/O
                         net (fo=4375, routed)        1.404    12.387    u_pl/u_bilin/u_fb/FCLK_CLK0
    RAMB36_X5Y1          RAMB36E1                                     r  u_pl/u_bilin/u_fb/lo_reg_0_19/CLKARDCLK
                         clock pessimism              0.097    12.483    
                         clock uncertainty           -0.154    12.329    
    RAMB36_X5Y1          RAMB36E1 (Setup_ramb36e1_CLKARDCLK_ADDRARDADDR[3])
                                                     -0.490    11.839    u_pl/u_bilin/u_fb/lo_reg_0_19
  -------------------------------------------------------------------
                         required time                         11.839    
                         arrival time                          -9.564    
  -------------------------------------------------------------------
                         slack                                  2.275    

Slack (MET) :             2.275ns  (required time - arrival time)
  Source:                 u_pl/u_arb/owner_eth_reg/C
                            (rising edge-triggered cell FDCE clocked by clk_fpga_0  {rise@0.000ns fall@5.000ns period=10.000ns})
  Destination:            u_pl/u_bilin/u_fb/lo_reg_0_19/ADDRARDADDR[3]
                            (rising edge-triggered cell RAMB36E1 clocked by clk_fpga_0  {rise@0.000ns fall@5.000ns period=10.000ns})
  Path Group:             clk_fpga_0
  Path Type:              Setup (Max at Slow Process Corner)
  Requirement:            10.000ns  (clk_fpga_0 rise@10.000ns - clk_fpga_0 rise@0.000ns)
  Data Path Delay:        7.108ns  (logic 0.484ns (6.809%)  route 6.624ns (93.191%))
  Logic Levels:           1  (LUT3=1)
  Clock Path Skew:        0.027ns (DCD - SCD + CPR)
    Destination Clock Delay (DCD):    2.387ns = ( 12.387 - 10.000 ) 
    Source Clock Delay      (SCD):    2.456ns
    Clock Pessimism Removal (CPR):    0.097ns
  Clock Uncertainty:      0.154ns  ((TSJ^2 + TIJ^2)^1/2 + DJ) / 2 + PE
    Total System Jitter     (TSJ):    0.071ns
    Total Input Jitter      (TIJ):    0.300ns
    Discrete Jitter          (DJ):    0.000ns
    Phase Error              (PE):    0.000ns

    Location             Delay type                Incr(ns)  Path(ns)    Netlist Resource(s)
  -------------------------------------------------------------------    -------------------
                         (clock clk_fpga_0 rise edge)
                                                      0.000     0.000 r  
    PS7_X0Y0             PS7                          0.000     0.000 r  u_bd/design_1_i/processing_system7_0/inst/PS7_i/FCLKCLK[0]
                         net (fo=1, routed)           0.994     0.994    u_bd/design_1_i/processing_system7_0/inst/FCLK_CLK_unbuffered[0]
    BUFGCTRL_X0Y16       BUFG (Prop_bufg_I_O)         0.085     1.079 r  u_bd/design_1_i/processing_system7_0/inst/buffer_fclk_clk_0.FCLK_CLK_0_BUFG/O
                         net (fo=4375, routed)        1.377     2.456    u_pl/u_arb/FCLK_CLK0
    SLICE_X43Y79         FDCE                                         r  u_pl/u_arb/owner_eth_reg/C
  -------------------------------------------------------------------    -------------------
    SLICE_X43Y79         FDCE (Prop_fdce_C_Q)         0.379     2.835 r  u_pl/u_arb/owner_eth_reg/Q
                         net (fo=269, routed)         2.112     4.947    u_pl/u_row/hi_reg_0[0]
    SLICE_X47Y51         LUT3 (Prop_lut3_I1_O)        0.105     5.052 f  u_pl/u_row/lo_reg_0_0_i_13/O
                         net (fo=20, routed)          4.512     9.564    u_pl/u_bilin/u_fb/lo_reg_0_16_0[3]
    RAMB36_X5Y1          RAMB36E1                                     f  u_pl/u_bilin/u_fb/lo_reg_0_19/ADDRARDADDR[3]
  -------------------------------------------------------------------    -------------------

                         (clock clk_fpga_0 rise edge)
                                                     10.000    10.000 r  
    PS7_X0Y0             PS7                          0.000    10.000 r  u_bd/design_1_i/processing_system7_0/inst/PS7_i/FCLKCLK[0]
                         net (fo=1, routed)           0.905    10.906    u_bd/design_1_i/processing_system7_0/inst/FCLK_CLK_unbuffered[0]
    BUFGCTRL_X0Y16       BUFG (Prop_bufg_I_O)         0.077    10.983 r  u_bd/design_1_i/processing_system7_0/inst/buffer_fclk_clk_0.FCLK_CLK_0_BUFG/O
                         net (fo=4375, routed)        1.404    12.387    u_pl/u_bilin/u_fb/FCLK_CLK0
    RAMB36_X5Y1          RAMB36E1                                     r  u_pl/u_bilin/u_fb/lo_reg_0_19/CLKARDCLK
                         clock pessimism              0.097    12.483    
                         clock uncertainty           -0.154    12.329    
    RAMB36_X5Y1          RAMB36E1 (Setup_ramb36e1_CLKARDCLK_ADDRARDADDR[3])
                                                     -0.490    11.839    u_pl/u_bilin/u_fb/lo_reg_0_19
  -------------------------------------------------------------------
                         required time                         11.839    
                         arrival time                          -9.564    
  -------------------------------------------------------------------
                         slack                                  2.275    

Slack (MET) :             2.275ns  (required time - arrival time)
  Source:                 u_pl/u_arb/owner_eth_reg/C
                            (rising edge-triggered cell FDCE clocked by clk_fpga_0  {rise@0.000ns fall@5.000ns period=10.000ns})
  Destination:            u_pl/u_bilin/u_fb/lo_reg_0_19/ADDRARDADDR[3]
                            (rising edge-triggered cell RAMB36E1 clocked by clk_fpga_0  {rise@0.000ns fall@5.000ns period=10.000ns})
  Path Group:             clk_fpga_0
  Path Type:              Setup (Max at Slow Process Corner)
  Requirement:            10.000ns  (clk_fpga_0 rise@10.000ns - clk_fpga_0 rise@0.000ns)
  Data Path Delay:        7.108ns  (logic 0.484ns (6.809%)  route 6.624ns (93.191%))
  Logic Levels:           1  (LUT3=1)
  Clock Path Skew:        0.027ns (DCD - SCD + CPR)
    Destination Clock Delay (DCD):    2.387ns = ( 12.387 - 10.000 ) 
    Source Clock Delay      (SCD):    2.456ns
    Clock Pessimism Removal (CPR):    0.097ns
  Clock Uncertainty:      0.154ns  ((TSJ^2 + TIJ^2)^1/2 + DJ) / 2 + PE
    Total System Jitter     (TSJ):    0.071ns
    Total Input Jitter      (TIJ):    0.300ns
    Discrete Jitter          (DJ):    0.000ns
    Phase Error              (PE):    0.000ns

    Location             Delay type                Incr(ns)  Path(ns)    Netlist Resource(s)
  -------------------------------------------------------------------    -------------------
                         (clock clk_fpga_0 rise edge)
                                                      0.000     0.000 r  
    PS7_X0Y0             PS7                          0.000     0.000 r  u_bd/design_1_i/processing_system7_0/inst/PS7_i/FCLKCLK[0]
                         net (fo=1, routed)           0.994     0.994    u_bd/design_1_i/processing_system7_0/inst/FCLK_CLK_unbuffered[0]
    BUFGCTRL_X0Y16       BUFG (Prop_bufg_I_O)         0.085     1.079 r  u_bd/design_1_i/processing_system7_0/inst/buffer_fclk_clk_0.FCLK_CLK_0_BUFG/O
                         net (fo=4375, routed)        1.377     2.456    u_pl/u_arb/FCLK_CLK0
    SLICE_X43Y79         FDCE                                         r  u_pl/u_arb/owner_eth_reg/C
  -------------------------------------------------------------------    -------------------
    SLICE_X43Y79         FDCE (Prop_fdce_C_Q)         0.379     2.835 f  u_pl/u_arb/owner_eth_reg/Q
                         net (fo=269, routed)         2.112     4.947    u_pl/u_row/hi_reg_0[0]
    SLICE_X47Y51         LUT3 (Prop_lut3_I1_O)        0.105     5.052 f  u_pl/u_row/lo_reg_0_0_i_13/O
                         net (fo=20, routed)          4.512     9.564    u_pl/u_bilin/u_fb/lo_reg_0_16_0[3]
    RAMB36_X5Y1          RAMB36E1                                     f  u_pl/u_bilin/u_fb/lo_reg_0_19/ADDRARDADDR[3]
  -------------------------------------------------------------------    -------------------

                         (clock clk_fpga_0 rise edge)
                                                     10.000    10.000 r  
    PS7_X0Y0             PS7                          0.000    10.000 r  u_bd/design_1_i/processing_system7_0/inst/PS7_i/FCLKCLK[0]
                         net (fo=1, routed)           0.905    10.906    u_bd/design_1_i/processing_system7_0/inst/FCLK_CLK_unbuffered[0]
    BUFGCTRL_X0Y16       BUFG (Prop_bufg_I_O)         0.077    10.983 r  u_bd/design_1_i/processing_system7_0/inst/buffer_fclk_clk_0.FCLK_CLK_0_BUFG/O
                         net (fo=4375, routed)        1.404    12.387    u_pl/u_bilin/u_fb/FCLK_CLK0
    RAMB36_X5Y1          RAMB36E1                                     r  u_pl/u_bilin/u_fb/lo_reg_0_19/CLKARDCLK
                         clock pessimism              0.097    12.483    
                         clock uncertainty           -0.154    12.329    
    RAMB36_X5Y1          RAMB36E1 (Setup_ramb36e1_CLKARDCLK_ADDRARDADDR[3])
                                                     -0.490    11.839    u_pl/u_bilin/u_fb/lo_reg_0_19
  -------------------------------------------------------------------
                         required time                         11.839    
                         arrival time                          -9.564    
  -------------------------------------------------------------------
                         slack                                  2.275    




