Copyright 1986-2022 Xilinx, Inc. All Rights Reserved. Copyright 2022-2026 Advanced Micro Devices, Inc. All Rights Reserved.
--------------------------------------------------------------------------------------------------------------------------------------------------------
| Tool Version : Vivado v.2025.2.1 (win64) Build 6403652 Thu Mar 19 19:48:24 GMT 2026
| Date         : Sun Oct  4 16:15:52 2026
| Host         : Uie-laptop running 64-bit major release  (build 9200)
| Command      : report_timing -delay_type max -nworst 5 -max_paths 40 -from [get_clocks -quiet sys_clk] -to [get_clocks -quiet sys_clk] -return_string
| Design       : system_top
| Device       : 7z020-clg484
| Speed File   : -2  PRODUCTION 1.12 2019-11-22
| Design State : Routed
--------------------------------------------------------------------------------------------------------------------------------------------------------

Timing Report

Slack (MET) :             14.876ns  (required time - arrival time)
  Source:                 u_pl/u_ang/angle_reg[2]/C
                            (rising edge-triggered cell FDRE clocked by sys_clk  {rise@0.000ns fall@10.000ns period=20.000ns})
  Destination:            u_pl/u_ang/angle_reg[3]/D
                            (rising edge-triggered cell FDRE clocked by sys_clk  {rise@0.000ns fall@10.000ns period=20.000ns})
  Path Group:             sys_clk
  Path Type:              Setup (Max at Slow Process Corner)
  Requirement:            20.000ns  (sys_clk rise@20.000ns - sys_clk rise@0.000ns)
  Data Path Delay:        5.030ns  (logic 1.307ns (25.985%)  route 3.723ns (74.015%))
  Logic Levels:           5  (LUT5=2 LUT6=2 MUXF7=1)
  Clock Path Skew:        0.000ns (DCD - SCD + CPR)
    Destination Clock Delay (DCD):    4.400ns = ( 24.400 - 20.000 ) 
    Source Clock Delay      (SCD):    4.800ns
    Clock Pessimism Removal (CPR):    0.400ns
  Clock Uncertainty:      0.035ns  ((TSJ^2 + TIJ^2)^1/2 + DJ) / 2 + PE
    Total System Jitter     (TSJ):    0.071ns
    Total Input Jitter      (TIJ):    0.000ns
    Discrete Jitter          (DJ):    0.000ns
    Phase Error              (PE):    0.000ns

    Location             Delay type                Incr(ns)  Path(ns)    Netlist Resource(s)
  -------------------------------------------------------------------    -------------------
                         (clock sys_clk rise edge)    0.000     0.000 r  
    W17                                               0.000     0.000 r  sys_clk (IN)
                         net (fo=0)                   0.000     0.000    sys_clk
    W17                  IBUF (Prop_ibuf_I_O)         1.415     1.415 r  sys_clk_IBUF_inst/O
                         net (fo=1, routed)           1.873     3.288    sys_clk_IBUF
    BUFGCTRL_X0Y4        BUFG (Prop_bufg_I_O)         0.085     3.373 r  sys_clk_IBUF_BUFG_inst/O
                         net (fo=186, routed)         1.427     4.800    u_pl/u_ang/sys_clk_IBUF_BUFG
    SLICE_X61Y74         FDRE                                         r  u_pl/u_ang/angle_reg[2]/C
  -------------------------------------------------------------------    -------------------
    SLICE_X61Y74         FDRE (Prop_fdre_C_Q)         0.379     5.179 r  u_pl/u_ang/angle_reg[2]/Q
                         net (fo=200, routed)         1.420     6.600    u_pl/u_ang/angle_reg_n_0_[2]
    SLICE_X63Y76         LUT5 (Prop_lut5_I1_O)        0.105     6.705 r  u_pl/u_ang/rot_s0_i_2/O
                         net (fo=5, routed)           0.482     7.187    u_pl/u_ang/rot_s0_i_2_n_0
    SLICE_X61Y76         LUT5 (Prop_lut5_I0_O)        0.126     7.313 r  u_pl/u_ang/rot_s0_i_1/O
                         net (fo=13, routed)          0.839     8.152    u_pl/u_ang/angle_reg[7]_4
    SLICE_X60Y74         LUT6 (Prop_lut6_I0_O)        0.267     8.419 r  u_pl/u_ang/angle[3]_i_9/O
                         net (fo=1, routed)           0.000     8.419    u_pl/u_ang/angle[3]_i_9_n_0
    SLICE_X60Y74         MUXF7 (Prop_muxf7_I0_O)      0.178     8.597 r  u_pl/u_ang/angle_reg[3]_i_5/O
                         net (fo=1, routed)           0.460     9.056    u_pl/u_ang/angle_reg[3]_i_5_n_0
    SLICE_X61Y74         LUT6 (Prop_lut6_I5_O)        0.252     9.308 r  u_pl/u_ang/angle[3]_i_1/O
                         net (fo=1, routed)           0.522     9.830    u_pl/u_ang/p_1_in__0[3]
    SLICE_X61Y74         FDRE                                         r  u_pl/u_ang/angle_reg[3]/D
  -------------------------------------------------------------------    -------------------

                         (clock sys_clk rise edge)   20.000    20.000 r  
    W17                                               0.000    20.000 r  sys_clk (IN)
                         net (fo=0)                   0.000    20.000    sys_clk
    W17                  IBUF (Prop_ibuf_I_O)         1.349    21.349 r  sys_clk_IBUF_inst/O
                         net (fo=1, routed)           1.701    23.050    sys_clk_IBUF
    BUFGCTRL_X0Y4        BUFG (Prop_bufg_I_O)         0.077    23.127 r  sys_clk_IBUF_BUFG_inst/O
                         net (fo=186, routed)         1.273    24.400    u_pl/u_ang/sys_clk_IBUF_BUFG
    SLICE_X61Y74         FDRE                                         r  u_pl/u_ang/angle_reg[3]/C
                         clock pessimism              0.400    24.800    
                         clock uncertainty           -0.035    24.765    
    SLICE_X61Y74         FDRE (Setup_fdre_C_D)       -0.059    24.706    u_pl/u_ang/angle_reg[3]
  -------------------------------------------------------------------
                         required time                         24.706    
                         arrival time                          -9.830    
  -------------------------------------------------------------------
                         slack                                 14.876    

Slack (MET) :             14.876ns  (required time - arrival time)
  Source:                 u_pl/u_ang/angle_reg[2]/C
                            (rising edge-triggered cell FDRE clocked by sys_clk  {rise@0.000ns fall@10.000ns period=20.000ns})
  Destination:            u_pl/u_ang/angle_reg[3]/D
                            (rising edge-triggered cell FDRE clocked by sys_clk  {rise@0.000ns fall@10.000ns period=20.000ns})
  Path Group:             sys_clk
  Path Type:              Setup (Max at Slow Process Corner)
  Requirement:            20.000ns  (sys_clk rise@20.000ns - sys_clk rise@0.000ns)
  Data Path Delay:        5.030ns  (logic 1.307ns (25.985%)  route 3.723ns (74.015%))
  Logic Levels:           5  (LUT5=2 LUT6=2 MUXF7=1)
  Clock Path Skew:        0.000ns (DCD - SCD + CPR)
    Destination Clock Delay (DCD):    4.400ns = ( 24.400 - 20.000 ) 
    Source Clock Delay      (SCD):    4.800ns
    Clock Pessimism Removal (CPR):    0.400ns
  Clock Uncertainty:      0.035ns  ((TSJ^2 + TIJ^2)^1/2 + DJ) / 2 + PE
    Total System Jitter     (TSJ):    0.071ns
    Total Input Jitter      (TIJ):    0.000ns
    Discrete Jitter          (DJ):    0.000ns
    Phase Error              (PE):    0.000ns

    Location             Delay type                Incr(ns)  Path(ns)    Netlist Resource(s)
  -------------------------------------------------------------------    -------------------
                         (clock sys_clk rise edge)    0.000     0.000 r  
    W17                                               0.000     0.000 r  sys_clk (IN)
                         net (fo=0)                   0.000     0.000    sys_clk
    W17                  IBUF (Prop_ibuf_I_O)         1.415     1.415 r  sys_clk_IBUF_inst/O
                         net (fo=1, routed)           1.873     3.288    sys_clk_IBUF
    BUFGCTRL_X0Y4        BUFG (Prop_bufg_I_O)         0.085     3.373 r  sys_clk_IBUF_BUFG_inst/O
                         net (fo=186, routed)         1.427     4.800    u_pl/u_ang/sys_clk_IBUF_BUFG
    SLICE_X61Y74         FDRE                                         r  u_pl/u_ang/angle_reg[2]/C
  -------------------------------------------------------------------    -------------------
    SLICE_X61Y74         FDRE (Prop_fdre_C_Q)         0.379     5.179 f  u_pl/u_ang/angle_reg[2]/Q
                         net (fo=200, routed)         1.420     6.600    u_pl/u_ang/angle_reg_n_0_[2]
    SLICE_X63Y76         LUT5 (Prop_lut5_I1_O)        0.105     6.705 f  u_pl/u_ang/rot_s0_i_2/O
                         net (fo=5, routed)           0.482     7.187    u_pl/u_ang/rot_s0_i_2_n_0
    SLICE_X61Y76         LUT5 (Prop_lut5_I0_O)        0.126     7.313 f  u_pl/u_ang/rot_s0_i_1/O
                         net (fo=13, routed)          0.839     8.152    u_pl/u_ang/angle_reg[7]_4
    SLICE_X60Y74         LUT6 (Prop_lut6_I0_O)        0.267     8.419 f  u_pl/u_ang/angle[3]_i_9/O
                         net (fo=1, routed)           0.000     8.419    u_pl/u_ang/angle[3]_i_9_n_0
    SLICE_X60Y74         MUXF7 (Prop_muxf7_I0_O)      0.178     8.597 f  u_pl/u_ang/angle_reg[3]_i_5/O
                         net (fo=1, routed)           0.460     9.056    u_pl/u_ang/angle_reg[3]_i_5_n_0
    SLICE_X61Y74         LUT6 (Prop_lut6_I5_O)        0.252     9.308 f  u_pl/u_ang/angle[3]_i_1/O
                         net (fo=1, routed)           0.522     9.830    u_pl/u_ang/p_1_in__0[3]
    SLICE_X61Y74         FDRE                                         f  u_pl/u_ang/angle_reg[3]/D
  -------------------------------------------------------------------    -------------------

                         (clock sys_clk rise edge)   20.000    20.000 r  
    W17                                               0.000    20.000 r  sys_clk (IN)
                         net (fo=0)                   0.000    20.000    sys_clk
    W17                  IBUF (Prop_ibuf_I_O)         1.349    21.349 r  sys_clk_IBUF_inst/O
                         net (fo=1, routed)           1.701    23.050    sys_clk_IBUF
    BUFGCTRL_X0Y4        BUFG (Prop_bufg_I_O)         0.077    23.127 r  sys_clk_IBUF_BUFG_inst/O
                         net (fo=186, routed)         1.273    24.400    u_pl/u_ang/sys_clk_IBUF_BUFG
    SLICE_X61Y74         FDRE                                         r  u_pl/u_ang/angle_reg[3]/C
                         clock pessimism              0.400    24.800    
                         clock uncertainty           -0.035    24.765    
    SLICE_X61Y74         FDRE (Setup_fdre_C_D)       -0.059    24.706    u_pl/u_ang/angle_reg[3]
  -------------------------------------------------------------------
                         required time                         24.706    
                         arrival time                          -9.830    
  -------------------------------------------------------------------
                         slack                                 14.876    

Slack (MET) :             14.975ns  (required time - arrival time)
  Source:                 u_pl/u_ang/angle_reg[2]/C
                            (rising edge-triggered cell FDRE clocked by sys_clk  {rise@0.000ns fall@10.000ns period=20.000ns})
  Destination:            u_pl/u_ang/angle_reg[6]/D
                            (rising edge-triggered cell FDRE clocked by sys_clk  {rise@0.000ns fall@10.000ns period=20.000ns})
  Path Group:             sys_clk
  Path Type:              Setup (Max at Slow Process Corner)
  Requirement:            20.000ns  (sys_clk rise@20.000ns - sys_clk rise@0.000ns)
  Data Path Delay:        4.951ns  (logic 1.631ns (32.945%)  route 3.320ns (67.055%))
  Logic Levels:           8  (CARRY4=3 LUT2=1 LUT5=2 LUT6=2)
  Clock Path Skew:        0.000ns (DCD - SCD + CPR)
    Destination Clock Delay (DCD):    4.400ns = ( 24.400 - 20.000 ) 
    Source Clock Delay      (SCD):    4.800ns
    Clock Pessimism Removal (CPR):    0.400ns
  Clock Uncertainty:      0.035ns  ((TSJ^2 + TIJ^2)^1/2 + DJ) / 2 + PE
    Total System Jitter     (TSJ):    0.071ns
    Total Input Jitter      (TIJ):    0.000ns
    Discrete Jitter          (DJ):    0.000ns
    Phase Error              (PE):    0.000ns

    Location             Delay type                Incr(ns)  Path(ns)    Netlist Resource(s)
  -------------------------------------------------------------------    -------------------
                         (clock sys_clk rise edge)    0.000     0.000 r  
    W17                                               0.000     0.000 r  sys_clk (IN)
                         net (fo=0)                   0.000     0.000    sys_clk
    W17                  IBUF (Prop_ibuf_I_O)         1.415     1.415 r  sys_clk_IBUF_inst/O
                         net (fo=1, routed)           1.873     3.288    sys_clk_IBUF
    BUFGCTRL_X0Y4        BUFG (Prop_bufg_I_O)         0.085     3.373 r  sys_clk_IBUF_BUFG_inst/O
                         net (fo=186, routed)         1.427     4.800    u_pl/u_ang/sys_clk_IBUF_BUFG
    SLICE_X61Y74         FDRE                                         r  u_pl/u_ang/angle_reg[2]/C
  -------------------------------------------------------------------    -------------------
    SLICE_X61Y74         FDRE (Prop_fdre_C_Q)         0.379     5.179 r  u_pl/u_ang/angle_reg[2]/Q
                         net (fo=200, routed)         0.911     6.090    u_pl/u_ang/angle_reg_n_0_[2]
    SLICE_X58Y74         LUT2 (Prop_lut2_I0_O)        0.105     6.195 r  u_pl/u_ang/angle[3]_i_6/O
                         net (fo=1, routed)           0.000     6.195    u_pl/u_ang/angle[3]_i_6_n_0
    SLICE_X58Y74         CARRY4 (Prop_carry4_S[2]_CO[3])
                                                      0.316     6.511 r  u_pl/u_ang/angle_reg[3]_i_2/CO[3]
                         net (fo=1, routed)           0.008     6.519    u_pl/u_ang/angle_reg[3]_i_2_n_0
    SLICE_X58Y75         CARRY4 (Prop_carry4_CI_CO[3])
                                                      0.100     6.619 r  u_pl/u_ang/angle_reg[7]_i_4/CO[3]
                         net (fo=1, routed)           0.000     6.619    u_pl/u_ang/angle_reg[7]_i_4_n_0
    SLICE_X58Y76         CARRY4 (Prop_carry4_CI_O[0])
                                                      0.178     6.797 r  u_pl/u_ang/angle_reg[3]_i_4/O[0]
                         net (fo=3, routed)           0.705     7.502    u_pl/u_ang/angle_reg[3]_i_4_n_7
    SLICE_X60Y75         LUT6 (Prop_lut6_I0_O)        0.238     7.740 r  u_pl/u_ang/angle[3]_i_3/O
                         net (fo=4, routed)           0.366     8.106    u_pl/u_ang/angle[3]_i_3_n_0
    SLICE_X60Y75         LUT6 (Prop_lut6_I5_O)        0.105     8.211 r  u_pl/u_ang/angle[6]_i_5/O
                         net (fo=1, routed)           0.604     8.815    u_pl/u_ang/angle[6]_i_5_n_0
    SLICE_X61Y74         LUT5 (Prop_lut5_I4_O)        0.105     8.920 r  u_pl/u_ang/angle[6]_i_3/O
                         net (fo=1, routed)           0.204     9.124    u_pl/u_ang/angle[6]_i_3_n_0
    SLICE_X61Y74         LUT5 (Prop_lut5_I4_O)        0.105     9.229 r  u_pl/u_ang/angle[6]_i_1/O
                         net (fo=1, routed)           0.521     9.751    u_pl/u_ang/p_1_in__0[6]
    SLICE_X61Y74         FDRE                                         r  u_pl/u_ang/angle_reg[6]/D
  -------------------------------------------------------------------    -------------------

                         (clock sys_clk rise edge)   20.000    20.000 r  
    W17                                               0.000    20.000 r  sys_clk (IN)
                         net (fo=0)                   0.000    20.000    sys_clk
    W17                  IBUF (Prop_ibuf_I_O)         1.349    21.349 r  sys_clk_IBUF_inst/O
                         net (fo=1, routed)           1.701    23.050    sys_clk_IBUF
    BUFGCTRL_X0Y4        BUFG (Prop_bufg_I_O)         0.077    23.127 r  sys_clk_IBUF_BUFG_inst/O
                         net (fo=186, routed)         1.273    24.400    u_pl/u_ang/sys_clk_IBUF_BUFG
    SLICE_X61Y74         FDRE                                         r  u_pl/u_ang/angle_reg[6]/C
                         clock pessimism              0.400    24.800    
                         clock uncertainty           -0.035    24.765    
    SLICE_X61Y74         FDRE (Setup_fdre_C_D)       -0.039    24.726    u_pl/u_ang/angle_reg[6]
  -------------------------------------------------------------------
                         required time                         24.726    
                         arrival time                          -9.751    
  -------------------------------------------------------------------
                         slack                                 14.975    

Slack (MET) :             14.975ns  (required time - arrival time)
  Source:                 u_pl/u_ang/angle_reg[2]/C
                            (rising edge-triggered cell FDRE clocked by sys_clk  {rise@0.000ns fall@10.000ns period=20.000ns})
  Destination:            u_pl/u_ang/angle_reg[6]/D
                            (rising edge-triggered cell FDRE clocked by sys_clk  {rise@0.000ns fall@10.000ns period=20.000ns})
  Path Group:             sys_clk
  Path Type:              Setup (Max at Slow Process Corner)
  Requirement:            20.000ns  (sys_clk rise@20.000ns - sys_clk rise@0.000ns)
  Data Path Delay:        4.951ns  (logic 1.631ns (32.945%)  route 3.320ns (67.055%))
  Logic Levels:           8  (CARRY4=3 LUT2=1 LUT5=2 LUT6=2)
  Clock Path Skew:        0.000ns (DCD - SCD + CPR)
    Destination Clock Delay (DCD):    4.400ns = ( 24.400 - 20.000 ) 
    Source Clock Delay      (SCD):    4.800ns
    Clock Pessimism Removal (CPR):    0.400ns
  Clock Uncertainty:      0.035ns  ((TSJ^2 + TIJ^2)^1/2 + DJ) / 2 + PE
    Total System Jitter     (TSJ):    0.071ns
    Total Input Jitter      (TIJ):    0.000ns
    Discrete Jitter          (DJ):    0.000ns
    Phase Error              (PE):    0.000ns

    Location             Delay type                Incr(ns)  Path(ns)    Netlist Resource(s)
  -------------------------------------------------------------------    -------------------
                         (clock sys_clk rise edge)    0.000     0.000 r  
    W17                                               0.000     0.000 r  sys_clk (IN)
                         net (fo=0)                   0.000     0.000    sys_clk
    W17                  IBUF (Prop_ibuf_I_O)         1.415     1.415 r  sys_clk_IBUF_inst/O
                         net (fo=1, routed)           1.873     3.288    sys_clk_IBUF
    BUFGCTRL_X0Y4        BUFG (Prop_bufg_I_O)         0.085     3.373 r  sys_clk_IBUF_BUFG_inst/O
                         net (fo=186, routed)         1.427     4.800    u_pl/u_ang/sys_clk_IBUF_BUFG
    SLICE_X61Y74         FDRE                                         r  u_pl/u_ang/angle_reg[2]/C
  -------------------------------------------------------------------    -------------------
    SLICE_X61Y74         FDRE (Prop_fdre_C_Q)         0.379     5.179 f  u_pl/u_ang/angle_reg[2]/Q
                         net (fo=200, routed)         0.911     6.090    u_pl/u_ang/angle_reg_n_0_[2]
    SLICE_X58Y74         LUT2 (Prop_lut2_I0_O)        0.105     6.195 r  u_pl/u_ang/angle[3]_i_6/O
                         net (fo=1, routed)           0.000     6.195    u_pl/u_ang/angle[3]_i_6_n_0
    SLICE_X58Y74         CARRY4 (Prop_carry4_S[2]_CO[3])
                                                      0.316     6.511 r  u_pl/u_ang/angle_reg[3]_i_2/CO[3]
                         net (fo=1, routed)           0.008     6.519    u_pl/u_ang/angle_reg[3]_i_2_n_0
    SLICE_X58Y75         CARRY4 (Prop_carry4_CI_CO[3])
                                                      0.100     6.619 r  u_pl/u_ang/angle_reg[7]_i_4/CO[3]
                         net (fo=1, routed)           0.000     6.619    u_pl/u_ang/angle_reg[7]_i_4_n_0
    SLICE_X58Y76         CARRY4 (Prop_carry4_CI_O[0])
                                                      0.178     6.797 r  u_pl/u_ang/angle_reg[3]_i_4/O[0]
                         net (fo=3, routed)           0.705     7.502    u_pl/u_ang/angle_reg[3]_i_4_n_7
    SLICE_X60Y75         LUT6 (Prop_lut6_I0_O)        0.238     7.740 r  u_pl/u_ang/angle[3]_i_3/O
                         net (fo=4, routed)           0.366     8.106    u_pl/u_ang/angle[3]_i_3_n_0
    SLICE_X60Y75         LUT6 (Prop_lut6_I5_O)        0.105     8.211 r  u_pl/u_ang/angle[6]_i_5/O
                         net (fo=1, routed)           0.604     8.815    u_pl/u_ang/angle[6]_i_5_n_0
    SLICE_X61Y74         LUT5 (Prop_lut5_I4_O)        0.105     8.920 r  u_pl/u_ang/angle[6]_i_3/O
                         net (fo=1, routed)           0.204     9.124    u_pl/u_ang/angle[6]_i_3_n_0
    SLICE_X61Y74         LUT5 (Prop_lut5_I4_O)        0.105     9.229 r  u_pl/u_ang/angle[6]_i_1/O
                         net (fo=1, routed)           0.521     9.751    u_pl/u_ang/p_1_in__0[6]
    SLICE_X61Y74         FDRE                                         r  u_pl/u_ang/angle_reg[6]/D
  -------------------------------------------------------------------    -------------------

                         (clock sys_clk rise edge)   20.000    20.000 r  
    W17                                               0.000    20.000 r  sys_clk (IN)
                         net (fo=0)                   0.000    20.000    sys_clk
    W17                  IBUF (Prop_ibuf_I_O)         1.349    21.349 r  sys_clk_IBUF_inst/O
                         net (fo=1, routed)           1.701    23.050    sys_clk_IBUF
    BUFGCTRL_X0Y4        BUFG (Prop_bufg_I_O)         0.077    23.127 r  sys_clk_IBUF_BUFG_inst/O
                         net (fo=186, routed)         1.273    24.400    u_pl/u_ang/sys_clk_IBUF_BUFG
    SLICE_X61Y74         FDRE                                         r  u_pl/u_ang/angle_reg[6]/C
                         clock pessimism              0.400    24.800    
                         clock uncertainty           -0.035    24.765    
    SLICE_X61Y74         FDRE (Setup_fdre_C_D)       -0.039    24.726    u_pl/u_ang/angle_reg[6]
  -------------------------------------------------------------------
                         required time                         24.726    
                         arrival time                          -9.751    
  -------------------------------------------------------------------
                         slack                                 14.975    

Slack (MET) :             14.975ns  (required time - arrival time)
  Source:                 u_pl/u_ang/angle_reg[2]/C
                            (rising edge-triggered cell FDRE clocked by sys_clk  {rise@0.000ns fall@10.000ns period=20.000ns})
  Destination:            u_pl/u_ang/angle_reg[6]/D
                            (rising edge-triggered cell FDRE clocked by sys_clk  {rise@0.000ns fall@10.000ns period=20.000ns})
  Path Group:             sys_clk
  Path Type:              Setup (Max at Slow Process Corner)
  Requirement:            20.000ns  (sys_clk rise@20.000ns - sys_clk rise@0.000ns)
  Data Path Delay:        4.951ns  (logic 1.631ns (32.945%)  route 3.320ns (67.055%))
  Logic Levels:           8  (CARRY4=3 LUT2=1 LUT5=2 LUT6=2)
  Clock Path Skew:        0.000ns (DCD - SCD + CPR)
    Destination Clock Delay (DCD):    4.400ns = ( 24.400 - 20.000 ) 
    Source Clock Delay      (SCD):    4.800ns
    Clock Pessimism Removal (CPR):    0.400ns
  Clock Uncertainty:      0.035ns  ((TSJ^2 + TIJ^2)^1/2 + DJ) / 2 + PE
    Total System Jitter     (TSJ):    0.071ns
    Total Input Jitter      (TIJ):    0.000ns
    Discrete Jitter          (DJ):    0.000ns
    Phase Error              (PE):    0.000ns

    Location             Delay type                Incr(ns)  Path(ns)    Netlist Resource(s)
  -------------------------------------------------------------------    -------------------
                         (clock sys_clk rise edge)    0.000     0.000 r  
    W17                                               0.000     0.000 r  sys_clk (IN)
                         net (fo=0)                   0.000     0.000    sys_clk
    W17                  IBUF (Prop_ibuf_I_O)         1.415     1.415 r  sys_clk_IBUF_inst/O
                         net (fo=1, routed)           1.873     3.288    sys_clk_IBUF
    BUFGCTRL_X0Y4        BUFG (Prop_bufg_I_O)         0.085     3.373 r  sys_clk_IBUF_BUFG_inst/O
                         net (fo=186, routed)         1.427     4.800    u_pl/u_ang/sys_clk_IBUF_BUFG
    SLICE_X61Y74         FDRE                                         r  u_pl/u_ang/angle_reg[2]/C
  -------------------------------------------------------------------    -------------------
    SLICE_X61Y74         FDRE (Prop_fdre_C_Q)         0.379     5.179 r  u_pl/u_ang/angle_reg[2]/Q
                         net (fo=200, routed)         0.911     6.090    u_pl/u_ang/angle_reg_n_0_[2]
    SLICE_X58Y74         LUT2 (Prop_lut2_I0_O)        0.105     6.195 f  u_pl/u_ang/angle[3]_i_6/O
                         net (fo=1, routed)           0.000     6.195    u_pl/u_ang/angle[3]_i_6_n_0
    SLICE_X58Y74         CARRY4 (Prop_carry4_S[2]_CO[3])
                                                      0.316     6.511 r  u_pl/u_ang/angle_reg[3]_i_2/CO[3]
                         net (fo=1, routed)           0.008     6.519    u_pl/u_ang/angle_reg[3]_i_2_n_0
    SLICE_X58Y75         CARRY4 (Prop_carry4_CI_CO[3])
                                                      0.100     6.619 r  u_pl/u_ang/angle_reg[7]_i_4/CO[3]
                         net (fo=1, routed)           0.000     6.619    u_pl/u_ang/angle_reg[7]_i_4_n_0
    SLICE_X58Y76         CARRY4 (Prop_carry4_CI_O[0])
                                                      0.178     6.797 r  u_pl/u_ang/angle_reg[3]_i_4/O[0]
                         net (fo=3, routed)           0.705     7.502    u_pl/u_ang/angle_reg[3]_i_4_n_7
    SLICE_X60Y75         LUT6 (Prop_lut6_I0_O)        0.238     7.740 r  u_pl/u_ang/angle[3]_i_3/O
                         net (fo=4, routed)           0.366     8.106    u_pl/u_ang/angle[3]_i_3_n_0
    SLICE_X60Y75         LUT6 (Prop_lut6_I5_O)        0.105     8.211 r  u_pl/u_ang/angle[6]_i_5/O
                         net (fo=1, routed)           0.604     8.815    u_pl/u_ang/angle[6]_i_5_n_0
    SLICE_X61Y74         LUT5 (Prop_lut5_I4_O)        0.105     8.920 r  u_pl/u_ang/angle[6]_i_3/O
                         net (fo=1, routed)           0.204     9.124    u_pl/u_ang/angle[6]_i_3_n_0
    SLICE_X61Y74         LUT5 (Prop_lut5_I4_O)        0.105     9.229 r  u_pl/u_ang/angle[6]_i_1/O
                         net (fo=1, routed)           0.521     9.751    u_pl/u_ang/p_1_in__0[6]
    SLICE_X61Y74         FDRE                                         r  u_pl/u_ang/angle_reg[6]/D
  -------------------------------------------------------------------    -------------------

                         (clock sys_clk rise edge)   20.000    20.000 r  
    W17                                               0.000    20.000 r  sys_clk (IN)
                         net (fo=0)                   0.000    20.000    sys_clk
    W17                  IBUF (Prop_ibuf_I_O)         1.349    21.349 r  sys_clk_IBUF_inst/O
                         net (fo=1, routed)           1.701    23.050    sys_clk_IBUF
    BUFGCTRL_X0Y4        BUFG (Prop_bufg_I_O)         0.077    23.127 r  sys_clk_IBUF_BUFG_inst/O
                         net (fo=186, routed)         1.273    24.400    u_pl/u_ang/sys_clk_IBUF_BUFG
    SLICE_X61Y74         FDRE                                         r  u_pl/u_ang/angle_reg[6]/C
                         clock pessimism              0.400    24.800    
                         clock uncertainty           -0.035    24.765    
    SLICE_X61Y74         FDRE (Setup_fdre_C_D)       -0.039    24.726    u_pl/u_ang/angle_reg[6]
  -------------------------------------------------------------------
                         required time                         24.726    
                         arrival time                          -9.751    
  -------------------------------------------------------------------
                         slack                                 14.975    

Slack (MET) :             14.975ns  (required time - arrival time)
  Source:                 u_pl/u_ang/angle_reg[2]/C
                            (rising edge-triggered cell FDRE clocked by sys_clk  {rise@0.000ns fall@10.000ns period=20.000ns})
  Destination:            u_pl/u_ang/angle_reg[6]/D
                            (rising edge-triggered cell FDRE clocked by sys_clk  {rise@0.000ns fall@10.000ns period=20.000ns})
  Path Group:             sys_clk
  Path Type:              Setup (Max at Slow Process Corner)
  Requirement:            20.000ns  (sys_clk rise@20.000ns - sys_clk rise@0.000ns)
  Data Path Delay:        4.951ns  (logic 1.631ns (32.945%)  route 3.320ns (67.055%))
  Logic Levels:           8  (CARRY4=3 LUT2=1 LUT5=2 LUT6=2)
  Clock Path Skew:        0.000ns (DCD - SCD + CPR)
    Destination Clock Delay (DCD):    4.400ns = ( 24.400 - 20.000 ) 
    Source Clock Delay      (SCD):    4.800ns
    Clock Pessimism Removal (CPR):    0.400ns
  Clock Uncertainty:      0.035ns  ((TSJ^2 + TIJ^2)^1/2 + DJ) / 2 + PE
    Total System Jitter     (TSJ):    0.071ns
    Total Input Jitter      (TIJ):    0.000ns
    Discrete Jitter          (DJ):    0.000ns
    Phase Error              (PE):    0.000ns

    Location             Delay type                Incr(ns)  Path(ns)    Netlist Resource(s)
  -------------------------------------------------------------------    -------------------
                         (clock sys_clk rise edge)    0.000     0.000 r  
    W17                                               0.000     0.000 r  sys_clk (IN)
                         net (fo=0)                   0.000     0.000    sys_clk
    W17                  IBUF (Prop_ibuf_I_O)         1.415     1.415 r  sys_clk_IBUF_inst/O
                         net (fo=1, routed)           1.873     3.288    sys_clk_IBUF
    BUFGCTRL_X0Y4        BUFG (Prop_bufg_I_O)         0.085     3.373 r  sys_clk_IBUF_BUFG_inst/O
                         net (fo=186, routed)         1.427     4.800    u_pl/u_ang/sys_clk_IBUF_BUFG
    SLICE_X61Y74         FDRE                                         r  u_pl/u_ang/angle_reg[2]/C
  -------------------------------------------------------------------    -------------------
    SLICE_X61Y74         FDRE (Prop_fdre_C_Q)         0.379     5.179 r  u_pl/u_ang/angle_reg[2]/Q
                         net (fo=200, routed)         0.911     6.090    u_pl/u_ang/angle_reg_n_0_[2]
    SLICE_X58Y74         LUT2 (Prop_lut2_I0_O)        0.105     6.195 r  u_pl/u_ang/angle[3]_i_6/O
                         net (fo=1, routed)           0.000     6.195    u_pl/u_ang/angle[3]_i_6_n_0
    SLICE_X58Y74         CARRY4 (Prop_carry4_S[2]_CO[3])
                                                      0.316     6.511 r  u_pl/u_ang/angle_reg[3]_i_2/CO[3]
                         net (fo=1, routed)           0.008     6.519    u_pl/u_ang/angle_reg[3]_i_2_n_0
    SLICE_X58Y75         CARRY4 (Prop_carry4_CI_CO[3])
                                                      0.100     6.619 r  u_pl/u_ang/angle_reg[7]_i_4/CO[3]
                         net (fo=1, routed)           0.000     6.619    u_pl/u_ang/angle_reg[7]_i_4_n_0
    SLICE_X58Y76         CARRY4 (Prop_carry4_CI_O[0])
                                                      0.178     6.797 f  u_pl/u_ang/angle_reg[3]_i_4/O[0]
                         net (fo=3, routed)           0.705     7.502    u_pl/u_ang/angle_reg[3]_i_4_n_7
    SLICE_X60Y75         LUT6 (Prop_lut6_I0_O)        0.238     7.740 f  u_pl/u_ang/angle[3]_i_3/O
                         net (fo=4, routed)           0.366     8.106    u_pl/u_ang/angle[3]_i_3_n_0
    SLICE_X60Y75         LUT6 (Prop_lut6_I5_O)        0.105     8.211 r  u_pl/u_ang/angle[6]_i_5/O
                         net (fo=1, routed)           0.604     8.815    u_pl/u_ang/angle[6]_i_5_n_0
    SLICE_X61Y74         LUT5 (Prop_lut5_I4_O)        0.105     8.920 r  u_pl/u_ang/angle[6]_i_3/O
                         net (fo=1, routed)           0.204     9.124    u_pl/u_ang/angle[6]_i_3_n_0
    SLICE_X61Y74         LUT5 (Prop_lut5_I4_O)        0.105     9.229 r  u_pl/u_ang/angle[6]_i_1/O
                         net (fo=1, routed)           0.521     9.751    u_pl/u_ang/p_1_in__0[6]
    SLICE_X61Y74         FDRE                                         r  u_pl/u_ang/angle_reg[6]/D
  -------------------------------------------------------------------    -------------------

                         (clock sys_clk rise edge)   20.000    20.000 r  
    W17                                               0.000    20.000 r  sys_clk (IN)
                         net (fo=0)                   0.000    20.000    sys_clk
    W17                  IBUF (Prop_ibuf_I_O)         1.349    21.349 r  sys_clk_IBUF_inst/O
                         net (fo=1, routed)           1.701    23.050    sys_clk_IBUF
    BUFGCTRL_X0Y4        BUFG (Prop_bufg_I_O)         0.077    23.127 r  sys_clk_IBUF_BUFG_inst/O
                         net (fo=186, routed)         1.273    24.400    u_pl/u_ang/sys_clk_IBUF_BUFG
    SLICE_X61Y74         FDRE                                         r  u_pl/u_ang/angle_reg[6]/C
                         clock pessimism              0.400    24.800    
                         clock uncertainty           -0.035    24.765    
    SLICE_X61Y74         FDRE (Setup_fdre_C_D)       -0.039    24.726    u_pl/u_ang/angle_reg[6]
  -------------------------------------------------------------------
                         required time                         24.726    
                         arrival time                          -9.751    
  -------------------------------------------------------------------
                         slack                                 14.975    

Slack (MET) :             14.975ns  (required time - arrival time)
  Source:                 u_pl/u_ang/angle_reg[2]/C
                            (rising edge-triggered cell FDRE clocked by sys_clk  {rise@0.000ns fall@10.000ns period=20.000ns})
  Destination:            u_pl/u_ang/angle_reg[6]/D
                            (rising edge-triggered cell FDRE clocked by sys_clk  {rise@0.000ns fall@10.000ns period=20.000ns})
  Path Group:             sys_clk
  Path Type:              Setup (Max at Slow Process Corner)
  Requirement:            20.000ns  (sys_clk rise@20.000ns - sys_clk rise@0.000ns)
  Data Path Delay:        4.951ns  (logic 1.631ns (32.945%)  route 3.320ns (67.055%))
  Logic Levels:           8  (CARRY4=3 LUT2=1 LUT5=2 LUT6=2)
  Clock Path Skew:        0.000ns (DCD - SCD + CPR)
    Destination Clock Delay (DCD):    4.400ns = ( 24.400 - 20.000 ) 
    Source Clock Delay      (SCD):    4.800ns
    Clock Pessimism Removal (CPR):    0.400ns
  Clock Uncertainty:      0.035ns  ((TSJ^2 + TIJ^2)^1/2 + DJ) / 2 + PE
    Total System Jitter     (TSJ):    0.071ns
    Total Input Jitter      (TIJ):    0.000ns
    Discrete Jitter          (DJ):    0.000ns
    Phase Error              (PE):    0.000ns

    Location             Delay type                Incr(ns)  Path(ns)    Netlist Resource(s)
  -------------------------------------------------------------------    -------------------
                         (clock sys_clk rise edge)    0.000     0.000 r  
    W17                                               0.000     0.000 r  sys_clk (IN)
                         net (fo=0)                   0.000     0.000    sys_clk
    W17                  IBUF (Prop_ibuf_I_O)         1.415     1.415 r  sys_clk_IBUF_inst/O
                         net (fo=1, routed)           1.873     3.288    sys_clk_IBUF
    BUFGCTRL_X0Y4        BUFG (Prop_bufg_I_O)         0.085     3.373 r  sys_clk_IBUF_BUFG_inst/O
                         net (fo=186, routed)         1.427     4.800    u_pl/u_ang/sys_clk_IBUF_BUFG
    SLICE_X61Y74         FDRE                                         r  u_pl/u_ang/angle_reg[2]/C
  -------------------------------------------------------------------    -------------------
    SLICE_X61Y74         FDRE (Prop_fdre_C_Q)         0.379     5.179 f  u_pl/u_ang/angle_reg[2]/Q
                         net (fo=200, routed)         0.911     6.090    u_pl/u_ang/angle_reg_n_0_[2]
    SLICE_X58Y74         LUT2 (Prop_lut2_I0_O)        0.105     6.195 r  u_pl/u_ang/angle[3]_i_6/O
                         net (fo=1, routed)           0.000     6.195    u_pl/u_ang/angle[3]_i_6_n_0
    SLICE_X58Y74         CARRY4 (Prop_carry4_S[2]_CO[3])
                                                      0.316     6.511 r  u_pl/u_ang/angle_reg[3]_i_2/CO[3]
                         net (fo=1, routed)           0.008     6.519    u_pl/u_ang/angle_reg[3]_i_2_n_0
    SLICE_X58Y75         CARRY4 (Prop_carry4_CI_CO[3])
                                                      0.100     6.619 r  u_pl/u_ang/angle_reg[7]_i_4/CO[3]
                         net (fo=1, routed)           0.000     6.619    u_pl/u_ang/angle_reg[7]_i_4_n_0
    SLICE_X58Y76         CARRY4 (Prop_carry4_CI_O[0])
                                                      0.178     6.797 f  u_pl/u_ang/angle_reg[3]_i_4/O[0]
                         net (fo=3, routed)           0.705     7.502    u_pl/u_ang/angle_reg[3]_i_4_n_7
    SLICE_X60Y75         LUT6 (Prop_lut6_I0_O)        0.238     7.740 f  u_pl/u_ang/angle[3]_i_3/O
                         net (fo=4, routed)           0.366     8.106    u_pl/u_ang/angle[3]_i_3_n_0
    SLICE_X60Y75         LUT6 (Prop_lut6_I5_O)        0.105     8.211 r  u_pl/u_ang/angle[6]_i_5/O
                         net (fo=1, routed)           0.604     8.815    u_pl/u_ang/angle[6]_i_5_n_0
    SLICE_X61Y74         LUT5 (Prop_lut5_I4_O)        0.105     8.920 r  u_pl/u_ang/angle[6]_i_3/O
                         net (fo=1, routed)           0.204     9.124    u_pl/u_ang/angle[6]_i_3_n_0
    SLICE_X61Y74         LUT5 (Prop_lut5_I4_O)        0.105     9.229 r  u_pl/u_ang/angle[6]_i_1/O
                         net (fo=1, routed)           0.521     9.751    u_pl/u_ang/p_1_in__0[6]
    SLICE_X61Y74         FDRE                                         r  u_pl/u_ang/angle_reg[6]/D
  -------------------------------------------------------------------    -------------------

                         (clock sys_clk rise edge)   20.000    20.000 r  
    W17                                               0.000    20.000 r  sys_clk (IN)
                         net (fo=0)                   0.000    20.000    sys_clk
    W17                  IBUF (Prop_ibuf_I_O)         1.349    21.349 r  sys_clk_IBUF_inst/O
                         net (fo=1, routed)           1.701    23.050    sys_clk_IBUF
    BUFGCTRL_X0Y4        BUFG (Prop_bufg_I_O)         0.077    23.127 r  sys_clk_IBUF_BUFG_inst/O
                         net (fo=186, routed)         1.273    24.400    u_pl/u_ang/sys_clk_IBUF_BUFG
    SLICE_X61Y74         FDRE                                         r  u_pl/u_ang/angle_reg[6]/C
                         clock pessimism              0.400    24.800    
                         clock uncertainty           -0.035    24.765    
    SLICE_X61Y74         FDRE (Setup_fdre_C_D)       -0.039    24.726    u_pl/u_ang/angle_reg[6]
  -------------------------------------------------------------------
                         required time                         24.726    
                         arrival time                          -9.751    
  -------------------------------------------------------------------
                         slack                                 14.975    

Slack (MET) :             15.136ns  (required time - arrival time)
  Source:                 u_pl/u_ang/angle_reg[2]/C
                            (rising edge-triggered cell FDRE clocked by sys_clk  {rise@0.000ns fall@10.000ns period=20.000ns})
  Destination:            u_pl/u_ang/angle_reg[5]/D
                            (rising edge-triggered cell FDRE clocked by sys_clk  {rise@0.000ns fall@10.000ns period=20.000ns})
  Path Group:             sys_clk
  Path Type:              Setup (Max at Slow Process Corner)
  Requirement:            20.000ns  (sys_clk rise@20.000ns - sys_clk rise@0.000ns)
  Data Path Delay:        4.787ns  (logic 1.526ns (31.879%)  route 3.261ns (68.121%))
  Logic Levels:           7  (CARRY4=3 LUT2=1 LUT6=3)
  Clock Path Skew:        0.000ns (DCD - SCD + CPR)
    Destination Clock Delay (DCD):    4.400ns = ( 24.400 - 20.000 ) 
    Source Clock Delay      (SCD):    4.800ns
    Clock Pessimism Removal (CPR):    0.400ns
  Clock Uncertainty:      0.035ns  ((TSJ^2 + TIJ^2)^1/2 + DJ) / 2 + PE
    Total System Jitter     (TSJ):    0.071ns
    Total Input Jitter      (TIJ):    0.000ns
    Discrete Jitter          (DJ):    0.000ns
    Phase Error              (PE):    0.000ns

    Location             Delay type                Incr(ns)  Path(ns)    Netlist Resource(s)
  -------------------------------------------------------------------    -------------------
                         (clock sys_clk rise edge)    0.000     0.000 r  
    W17                                               0.000     0.000 r  sys_clk (IN)
                         net (fo=0)                   0.000     0.000    sys_clk
    W17                  IBUF (Prop_ibuf_I_O)         1.415     1.415 r  sys_clk_IBUF_inst/O
                         net (fo=1, routed)           1.873     3.288    sys_clk_IBUF
    BUFGCTRL_X0Y4        BUFG (Prop_bufg_I_O)         0.085     3.373 r  sys_clk_IBUF_BUFG_inst/O
                         net (fo=186, routed)         1.427     4.800    u_pl/u_ang/sys_clk_IBUF_BUFG
    SLICE_X61Y74         FDRE                                         r  u_pl/u_ang/angle_reg[2]/C
  -------------------------------------------------------------------    -------------------
    SLICE_X61Y74         FDRE (Prop_fdre_C_Q)         0.379     5.179 r  u_pl/u_ang/angle_reg[2]/Q
                         net (fo=200, routed)         0.911     6.090    u_pl/u_ang/angle_reg_n_0_[2]
    SLICE_X58Y74         LUT2 (Prop_lut2_I0_O)        0.105     6.195 r  u_pl/u_ang/angle[3]_i_6/O
                         net (fo=1, routed)           0.000     6.195    u_pl/u_ang/angle[3]_i_6_n_0
    SLICE_X58Y74         CARRY4 (Prop_carry4_S[2]_CO[3])
                                                      0.316     6.511 r  u_pl/u_ang/angle_reg[3]_i_2/CO[3]
                         net (fo=1, routed)           0.008     6.519    u_pl/u_ang/angle_reg[3]_i_2_n_0
    SLICE_X58Y75         CARRY4 (Prop_carry4_CI_CO[3])
                                                      0.100     6.619 r  u_pl/u_ang/angle_reg[7]_i_4/CO[3]
                         net (fo=1, routed)           0.000     6.619    u_pl/u_ang/angle_reg[7]_i_4_n_0
    SLICE_X58Y76         CARRY4 (Prop_carry4_CI_O[0])
                                                      0.178     6.797 r  u_pl/u_ang/angle_reg[3]_i_4/O[0]
                         net (fo=3, routed)           0.705     7.502    u_pl/u_ang/angle_reg[3]_i_4_n_7
    SLICE_X60Y75         LUT6 (Prop_lut6_I0_O)        0.238     7.740 r  u_pl/u_ang/angle[3]_i_3/O
                         net (fo=4, routed)           0.511     8.251    u_pl/u_ang/angle[3]_i_3_n_0
    SLICE_X61Y74         LUT6 (Prop_lut6_I3_O)        0.105     8.356 r  u_pl/u_ang/angle[5]_i_2/O
                         net (fo=1, routed)           0.751     9.107    u_pl/u_ang/angle[5]_i_2_n_0
    SLICE_X62Y74         LUT6 (Prop_lut6_I4_O)        0.105     9.212 r  u_pl/u_ang/angle[5]_i_1/O
                         net (fo=1, routed)           0.375     9.587    u_pl/u_ang/p_1_in__0[5]
    SLICE_X61Y74         FDRE                                         r  u_pl/u_ang/angle_reg[5]/D
  -------------------------------------------------------------------    -------------------

                         (clock sys_clk rise edge)   20.000    20.000 r  
    W17                                               0.000    20.000 r  sys_clk (IN)
                         net (fo=0)                   0.000    20.000    sys_clk
    W17                  IBUF (Prop_ibuf_I_O)         1.349    21.349 r  sys_clk_IBUF_inst/O
                         net (fo=1, routed)           1.701    23.050    sys_clk_IBUF
    BUFGCTRL_X0Y4        BUFG (Prop_bufg_I_O)         0.077    23.127 r  sys_clk_IBUF_BUFG_inst/O
                         net (fo=186, routed)         1.273    24.400    u_pl/u_ang/sys_clk_IBUF_BUFG
    SLICE_X61Y74         FDRE                                         r  u_pl/u_ang/angle_reg[5]/C
                         clock pessimism              0.400    24.800    
                         clock uncertainty           -0.035    24.765    
    SLICE_X61Y74         FDRE (Setup_fdre_C_D)       -0.042    24.723    u_pl/u_ang/angle_reg[5]
  -------------------------------------------------------------------
                         required time                         24.723    
                         arrival time                          -9.587    
  -------------------------------------------------------------------
                         slack                                 15.136    

Slack (MET) :             15.136ns  (required time - arrival time)
  Source:                 u_pl/u_ang/angle_reg[2]/C
                            (rising edge-triggered cell FDRE clocked by sys_clk  {rise@0.000ns fall@10.000ns period=20.000ns})
  Destination:            u_pl/u_ang/angle_reg[5]/D
                            (rising edge-triggered cell FDRE clocked by sys_clk  {rise@0.000ns fall@10.000ns period=20.000ns})
  Path Group:             sys_clk
  Path Type:              Setup (Max at Slow Process Corner)
  Requirement:            20.000ns  (sys_clk rise@20.000ns - sys_clk rise@0.000ns)
  Data Path Delay:        4.787ns  (logic 1.526ns (31.879%)  route 3.261ns (68.121%))
  Logic Levels:           7  (CARRY4=3 LUT2=1 LUT6=3)
  Clock Path Skew:        0.000ns (DCD - SCD + CPR)
    Destination Clock Delay (DCD):    4.400ns = ( 24.400 - 20.000 ) 
    Source Clock Delay      (SCD):    4.800ns
    Clock Pessimism Removal (CPR):    0.400ns
  Clock Uncertainty:      0.035ns  ((TSJ^2 + TIJ^2)^1/2 + DJ) / 2 + PE
    Total System Jitter     (TSJ):    0.071ns
    Total Input Jitter      (TIJ):    0.000ns
    Discrete Jitter          (DJ):    0.000ns
    Phase Error              (PE):    0.000ns

    Location             Delay type                Incr(ns)  Path(ns)    Netlist Resource(s)
  -------------------------------------------------------------------    -------------------
                         (clock sys_clk rise edge)    0.000     0.000 r  
    W17                                               0.000     0.000 r  sys_clk (IN)
                         net (fo=0)                   0.000     0.000    sys_clk
    W17                  IBUF (Prop_ibuf_I_O)         1.415     1.415 r  sys_clk_IBUF_inst/O
                         net (fo=1, routed)           1.873     3.288    sys_clk_IBUF
    BUFGCTRL_X0Y4        BUFG (Prop_bufg_I_O)         0.085     3.373 r  sys_clk_IBUF_BUFG_inst/O
                         net (fo=186, routed)         1.427     4.800    u_pl/u_ang/sys_clk_IBUF_BUFG
    SLICE_X61Y74         FDRE                                         r  u_pl/u_ang/angle_reg[2]/C
  -------------------------------------------------------------------    -------------------
    SLICE_X61Y74         FDRE (Prop_fdre_C_Q)         0.379     5.179 f  u_pl/u_ang/angle_reg[2]/Q
                         net (fo=200, routed)         0.911     6.090    u_pl/u_ang/angle_reg_n_0_[2]
    SLICE_X58Y74         LUT2 (Prop_lut2_I0_O)        0.105     6.195 r  u_pl/u_ang/angle[3]_i_6/O
                         net (fo=1, routed)           0.000     6.195    u_pl/u_ang/angle[3]_i_6_n_0
    SLICE_X58Y74         CARRY4 (Prop_carry4_S[2]_CO[3])
                                                      0.316     6.511 r  u_pl/u_ang/angle_reg[3]_i_2/CO[3]
                         net (fo=1, routed)           0.008     6.519    u_pl/u_ang/angle_reg[3]_i_2_n_0
    SLICE_X58Y75         CARRY4 (Prop_carry4_CI_CO[3])
                                                      0.100     6.619 r  u_pl/u_ang/angle_reg[7]_i_4/CO[3]
                         net (fo=1, routed)           0.000     6.619    u_pl/u_ang/angle_reg[7]_i_4_n_0
    SLICE_X58Y76         CARRY4 (Prop_carry4_CI_O[0])
                                                      0.178     6.797 r  u_pl/u_ang/angle_reg[3]_i_4/O[0]
                         net (fo=3, routed)           0.705     7.502    u_pl/u_ang/angle_reg[3]_i_4_n_7
    SLICE_X60Y75         LUT6 (Prop_lut6_I0_O)        0.238     7.740 r  u_pl/u_ang/angle[3]_i_3/O
                         net (fo=4, routed)           0.511     8.251    u_pl/u_ang/angle[3]_i_3_n_0
    SLICE_X61Y74         LUT6 (Prop_lut6_I3_O)        0.105     8.356 r  u_pl/u_ang/angle[5]_i_2/O
                         net (fo=1, routed)           0.751     9.107    u_pl/u_ang/angle[5]_i_2_n_0
    SLICE_X62Y74         LUT6 (Prop_lut6_I4_O)        0.105     9.212 r  u_pl/u_ang/angle[5]_i_1/O
                         net (fo=1, routed)           0.375     9.587    u_pl/u_ang/p_1_in__0[5]
    SLICE_X61Y74         FDRE                                         r  u_pl/u_ang/angle_reg[5]/D
  -------------------------------------------------------------------    -------------------

                         (clock sys_clk rise edge)   20.000    20.000 r  
    W17                                               0.000    20.000 r  sys_clk (IN)
                         net (fo=0)                   0.000    20.000    sys_clk
    W17                  IBUF (Prop_ibuf_I_O)         1.349    21.349 r  sys_clk_IBUF_inst/O
                         net (fo=1, routed)           1.701    23.050    sys_clk_IBUF
    BUFGCTRL_X0Y4        BUFG (Prop_bufg_I_O)         0.077    23.127 r  sys_clk_IBUF_BUFG_inst/O
                         net (fo=186, routed)         1.273    24.400    u_pl/u_ang/sys_clk_IBUF_BUFG
    SLICE_X61Y74         FDRE                                         r  u_pl/u_ang/angle_reg[5]/C
                         clock pessimism              0.400    24.800    
                         clock uncertainty           -0.035    24.765    
    SLICE_X61Y74         FDRE (Setup_fdre_C_D)       -0.042    24.723    u_pl/u_ang/angle_reg[5]
  -------------------------------------------------------------------
                         required time                         24.723    
                         arrival time                          -9.587    
  -------------------------------------------------------------------
                         slack                                 15.136    

Slack (MET) :             15.136ns  (required time - arrival time)
  Source:                 u_pl/u_ang/angle_reg[2]/C
                            (rising edge-triggered cell FDRE clocked by sys_clk  {rise@0.000ns fall@10.000ns period=20.000ns})
  Destination:            u_pl/u_ang/angle_reg[5]/D
                            (rising edge-triggered cell FDRE clocked by sys_clk  {rise@0.000ns fall@10.000ns period=20.000ns})
  Path Group:             sys_clk
  Path Type:              Setup (Max at Slow Process Corner)
  Requirement:            20.000ns  (sys_clk rise@20.000ns - sys_clk rise@0.000ns)
  Data Path Delay:        4.787ns  (logic 1.526ns (31.879%)  route 3.261ns (68.121%))
  Logic Levels:           7  (CARRY4=3 LUT2=1 LUT6=3)
  Clock Path Skew:        0.000ns (DCD - SCD + CPR)
    Destination Clock Delay (DCD):    4.400ns = ( 24.400 - 20.000 ) 
    Source Clock Delay      (SCD):    4.800ns
    Clock Pessimism Removal (CPR):    0.400ns
  Clock Uncertainty:      0.035ns  ((TSJ^2 + TIJ^2)^1/2 + DJ) / 2 + PE
    Total System Jitter     (TSJ):    0.071ns
    Total Input Jitter      (TIJ):    0.000ns
    Discrete Jitter          (DJ):    0.000ns
    Phase Error              (PE):    0.000ns

    Location             Delay type                Incr(ns)  Path(ns)    Netlist Resource(s)
  -------------------------------------------------------------------    -------------------
                         (clock sys_clk rise edge)    0.000     0.000 r  
    W17                                               0.000     0.000 r  sys_clk (IN)
                         net (fo=0)                   0.000     0.000    sys_clk
    W17                  IBUF (Prop_ibuf_I_O)         1.415     1.415 r  sys_clk_IBUF_inst/O
                         net (fo=1, routed)           1.873     3.288    sys_clk_IBUF
    BUFGCTRL_X0Y4        BUFG (Prop_bufg_I_O)         0.085     3.373 r  sys_clk_IBUF_BUFG_inst/O
                         net (fo=186, routed)         1.427     4.800    u_pl/u_ang/sys_clk_IBUF_BUFG
    SLICE_X61Y74         FDRE                                         r  u_pl/u_ang/angle_reg[2]/C
  -------------------------------------------------------------------    -------------------
    SLICE_X61Y74         FDRE (Prop_fdre_C_Q)         0.379     5.179 r  u_pl/u_ang/angle_reg[2]/Q
                         net (fo=200, routed)         0.911     6.090    u_pl/u_ang/angle_reg_n_0_[2]
    SLICE_X58Y74         LUT2 (Prop_lut2_I0_O)        0.105     6.195 r  u_pl/u_ang/angle[3]_i_6/O
                         net (fo=1, routed)           0.000     6.195    u_pl/u_ang/angle[3]_i_6_n_0
    SLICE_X58Y74         CARRY4 (Prop_carry4_S[2]_CO[3])
                                                      0.316     6.511 r  u_pl/u_ang/angle_reg[3]_i_2/CO[3]
                         net (fo=1, routed)           0.008     6.519    u_pl/u_ang/angle_reg[3]_i_2_n_0
    SLICE_X58Y75         CARRY4 (Prop_carry4_CI_CO[3])
                                                      0.100     6.619 r  u_pl/u_ang/angle_reg[7]_i_4/CO[3]
                         net (fo=1, routed)           0.000     6.619    u_pl/u_ang/angle_reg[7]_i_4_n_0
    SLICE_X58Y76         CARRY4 (Prop_carry4_CI_O[0])
                                                      0.178     6.797 f  u_pl/u_ang/angle_reg[3]_i_4/O[0]
                         net (fo=3, routed)           0.705     7.502    u_pl/u_ang/angle_reg[3]_i_4_n_7
    SLICE_X60Y75         LUT6 (Prop_lut6_I0_O)        0.238     7.740 f  u_pl/u_ang/angle[3]_i_3/O
                         net (fo=4, routed)           0.511     8.251    u_pl/u_ang/angle[3]_i_3_n_0
    SLICE_X61Y74         LUT6 (Prop_lut6_I3_O)        0.105     8.356 r  u_pl/u_ang/angle[5]_i_2/O
                         net (fo=1, routed)           0.751     9.107    u_pl/u_ang/angle[5]_i_2_n_0
    SLICE_X62Y74         LUT6 (Prop_lut6_I4_O)        0.105     9.212 r  u_pl/u_ang/angle[5]_i_1/O
                         net (fo=1, routed)           0.375     9.587    u_pl/u_ang/p_1_in__0[5]
    SLICE_X61Y74         FDRE                                         r  u_pl/u_ang/angle_reg[5]/D
  -------------------------------------------------------------------    -------------------

                         (clock sys_clk rise edge)   20.000    20.000 r  
    W17                                               0.000    20.000 r  sys_clk (IN)
                         net (fo=0)                   0.000    20.000    sys_clk
    W17                  IBUF (Prop_ibuf_I_O)         1.349    21.349 r  sys_clk_IBUF_inst/O
                         net (fo=1, routed)           1.701    23.050    sys_clk_IBUF
    BUFGCTRL_X0Y4        BUFG (Prop_bufg_I_O)         0.077    23.127 r  sys_clk_IBUF_BUFG_inst/O
                         net (fo=186, routed)         1.273    24.400    u_pl/u_ang/sys_clk_IBUF_BUFG
    SLICE_X61Y74         FDRE                                         r  u_pl/u_ang/angle_reg[5]/C
                         clock pessimism              0.400    24.800    
                         clock uncertainty           -0.035    24.765    
    SLICE_X61Y74         FDRE (Setup_fdre_C_D)       -0.042    24.723    u_pl/u_ang/angle_reg[5]
  -------------------------------------------------------------------
                         required time                         24.723    
                         arrival time                          -9.587    
  -------------------------------------------------------------------
                         slack                                 15.136    

Slack (MET) :             15.136ns  (required time - arrival time)
  Source:                 u_pl/u_ang/angle_reg[2]/C
                            (rising edge-triggered cell FDRE clocked by sys_clk  {rise@0.000ns fall@10.000ns period=20.000ns})
  Destination:            u_pl/u_ang/angle_reg[5]/D
                            (rising edge-triggered cell FDRE clocked by sys_clk  {rise@0.000ns fall@10.000ns period=20.000ns})
  Path Group:             sys_clk
  Path Type:              Setup (Max at Slow Process Corner)
  Requirement:            20.000ns  (sys_clk rise@20.000ns - sys_clk rise@0.000ns)
  Data Path Delay:        4.787ns  (logic 1.526ns (31.879%)  route 3.261ns (68.121%))
  Logic Levels:           7  (CARRY4=3 LUT2=1 LUT6=3)
  Clock Path Skew:        0.000ns (DCD - SCD + CPR)
    Destination Clock Delay (DCD):    4.400ns = ( 24.400 - 20.000 ) 
    Source Clock Delay      (SCD):    4.800ns
    Clock Pessimism Removal (CPR):    0.400ns
  Clock Uncertainty:      0.035ns  ((TSJ^2 + TIJ^2)^1/2 + DJ) / 2 + PE
    Total System Jitter     (TSJ):    0.071ns
    Total Input Jitter      (TIJ):    0.000ns
    Discrete Jitter          (DJ):    0.000ns
    Phase Error              (PE):    0.000ns

    Location             Delay type                Incr(ns)  Path(ns)    Netlist Resource(s)
  -------------------------------------------------------------------    -------------------
                         (clock sys_clk rise edge)    0.000     0.000 r  
    W17                                               0.000     0.000 r  sys_clk (IN)
                         net (fo=0)                   0.000     0.000    sys_clk
    W17                  IBUF (Prop_ibuf_I_O)         1.415     1.415 r  sys_clk_IBUF_inst/O
                         net (fo=1, routed)           1.873     3.288    sys_clk_IBUF
    BUFGCTRL_X0Y4        BUFG (Prop_bufg_I_O)         0.085     3.373 r  sys_clk_IBUF_BUFG_inst/O
                         net (fo=186, routed)         1.427     4.800    u_pl/u_ang/sys_clk_IBUF_BUFG
    SLICE_X61Y74         FDRE                                         r  u_pl/u_ang/angle_reg[2]/C
  -------------------------------------------------------------------    -------------------
    SLICE_X61Y74         FDRE (Prop_fdre_C_Q)         0.379     5.179 f  u_pl/u_ang/angle_reg[2]/Q
                         net (fo=200, routed)         0.911     6.090    u_pl/u_ang/angle_reg_n_0_[2]
    SLICE_X58Y74         LUT2 (Prop_lut2_I0_O)        0.105     6.195 r  u_pl/u_ang/angle[3]_i_6/O
                         net (fo=1, routed)           0.000     6.195    u_pl/u_ang/angle[3]_i_6_n_0
    SLICE_X58Y74         CARRY4 (Prop_carry4_S[2]_CO[3])
                                                      0.316     6.511 r  u_pl/u_ang/angle_reg[3]_i_2/CO[3]
                         net (fo=1, routed)           0.008     6.519    u_pl/u_ang/angle_reg[3]_i_2_n_0
    SLICE_X58Y75         CARRY4 (Prop_carry4_CI_CO[3])
                                                      0.100     6.619 r  u_pl/u_ang/angle_reg[7]_i_4/CO[3]
                         net (fo=1, routed)           0.000     6.619    u_pl/u_ang/angle_reg[7]_i_4_n_0
    SLICE_X58Y76         CARRY4 (Prop_carry4_CI_O[0])
                                                      0.178     6.797 f  u_pl/u_ang/angle_reg[3]_i_4/O[0]
                         net (fo=3, routed)           0.705     7.502    u_pl/u_ang/angle_reg[3]_i_4_n_7
    SLICE_X60Y75         LUT6 (Prop_lut6_I0_O)        0.238     7.740 f  u_pl/u_ang/angle[3]_i_3/O
                         net (fo=4, routed)           0.511     8.251    u_pl/u_ang/angle[3]_i_3_n_0
    SLICE_X61Y74         LUT6 (Prop_lut6_I3_O)        0.105     8.356 r  u_pl/u_ang/angle[5]_i_2/O
                         net (fo=1, routed)           0.751     9.107    u_pl/u_ang/angle[5]_i_2_n_0
    SLICE_X62Y74         LUT6 (Prop_lut6_I4_O)        0.105     9.212 r  u_pl/u_ang/angle[5]_i_1/O
                         net (fo=1, routed)           0.375     9.587    u_pl/u_ang/p_1_in__0[5]
    SLICE_X61Y74         FDRE                                         r  u_pl/u_ang/angle_reg[5]/D
  -------------------------------------------------------------------    -------------------

                         (clock sys_clk rise edge)   20.000    20.000 r  
    W17                                               0.000    20.000 r  sys_clk (IN)
                         net (fo=0)                   0.000    20.000    sys_clk
    W17                  IBUF (Prop_ibuf_I_O)         1.349    21.349 r  sys_clk_IBUF_inst/O
                         net (fo=1, routed)           1.701    23.050    sys_clk_IBUF
    BUFGCTRL_X0Y4        BUFG (Prop_bufg_I_O)         0.077    23.127 r  sys_clk_IBUF_BUFG_inst/O
                         net (fo=186, routed)         1.273    24.400    u_pl/u_ang/sys_clk_IBUF_BUFG
    SLICE_X61Y74         FDRE                                         r  u_pl/u_ang/angle_reg[5]/C
                         clock pessimism              0.400    24.800    
                         clock uncertainty           -0.035    24.765    
    SLICE_X61Y74         FDRE (Setup_fdre_C_D)       -0.042    24.723    u_pl/u_ang/angle_reg[5]
  -------------------------------------------------------------------
                         required time                         24.723    
                         arrival time                          -9.587    
  -------------------------------------------------------------------
                         slack                                 15.136    

Slack (MET) :             15.136ns  (required time - arrival time)
  Source:                 u_pl/u_ang/angle_reg[2]/C
                            (rising edge-triggered cell FDRE clocked by sys_clk  {rise@0.000ns fall@10.000ns period=20.000ns})
  Destination:            u_pl/u_ang/angle_reg[5]/D
                            (rising edge-triggered cell FDRE clocked by sys_clk  {rise@0.000ns fall@10.000ns period=20.000ns})
  Path Group:             sys_clk
  Path Type:              Setup (Max at Slow Process Corner)
  Requirement:            20.000ns  (sys_clk rise@20.000ns - sys_clk rise@0.000ns)
  Data Path Delay:        4.787ns  (logic 1.526ns (31.879%)  route 3.261ns (68.121%))
  Logic Levels:           7  (CARRY4=3 LUT2=1 LUT6=3)
  Clock Path Skew:        0.000ns (DCD - SCD + CPR)
    Destination Clock Delay (DCD):    4.400ns = ( 24.400 - 20.000 ) 
    Source Clock Delay      (SCD):    4.800ns
    Clock Pessimism Removal (CPR):    0.400ns
  Clock Uncertainty:      0.035ns  ((TSJ^2 + TIJ^2)^1/2 + DJ) / 2 + PE
    Total System Jitter     (TSJ):    0.071ns
    Total Input Jitter      (TIJ):    0.000ns
    Discrete Jitter          (DJ):    0.000ns
    Phase Error              (PE):    0.000ns

    Location             Delay type                Incr(ns)  Path(ns)    Netlist Resource(s)
  -------------------------------------------------------------------    -------------------
                         (clock sys_clk rise edge)    0.000     0.000 r  
    W17                                               0.000     0.000 r  sys_clk (IN)
                         net (fo=0)                   0.000     0.000    sys_clk
    W17                  IBUF (Prop_ibuf_I_O)         1.415     1.415 r  sys_clk_IBUF_inst/O
                         net (fo=1, routed)           1.873     3.288    sys_clk_IBUF
    BUFGCTRL_X0Y4        BUFG (Prop_bufg_I_O)         0.085     3.373 r  sys_clk_IBUF_BUFG_inst/O
                         net (fo=186, routed)         1.427     4.800    u_pl/u_ang/sys_clk_IBUF_BUFG
    SLICE_X61Y74         FDRE                                         r  u_pl/u_ang/angle_reg[2]/C
  -------------------------------------------------------------------    -------------------
    SLICE_X61Y74         FDRE (Prop_fdre_C_Q)         0.379     5.179 r  u_pl/u_ang/angle_reg[2]/Q
                         net (fo=200, routed)         0.911     6.090    u_pl/u_ang/angle_reg_n_0_[2]
    SLICE_X58Y74         LUT2 (Prop_lut2_I0_O)        0.105     6.195 f  u_pl/u_ang/angle[3]_i_6/O
                         net (fo=1, routed)           0.000     6.195    u_pl/u_ang/angle[3]_i_6_n_0
    SLICE_X58Y74         CARRY4 (Prop_carry4_S[2]_CO[3])
                                                      0.316     6.511 r  u_pl/u_ang/angle_reg[3]_i_2/CO[3]
                         net (fo=1, routed)           0.008     6.519    u_pl/u_ang/angle_reg[3]_i_2_n_0
    SLICE_X58Y75         CARRY4 (Prop_carry4_CI_CO[3])
                                                      0.100     6.619 r  u_pl/u_ang/angle_reg[7]_i_4/CO[3]
                         net (fo=1, routed)           0.000     6.619    u_pl/u_ang/angle_reg[7]_i_4_n_0
    SLICE_X58Y76         CARRY4 (Prop_carry4_CI_O[0])
                                                      0.178     6.797 f  u_pl/u_ang/angle_reg[3]_i_4/O[0]
                         net (fo=3, routed)           0.705     7.502    u_pl/u_ang/angle_reg[3]_i_4_n_7
    SLICE_X60Y75         LUT6 (Prop_lut6_I0_O)        0.238     7.740 f  u_pl/u_ang/angle[3]_i_3/O
                         net (fo=4, routed)           0.511     8.251    u_pl/u_ang/angle[3]_i_3_n_0
    SLICE_X61Y74         LUT6 (Prop_lut6_I3_O)        0.105     8.356 r  u_pl/u_ang/angle[5]_i_2/O
                         net (fo=1, routed)           0.751     9.107    u_pl/u_ang/angle[5]_i_2_n_0
    SLICE_X62Y74         LUT6 (Prop_lut6_I4_O)        0.105     9.212 r  u_pl/u_ang/angle[5]_i_1/O
                         net (fo=1, routed)           0.375     9.587    u_pl/u_ang/p_1_in__0[5]
    SLICE_X61Y74         FDRE                                         r  u_pl/u_ang/angle_reg[5]/D
  -------------------------------------------------------------------    -------------------

                         (clock sys_clk rise edge)   20.000    20.000 r  
    W17                                               0.000    20.000 r  sys_clk (IN)
                         net (fo=0)                   0.000    20.000    sys_clk
    W17                  IBUF (Prop_ibuf_I_O)         1.349    21.349 r  sys_clk_IBUF_inst/O
                         net (fo=1, routed)           1.701    23.050    sys_clk_IBUF
    BUFGCTRL_X0Y4        BUFG (Prop_bufg_I_O)         0.077    23.127 r  sys_clk_IBUF_BUFG_inst/O
                         net (fo=186, routed)         1.273    24.400    u_pl/u_ang/sys_clk_IBUF_BUFG
    SLICE_X61Y74         FDRE                                         r  u_pl/u_ang/angle_reg[5]/C
                         clock pessimism              0.400    24.800    
                         clock uncertainty           -0.035    24.765    
    SLICE_X61Y74         FDRE (Setup_fdre_C_D)       -0.042    24.723    u_pl/u_ang/angle_reg[5]
  -------------------------------------------------------------------
                         required time                         24.723    
                         arrival time                          -9.587    
  -------------------------------------------------------------------
                         slack                                 15.136    

Slack (MET) :             15.341ns  (required time - arrival time)
  Source:                 u_pl/u_ang/angle_reg[4]/C
                            (rising edge-triggered cell FDRE clocked by sys_clk  {rise@0.000ns fall@10.000ns period=20.000ns})
  Destination:            u_pl/u_ang/angle_reg[3]/D
                            (rising edge-triggered cell FDRE clocked by sys_clk  {rise@0.000ns fall@10.000ns period=20.000ns})
  Path Group:             sys_clk
  Path Type:              Setup (Max at Slow Process Corner)
  Requirement:            20.000ns  (sys_clk rise@20.000ns - sys_clk rise@0.000ns)
  Data Path Delay:        4.506ns  (logic 1.307ns (29.003%)  route 3.199ns (70.997%))
  Logic Levels:           5  (LUT5=2 LUT6=2 MUXF7=1)
  Clock Path Skew:        -0.058ns (DCD - SCD + CPR)
    Destination Clock Delay (DCD):    4.400ns = ( 24.400 - 20.000 ) 
    Source Clock Delay      (SCD):    4.800ns
    Clock Pessimism Removal (CPR):    0.342ns
  Clock Uncertainty:      0.035ns  ((TSJ^2 + TIJ^2)^1/2 + DJ) / 2 + PE
    Total System Jitter     (TSJ):    0.071ns
    Total Input Jitter      (TIJ):    0.000ns
    Discrete Jitter          (DJ):    0.000ns
    Phase Error              (PE):    0.000ns

    Location             Delay type                Incr(ns)  Path(ns)    Netlist Resource(s)
  -------------------------------------------------------------------    -------------------
                         (clock sys_clk rise edge)    0.000     0.000 r  
    W17                                               0.000     0.000 r  sys_clk (IN)
                         net (fo=0)                   0.000     0.000    sys_clk
    W17                  IBUF (Prop_ibuf_I_O)         1.415     1.415 r  sys_clk_IBUF_inst/O
                         net (fo=1, routed)           1.873     3.288    sys_clk_IBUF
    BUFGCTRL_X0Y4        BUFG (Prop_bufg_I_O)         0.085     3.373 r  sys_clk_IBUF_BUFG_inst/O
                         net (fo=186, routed)         1.427     4.800    u_pl/u_ang/sys_clk_IBUF_BUFG
    SLICE_X60Y75         FDRE                                         r  u_pl/u_ang/angle_reg[4]/C
  -------------------------------------------------------------------    -------------------
    SLICE_X60Y75         FDRE (Prop_fdre_C_Q)         0.379     5.179 r  u_pl/u_ang/angle_reg[4]/Q
                         net (fo=203, routed)         0.897     6.076    u_pl/u_ang/angle_reg[4]_0
    SLICE_X63Y76         LUT5 (Prop_lut5_I0_O)        0.105     6.181 r  u_pl/u_ang/rot_s0_i_2/O
                         net (fo=5, routed)           0.482     6.663    u_pl/u_ang/rot_s0_i_2_n_0
    SLICE_X61Y76         LUT5 (Prop_lut5_I0_O)        0.126     6.789 r  u_pl/u_ang/rot_s0_i_1/O
                         net (fo=13, routed)          0.839     7.628    u_pl/u_ang/angle_reg[7]_4
    SLICE_X60Y74         LUT6 (Prop_lut6_I0_O)        0.267     7.895 r  u_pl/u_ang/angle[3]_i_9/O
                         net (fo=1, routed)           0.000     7.895    u_pl/u_ang/angle[3]_i_9_n_0
    SLICE_X60Y74         MUXF7 (Prop_muxf7_I0_O)      0.178     8.073 r  u_pl/u_ang/angle_reg[3]_i_5/O
                         net (fo=1, routed)           0.460     8.533    u_pl/u_ang/angle_reg[3]_i_5_n_0
    SLICE_X61Y74         LUT6 (Prop_lut6_I5_O)        0.252     8.785 r  u_pl/u_ang/angle[3]_i_1/O
                         net (fo=1, routed)           0.522     9.307    u_pl/u_ang/p_1_in__0[3]
    SLICE_X61Y74         FDRE                                         r  u_pl/u_ang/angle_reg[3]/D
  -------------------------------------------------------------------    -------------------

                         (clock sys_clk rise edge)   20.000    20.000 r  
    W17                                               0.000    20.000 r  sys_clk (IN)
                         net (fo=0)                   0.000    20.000    sys_clk
    W17                  IBUF (Prop_ibuf_I_O)         1.349    21.349 r  sys_clk_IBUF_inst/O
                         net (fo=1, routed)           1.701    23.050    sys_clk_IBUF
    BUFGCTRL_X0Y4        BUFG (Prop_bufg_I_O)         0.077    23.127 r  sys_clk_IBUF_BUFG_inst/O
                         net (fo=186, routed)         1.273    24.400    u_pl/u_ang/sys_clk_IBUF_BUFG
    SLICE_X61Y74         FDRE                                         r  u_pl/u_ang/angle_reg[3]/C
                         clock pessimism              0.342    24.742    
                         clock uncertainty           -0.035    24.707    
    SLICE_X61Y74         FDRE (Setup_fdre_C_D)       -0.059    24.648    u_pl/u_ang/angle_reg[3]
  -------------------------------------------------------------------
                         required time                         24.648    
                         arrival time                          -9.307    
  -------------------------------------------------------------------
                         slack                                 15.341    

Slack (MET) :             15.341ns  (required time - arrival time)
  Source:                 u_pl/u_ang/angle_reg[4]/C
                            (rising edge-triggered cell FDRE clocked by sys_clk  {rise@0.000ns fall@10.000ns period=20.000ns})
  Destination:            u_pl/u_ang/angle_reg[3]/D
                            (rising edge-triggered cell FDRE clocked by sys_clk  {rise@0.000ns fall@10.000ns period=20.000ns})
  Path Group:             sys_clk
  Path Type:              Setup (Max at Slow Process Corner)
  Requirement:            20.000ns  (sys_clk rise@20.000ns - sys_clk rise@0.000ns)
  Data Path Delay:        4.506ns  (logic 1.307ns (29.003%)  route 3.199ns (70.997%))
  Logic Levels:           5  (LUT5=2 LUT6=2 MUXF7=1)
  Clock Path Skew:        -0.058ns (DCD - SCD + CPR)
    Destination Clock Delay (DCD):    4.400ns = ( 24.400 - 20.000 ) 
    Source Clock Delay      (SCD):    4.800ns
    Clock Pessimism Removal (CPR):    0.342ns
  Clock Uncertainty:      0.035ns  ((TSJ^2 + TIJ^2)^1/2 + DJ) / 2 + PE
    Total System Jitter     (TSJ):    0.071ns
    Total Input Jitter      (TIJ):    0.000ns
    Discrete Jitter          (DJ):    0.000ns
    Phase Error              (PE):    0.000ns

    Location             Delay type                Incr(ns)  Path(ns)    Netlist Resource(s)
  -------------------------------------------------------------------    -------------------
                         (clock sys_clk rise edge)    0.000     0.000 r  
    W17                                               0.000     0.000 r  sys_clk (IN)
                         net (fo=0)                   0.000     0.000    sys_clk
    W17                  IBUF (Prop_ibuf_I_O)         1.415     1.415 r  sys_clk_IBUF_inst/O
                         net (fo=1, routed)           1.873     3.288    sys_clk_IBUF
    BUFGCTRL_X0Y4        BUFG (Prop_bufg_I_O)         0.085     3.373 r  sys_clk_IBUF_BUFG_inst/O
                         net (fo=186, routed)         1.427     4.800    u_pl/u_ang/sys_clk_IBUF_BUFG
    SLICE_X60Y75         FDRE                                         r  u_pl/u_ang/angle_reg[4]/C
  -------------------------------------------------------------------    -------------------
    SLICE_X60Y75         FDRE (Prop_fdre_C_Q)         0.379     5.179 f  u_pl/u_ang/angle_reg[4]/Q
                         net (fo=203, routed)         0.897     6.076    u_pl/u_ang/angle_reg[4]_0
    SLICE_X63Y76         LUT5 (Prop_lut5_I0_O)        0.105     6.181 f  u_pl/u_ang/rot_s0_i_2/O
                         net (fo=5, routed)           0.482     6.663    u_pl/u_ang/rot_s0_i_2_n_0
    SLICE_X61Y76         LUT5 (Prop_lut5_I0_O)        0.126     6.789 f  u_pl/u_ang/rot_s0_i_1/O
                         net (fo=13, routed)          0.839     7.628    u_pl/u_ang/angle_reg[7]_4
    SLICE_X60Y74         LUT6 (Prop_lut6_I0_O)        0.267     7.895 f  u_pl/u_ang/angle[3]_i_9/O
                         net (fo=1, routed)           0.000     7.895    u_pl/u_ang/angle[3]_i_9_n_0
    SLICE_X60Y74         MUXF7 (Prop_muxf7_I0_O)      0.178     8.073 f  u_pl/u_ang/angle_reg[3]_i_5/O
                         net (fo=1, routed)           0.460     8.533    u_pl/u_ang/angle_reg[3]_i_5_n_0
    SLICE_X61Y74         LUT6 (Prop_lut6_I5_O)        0.252     8.785 f  u_pl/u_ang/angle[3]_i_1/O
                         net (fo=1, routed)           0.522     9.307    u_pl/u_ang/p_1_in__0[3]
    SLICE_X61Y74         FDRE                                         f  u_pl/u_ang/angle_reg[3]/D
  -------------------------------------------------------------------    -------------------

                         (clock sys_clk rise edge)   20.000    20.000 r  
    W17                                               0.000    20.000 r  sys_clk (IN)
                         net (fo=0)                   0.000    20.000    sys_clk
    W17                  IBUF (Prop_ibuf_I_O)         1.349    21.349 r  sys_clk_IBUF_inst/O
                         net (fo=1, routed)           1.701    23.050    sys_clk_IBUF
    BUFGCTRL_X0Y4        BUFG (Prop_bufg_I_O)         0.077    23.127 r  sys_clk_IBUF_BUFG_inst/O
                         net (fo=186, routed)         1.273    24.400    u_pl/u_ang/sys_clk_IBUF_BUFG
    SLICE_X61Y74         FDRE                                         r  u_pl/u_ang/angle_reg[3]/C
                         clock pessimism              0.342    24.742    
                         clock uncertainty           -0.035    24.707    
    SLICE_X61Y74         FDRE (Setup_fdre_C_D)       -0.059    24.648    u_pl/u_ang/angle_reg[3]
  -------------------------------------------------------------------
                         required time                         24.648    
                         arrival time                          -9.307    
  -------------------------------------------------------------------
                         slack                                 15.341    

Slack (MET) :             15.520ns  (required time - arrival time)
  Source:                 u_pl/u_ang/angle_reg[3]/C
                            (rising edge-triggered cell FDRE clocked by sys_clk  {rise@0.000ns fall@10.000ns period=20.000ns})
  Destination:            u_pl/u_ang/angle_reg[3]/D
                            (rising edge-triggered cell FDRE clocked by sys_clk  {rise@0.000ns fall@10.000ns period=20.000ns})
  Path Group:             sys_clk
  Path Type:              Setup (Max at Slow Process Corner)
  Requirement:            20.000ns  (sys_clk rise@20.000ns - sys_clk rise@0.000ns)
  Data Path Delay:        4.385ns  (logic 1.307ns (29.804%)  route 3.078ns (70.196%))
  Logic Levels:           5  (LUT5=2 LUT6=2 MUXF7=1)
  Clock Path Skew:        0.000ns (DCD - SCD + CPR)
    Destination Clock Delay (DCD):    4.400ns = ( 24.400 - 20.000 ) 
    Source Clock Delay      (SCD):    4.800ns
    Clock Pessimism Removal (CPR):    0.400ns
  Clock Uncertainty:      0.035ns  ((TSJ^2 + TIJ^2)^1/2 + DJ) / 2 + PE
    Total System Jitter     (TSJ):    0.071ns
    Total Input Jitter      (TIJ):    0.000ns
    Discrete Jitter          (DJ):    0.000ns
    Phase Error              (PE):    0.000ns

    Location             Delay type                Incr(ns)  Path(ns)    Netlist Resource(s)
  -------------------------------------------------------------------    -------------------
                         (clock sys_clk rise edge)    0.000     0.000 r  
    W17                                               0.000     0.000 r  sys_clk (IN)
                         net (fo=0)                   0.000     0.000    sys_clk
    W17                  IBUF (Prop_ibuf_I_O)         1.415     1.415 r  sys_clk_IBUF_inst/O
                         net (fo=1, routed)           1.873     3.288    sys_clk_IBUF
    BUFGCTRL_X0Y4        BUFG (Prop_bufg_I_O)         0.085     3.373 r  sys_clk_IBUF_BUFG_inst/O
                         net (fo=186, routed)         1.427     4.800    u_pl/u_ang/sys_clk_IBUF_BUFG
    SLICE_X61Y74         FDRE                                         r  u_pl/u_ang/angle_reg[3]/C
  -------------------------------------------------------------------    -------------------
    SLICE_X61Y74         FDRE (Prop_fdre_C_Q)         0.379     5.179 r  u_pl/u_ang/angle_reg[3]/Q
                         net (fo=162, routed)         0.776     5.955    u_pl/u_ang/angle_reg[3]_1
    SLICE_X63Y76         LUT5 (Prop_lut5_I2_O)        0.105     6.060 r  u_pl/u_ang/rot_s0_i_2/O
                         net (fo=5, routed)           0.482     6.542    u_pl/u_ang/rot_s0_i_2_n_0
    SLICE_X61Y76         LUT5 (Prop_lut5_I0_O)        0.126     6.668 r  u_pl/u_ang/rot_s0_i_1/O
                         net (fo=13, routed)          0.839     7.507    u_pl/u_ang/angle_reg[7]_4
    SLICE_X60Y74         LUT6 (Prop_lut6_I0_O)        0.267     7.774 r  u_pl/u_ang/angle[3]_i_9/O
                         net (fo=1, routed)           0.000     7.774    u_pl/u_ang/angle[3]_i_9_n_0
    SLICE_X60Y74         MUXF7 (Prop_muxf7_I0_O)      0.178     7.952 r  u_pl/u_ang/angle_reg[3]_i_5/O
                         net (fo=1, routed)           0.460     8.412    u_pl/u_ang/angle_reg[3]_i_5_n_0
    SLICE_X61Y74         LUT6 (Prop_lut6_I5_O)        0.252     8.664 r  u_pl/u_ang/angle[3]_i_1/O
                         net (fo=1, routed)           0.522     9.185    u_pl/u_ang/p_1_in__0[3]
    SLICE_X61Y74         FDRE                                         r  u_pl/u_ang/angle_reg[3]/D
  -------------------------------------------------------------------    -------------------

                         (clock sys_clk rise edge)   20.000    20.000 r  
    W17                                               0.000    20.000 r  sys_clk (IN)
                         net (fo=0)                   0.000    20.000    sys_clk
    W17                  IBUF (Prop_ibuf_I_O)         1.349    21.349 r  sys_clk_IBUF_inst/O
                         net (fo=1, routed)           1.701    23.050    sys_clk_IBUF
    BUFGCTRL_X0Y4        BUFG (Prop_bufg_I_O)         0.077    23.127 r  sys_clk_IBUF_BUFG_inst/O
                         net (fo=186, routed)         1.273    24.400    u_pl/u_ang/sys_clk_IBUF_BUFG
    SLICE_X61Y74         FDRE                                         r  u_pl/u_ang/angle_reg[3]/C
                         clock pessimism              0.400    24.800    
                         clock uncertainty           -0.035    24.765    
    SLICE_X61Y74         FDRE (Setup_fdre_C_D)       -0.059    24.706    u_pl/u_ang/angle_reg[3]
  -------------------------------------------------------------------
                         required time                         24.706    
                         arrival time                          -9.185    
  -------------------------------------------------------------------
                         slack                                 15.520    

Slack (MET) :             15.958ns  (required time - arrival time)
  Source:                 u_pl/u_ang/angle_reg[2]/C
                            (rising edge-triggered cell FDRE clocked by sys_clk  {rise@0.000ns fall@10.000ns period=20.000ns})
  Destination:            u_pl/u_ang/angle_reg[4]/D
                            (rising edge-triggered cell FDRE clocked by sys_clk  {rise@0.000ns fall@10.000ns period=20.000ns})
  Path Group:             sys_clk
  Path Type:              Setup (Max at Slow Process Corner)
  Requirement:            20.000ns  (sys_clk rise@20.000ns - sys_clk rise@0.000ns)
  Data Path Delay:        4.008ns  (logic 1.160ns (28.939%)  route 2.848ns (71.061%))
  Logic Levels:           5  (LUT5=2 LUT6=2 MUXF7=1)
  Clock Path Skew:        -0.058ns (DCD - SCD + CPR)
    Destination Clock Delay (DCD):    4.400ns = ( 24.400 - 20.000 ) 
    Source Clock Delay      (SCD):    4.800ns
    Clock Pessimism Removal (CPR):    0.342ns
  Clock Uncertainty:      0.035ns  ((TSJ^2 + TIJ^2)^1/2 + DJ) / 2 + PE
    Total System Jitter     (TSJ):    0.071ns
    Total Input Jitter      (TIJ):    0.000ns
    Discrete Jitter          (DJ):    0.000ns
    Phase Error              (PE):    0.000ns

    Location             Delay type                Incr(ns)  Path(ns)    Netlist Resource(s)
  -------------------------------------------------------------------    -------------------
                         (clock sys_clk rise edge)    0.000     0.000 r  
    W17                                               0.000     0.000 r  sys_clk (IN)
                         net (fo=0)                   0.000     0.000    sys_clk
    W17                  IBUF (Prop_ibuf_I_O)         1.415     1.415 r  sys_clk_IBUF_inst/O
                         net (fo=1, routed)           1.873     3.288    sys_clk_IBUF
    BUFGCTRL_X0Y4        BUFG (Prop_bufg_I_O)         0.085     3.373 r  sys_clk_IBUF_BUFG_inst/O
                         net (fo=186, routed)         1.427     4.800    u_pl/u_ang/sys_clk_IBUF_BUFG
    SLICE_X61Y74         FDRE                                         r  u_pl/u_ang/angle_reg[2]/C
  -------------------------------------------------------------------    -------------------
    SLICE_X61Y74         FDRE (Prop_fdre_C_Q)         0.379     5.179 r  u_pl/u_ang/angle_reg[2]/Q
                         net (fo=200, routed)         1.420     6.600    u_pl/u_ang/angle_reg_n_0_[2]
    SLICE_X63Y76         LUT5 (Prop_lut5_I1_O)        0.105     6.705 r  u_pl/u_ang/rot_s0_i_2/O
                         net (fo=5, routed)           0.482     7.187    u_pl/u_ang/rot_s0_i_2_n_0
    SLICE_X61Y76         LUT5 (Prop_lut5_I0_O)        0.126     7.313 r  u_pl/u_ang/rot_s0_i_1/O
                         net (fo=13, routed)          0.398     7.710    u_pl/u_ang/angle_reg[7]_4
    SLICE_X59Y75         LUT6 (Prop_lut6_I0_O)        0.267     7.977 r  u_pl/u_ang/angle[4]_i_4/O
                         net (fo=1, routed)           0.548     8.526    u_pl/u_ang/angle[4]_i_4_n_0
    SLICE_X60Y75         LUT6 (Prop_lut6_I0_O)        0.105     8.631 r  u_pl/u_ang/angle[4]_i_2/O
                         net (fo=1, routed)           0.000     8.631    u_pl/u_ang/angle[4]_i_2_n_0
    SLICE_X60Y75         MUXF7 (Prop_muxf7_I0_O)      0.178     8.809 r  u_pl/u_ang/angle_reg[4]_i_1/O
                         net (fo=1, routed)           0.000     8.809    u_pl/u_ang/p_1_in__0[4]
    SLICE_X60Y75         FDRE                                         r  u_pl/u_ang/angle_reg[4]/D
  -------------------------------------------------------------------    -------------------

                         (clock sys_clk rise edge)   20.000    20.000 r  
    W17                                               0.000    20.000 r  sys_clk (IN)
                         net (fo=0)                   0.000    20.000    sys_clk
    W17                  IBUF (Prop_ibuf_I_O)         1.349    21.349 r  sys_clk_IBUF_inst/O
                         net (fo=1, routed)           1.701    23.050    sys_clk_IBUF
    BUFGCTRL_X0Y4        BUFG (Prop_bufg_I_O)         0.077    23.127 r  sys_clk_IBUF_BUFG_inst/O
                         net (fo=186, routed)         1.273    24.400    u_pl/u_ang/sys_clk_IBUF_BUFG
    SLICE_X60Y75         FDRE                                         r  u_pl/u_ang/angle_reg[4]/C
                         clock pessimism              0.342    24.742    
                         clock uncertainty           -0.035    24.707    
    SLICE_X60Y75         FDRE (Setup_fdre_C_D)        0.060    24.767    u_pl/u_ang/angle_reg[4]
  -------------------------------------------------------------------
                         required time                         24.767    
                         arrival time                          -8.809    
  -------------------------------------------------------------------
                         slack                                 15.958    

Slack (MET) :             15.958ns  (required time - arrival time)
  Source:                 u_pl/u_ang/angle_reg[2]/C
                            (rising edge-triggered cell FDRE clocked by sys_clk  {rise@0.000ns fall@10.000ns period=20.000ns})
  Destination:            u_pl/u_ang/angle_reg[4]/D
                            (rising edge-triggered cell FDRE clocked by sys_clk  {rise@0.000ns fall@10.000ns period=20.000ns})
  Path Group:             sys_clk
  Path Type:              Setup (Max at Slow Process Corner)
  Requirement:            20.000ns  (sys_clk rise@20.000ns - sys_clk rise@0.000ns)
  Data Path Delay:        4.008ns  (logic 1.160ns (28.939%)  route 2.848ns (71.061%))
  Logic Levels:           5  (LUT5=2 LUT6=2 MUXF7=1)
  Clock Path Skew:        -0.058ns (DCD - SCD + CPR)
    Destination Clock Delay (DCD):    4.400ns = ( 24.400 - 20.000 ) 
    Source Clock Delay      (SCD):    4.800ns
    Clock Pessimism Removal (CPR):    0.342ns
  Clock Uncertainty:      0.035ns  ((TSJ^2 + TIJ^2)^1/2 + DJ) / 2 + PE
    Total System Jitter     (TSJ):    0.071ns
    Total Input Jitter      (TIJ):    0.000ns
    Discrete Jitter          (DJ):    0.000ns
    Phase Error              (PE):    0.000ns

    Location             Delay type                Incr(ns)  Path(ns)    Netlist Resource(s)
  -------------------------------------------------------------------    -------------------
                         (clock sys_clk rise edge)    0.000     0.000 r  
    W17                                               0.000     0.000 r  sys_clk (IN)
                         net (fo=0)                   0.000     0.000    sys_clk
    W17                  IBUF (Prop_ibuf_I_O)         1.415     1.415 r  sys_clk_IBUF_inst/O
                         net (fo=1, routed)           1.873     3.288    sys_clk_IBUF
    BUFGCTRL_X0Y4        BUFG (Prop_bufg_I_O)         0.085     3.373 r  sys_clk_IBUF_BUFG_inst/O
                         net (fo=186, routed)         1.427     4.800    u_pl/u_ang/sys_clk_IBUF_BUFG
    SLICE_X61Y74         FDRE                                         r  u_pl/u_ang/angle_reg[2]/C
  -------------------------------------------------------------------    -------------------
    SLICE_X61Y74         FDRE (Prop_fdre_C_Q)         0.379     5.179 f  u_pl/u_ang/angle_reg[2]/Q
                         net (fo=200, routed)         1.420     6.600    u_pl/u_ang/angle_reg_n_0_[2]
    SLICE_X63Y76         LUT5 (Prop_lut5_I1_O)        0.105     6.705 f  u_pl/u_ang/rot_s0_i_2/O
                         net (fo=5, routed)           0.482     7.187    u_pl/u_ang/rot_s0_i_2_n_0
    SLICE_X61Y76         LUT5 (Prop_lut5_I0_O)        0.126     7.313 f  u_pl/u_ang/rot_s0_i_1/O
                         net (fo=13, routed)          0.398     7.710    u_pl/u_ang/angle_reg[7]_4
    SLICE_X59Y75         LUT6 (Prop_lut6_I0_O)        0.267     7.977 f  u_pl/u_ang/angle[4]_i_4/O
                         net (fo=1, routed)           0.548     8.526    u_pl/u_ang/angle[4]_i_4_n_0
    SLICE_X60Y75         LUT6 (Prop_lut6_I0_O)        0.105     8.631 f  u_pl/u_ang/angle[4]_i_2/O
                         net (fo=1, routed)           0.000     8.631    u_pl/u_ang/angle[4]_i_2_n_0
    SLICE_X60Y75         MUXF7 (Prop_muxf7_I0_O)      0.178     8.809 f  u_pl/u_ang/angle_reg[4]_i_1/O
                         net (fo=1, routed)           0.000     8.809    u_pl/u_ang/p_1_in__0[4]
    SLICE_X60Y75         FDRE                                         f  u_pl/u_ang/angle_reg[4]/D
  -------------------------------------------------------------------    -------------------

                         (clock sys_clk rise edge)   20.000    20.000 r  
    W17                                               0.000    20.000 r  sys_clk (IN)
                         net (fo=0)                   0.000    20.000    sys_clk
    W17                  IBUF (Prop_ibuf_I_O)         1.349    21.349 r  sys_clk_IBUF_inst/O
                         net (fo=1, routed)           1.701    23.050    sys_clk_IBUF
    BUFGCTRL_X0Y4        BUFG (Prop_bufg_I_O)         0.077    23.127 r  sys_clk_IBUF_BUFG_inst/O
                         net (fo=186, routed)         1.273    24.400    u_pl/u_ang/sys_clk_IBUF_BUFG
    SLICE_X60Y75         FDRE                                         r  u_pl/u_ang/angle_reg[4]/C
                         clock pessimism              0.342    24.742    
                         clock uncertainty           -0.035    24.707    
    SLICE_X60Y75         FDRE (Setup_fdre_C_D)        0.060    24.767    u_pl/u_ang/angle_reg[4]
  -------------------------------------------------------------------
                         required time                         24.767    
                         arrival time                          -8.809    
  -------------------------------------------------------------------
                         slack                                 15.958    

Slack (MET) :             15.973ns  (required time - arrival time)
  Source:                 u_pl/u_k2/cnt_reg[15]/C
                            (rising edge-triggered cell FDRE clocked by sys_clk  {rise@0.000ns fall@10.000ns period=20.000ns})
  Destination:            u_pl/u_k2/cnt_reg[0]/CE
                            (rising edge-triggered cell FDRE clocked by sys_clk  {rise@0.000ns fall@10.000ns period=20.000ns})
  Path Group:             sys_clk
  Path Type:              Setup (Max at Slow Process Corner)
  Requirement:            20.000ns  (sys_clk rise@20.000ns - sys_clk rise@0.000ns)
  Data Path Delay:        3.799ns  (logic 0.840ns (22.112%)  route 2.959ns (77.888%))
  Logic Levels:           3  (LUT4=1 LUT5=1 LUT6=1)
  Clock Path Skew:        -0.057ns (DCD - SCD + CPR)
    Destination Clock Delay (DCD):    4.409ns = ( 24.409 - 20.000 ) 
    Source Clock Delay      (SCD):    4.808ns
    Clock Pessimism Removal (CPR):    0.342ns
  Clock Uncertainty:      0.035ns  ((TSJ^2 + TIJ^2)^1/2 + DJ) / 2 + PE
    Total System Jitter     (TSJ):    0.071ns
    Total Input Jitter      (TIJ):    0.000ns
    Discrete Jitter          (DJ):    0.000ns
    Phase Error              (PE):    0.000ns

    Location             Delay type                Incr(ns)  Path(ns)    Netlist Resource(s)
  -------------------------------------------------------------------    -------------------
                         (clock sys_clk rise edge)    0.000     0.000 r  
    W17                                               0.000     0.000 r  sys_clk (IN)
                         net (fo=0)                   0.000     0.000    sys_clk
    W17                  IBUF (Prop_ibuf_I_O)         1.415     1.415 r  sys_clk_IBUF_inst/O
                         net (fo=1, routed)           1.873     3.288    sys_clk_IBUF
    BUFGCTRL_X0Y4        BUFG (Prop_bufg_I_O)         0.085     3.373 r  sys_clk_IBUF_BUFG_inst/O
                         net (fo=186, routed)         1.435     4.808    u_pl/u_k2/sys_clk_IBUF_BUFG
    SLICE_X82Y76         FDRE                                         r  u_pl/u_k2/cnt_reg[15]/C
  -------------------------------------------------------------------    -------------------
    SLICE_X82Y76         FDRE (Prop_fdre_C_Q)         0.398     5.206 r  u_pl/u_k2/cnt_reg[15]/Q
                         net (fo=3, routed)           1.166     6.372    u_pl/u_k2/cnt[15]
    SLICE_X84Y75         LUT4 (Prop_lut4_I3_O)        0.232     6.604 r  u_pl/u_k2/cnt[20]_i_6__0/O
                         net (fo=1, routed)           0.690     7.294    u_pl/u_k2/cnt[20]_i_6__0_n_0
    SLICE_X82Y74         LUT6 (Prop_lut6_I0_O)        0.105     7.399 r  u_pl/u_k2/cnt[20]_i_3__0/O
                         net (fo=1, routed)           0.677     8.077    u_pl/u_k2/cnt[20]_i_3__0_n_0
    SLICE_X82Y75         LUT5 (Prop_lut5_I0_O)        0.105     8.182 r  u_pl/u_k2/cnt[20]_i_1/O
                         net (fo=21, routed)          0.425     8.607    u_pl/u_k2/cnt[20]_i_1_n_0
    SLICE_X82Y73         FDRE                                         r  u_pl/u_k2/cnt_reg[0]/CE
  -------------------------------------------------------------------    -------------------

                         (clock sys_clk rise edge)   20.000    20.000 r  
    W17                                               0.000    20.000 r  sys_clk (IN)
                         net (fo=0)                   0.000    20.000    sys_clk
    W17                  IBUF (Prop_ibuf_I_O)         1.349    21.349 r  sys_clk_IBUF_inst/O
                         net (fo=1, routed)           1.701    23.050    sys_clk_IBUF
    BUFGCTRL_X0Y4        BUFG (Prop_bufg_I_O)         0.077    23.127 r  sys_clk_IBUF_BUFG_inst/O
                         net (fo=186, routed)         1.282    24.409    u_pl/u_k2/sys_clk_IBUF_BUFG
    SLICE_X82Y73         FDRE                                         r  u_pl/u_k2/cnt_reg[0]/C
                         clock pessimism              0.342    24.751    
                         clock uncertainty           -0.035    24.716    
    SLICE_X82Y73         FDRE (Setup_fdre_C_CE)      -0.136    24.580    u_pl/u_k2/cnt_reg[0]
  -------------------------------------------------------------------
                         required time                         24.580    
                         arrival time                          -8.607    
  -------------------------------------------------------------------
                         slack                                 15.973    

Slack (MET) :             15.973ns  (required time - arrival time)
  Source:                 u_pl/u_k2/cnt_reg[15]/C
                            (rising edge-triggered cell FDRE clocked by sys_clk  {rise@0.000ns fall@10.000ns period=20.000ns})
  Destination:            u_pl/u_k2/cnt_reg[0]/CE
                            (rising edge-triggered cell FDRE clocked by sys_clk  {rise@0.000ns fall@10.000ns period=20.000ns})
  Path Group:             sys_clk
  Path Type:              Setup (Max at Slow Process Corner)
  Requirement:            20.000ns  (sys_clk rise@20.000ns - sys_clk rise@0.000ns)
  Data Path Delay:        3.799ns  (logic 0.840ns (22.112%)  route 2.959ns (77.888%))
  Logic Levels:           3  (LUT4=1 LUT5=1 LUT6=1)
  Clock Path Skew:        -0.057ns (DCD - SCD + CPR)
    Destination Clock Delay (DCD):    4.409ns = ( 24.409 - 20.000 ) 
    Source Clock Delay      (SCD):    4.808ns
    Clock Pessimism Removal (CPR):    0.342ns
  Clock Uncertainty:      0.035ns  ((TSJ^2 + TIJ^2)^1/2 + DJ) / 2 + PE
    Total System Jitter     (TSJ):    0.071ns
    Total Input Jitter      (TIJ):    0.000ns
    Discrete Jitter          (DJ):    0.000ns
    Phase Error              (PE):    0.000ns

    Location             Delay type                Incr(ns)  Path(ns)    Netlist Resource(s)
  -------------------------------------------------------------------    -------------------
                         (clock sys_clk rise edge)    0.000     0.000 r  
    W17                                               0.000     0.000 r  sys_clk (IN)
                         net (fo=0)                   0.000     0.000    sys_clk
    W17                  IBUF (Prop_ibuf_I_O)         1.415     1.415 r  sys_clk_IBUF_inst/O
                         net (fo=1, routed)           1.873     3.288    sys_clk_IBUF
    BUFGCTRL_X0Y4        BUFG (Prop_bufg_I_O)         0.085     3.373 r  sys_clk_IBUF_BUFG_inst/O
                         net (fo=186, routed)         1.435     4.808    u_pl/u_k2/sys_clk_IBUF_BUFG
    SLICE_X82Y76         FDRE                                         r  u_pl/u_k2/cnt_reg[15]/C
  -------------------------------------------------------------------    -------------------
    SLICE_X82Y76         FDRE (Prop_fdre_C_Q)         0.398     5.206 f  u_pl/u_k2/cnt_reg[15]/Q
                         net (fo=3, routed)           1.166     6.372    u_pl/u_k2/cnt[15]
    SLICE_X84Y75         LUT4 (Prop_lut4_I3_O)        0.232     6.604 f  u_pl/u_k2/cnt[20]_i_6__0/O
                         net (fo=1, routed)           0.690     7.294    u_pl/u_k2/cnt[20]_i_6__0_n_0
    SLICE_X82Y74         LUT6 (Prop_lut6_I0_O)        0.105     7.399 f  u_pl/u_k2/cnt[20]_i_3__0/O
                         net (fo=1, routed)           0.677     8.077    u_pl/u_k2/cnt[20]_i_3__0_n_0
    SLICE_X82Y75         LUT5 (Prop_lut5_I0_O)        0.105     8.182 f  u_pl/u_k2/cnt[20]_i_1/O
                         net (fo=21, routed)          0.425     8.607    u_pl/u_k2/cnt[20]_i_1_n_0
    SLICE_X82Y73         FDRE                                         f  u_pl/u_k2/cnt_reg[0]/CE
  -------------------------------------------------------------------    -------------------

                         (clock sys_clk rise edge)   20.000    20.000 r  
    W17                                               0.000    20.000 r  sys_clk (IN)
                         net (fo=0)                   0.000    20.000    sys_clk
    W17                  IBUF (Prop_ibuf_I_O)         1.349    21.349 r  sys_clk_IBUF_inst/O
                         net (fo=1, routed)           1.701    23.050    sys_clk_IBUF
    BUFGCTRL_X0Y4        BUFG (Prop_bufg_I_O)         0.077    23.127 r  sys_clk_IBUF_BUFG_inst/O
                         net (fo=186, routed)         1.282    24.409    u_pl/u_k2/sys_clk_IBUF_BUFG
    SLICE_X82Y73         FDRE                                         r  u_pl/u_k2/cnt_reg[0]/C
                         clock pessimism              0.342    24.751    
                         clock uncertainty           -0.035    24.716    
    SLICE_X82Y73         FDRE (Setup_fdre_C_CE)      -0.136    24.580    u_pl/u_k2/cnt_reg[0]
  -------------------------------------------------------------------
                         required time                         24.580    
                         arrival time                          -8.607    
  -------------------------------------------------------------------
                         slack                                 15.973    

Slack (MET) :             15.973ns  (required time - arrival time)
  Source:                 u_pl/u_k2/cnt_reg[15]/C
                            (rising edge-triggered cell FDRE clocked by sys_clk  {rise@0.000ns fall@10.000ns period=20.000ns})
  Destination:            u_pl/u_k2/cnt_reg[1]/CE
                            (rising edge-triggered cell FDRE clocked by sys_clk  {rise@0.000ns fall@10.000ns period=20.000ns})
  Path Group:             sys_clk
  Path Type:              Setup (Max at Slow Process Corner)
  Requirement:            20.000ns  (sys_clk rise@20.000ns - sys_clk rise@0.000ns)
  Data Path Delay:        3.799ns  (logic 0.840ns (22.112%)  route 2.959ns (77.888%))
  Logic Levels:           3  (LUT4=1 LUT5=1 LUT6=1)
  Clock Path Skew:        -0.057ns (DCD - SCD + CPR)
    Destination Clock Delay (DCD):    4.409ns = ( 24.409 - 20.000 ) 
    Source Clock Delay      (SCD):    4.808ns
    Clock Pessimism Removal (CPR):    0.342ns
  Clock Uncertainty:      0.035ns  ((TSJ^2 + TIJ^2)^1/2 + DJ) / 2 + PE
    Total System Jitter     (TSJ):    0.071ns
    Total Input Jitter      (TIJ):    0.000ns
    Discrete Jitter          (DJ):    0.000ns
    Phase Error              (PE):    0.000ns

    Location             Delay type                Incr(ns)  Path(ns)    Netlist Resource(s)
  -------------------------------------------------------------------    -------------------
                         (clock sys_clk rise edge)    0.000     0.000 r  
    W17                                               0.000     0.000 r  sys_clk (IN)
                         net (fo=0)                   0.000     0.000    sys_clk
    W17                  IBUF (Prop_ibuf_I_O)         1.415     1.415 r  sys_clk_IBUF_inst/O
                         net (fo=1, routed)           1.873     3.288    sys_clk_IBUF
    BUFGCTRL_X0Y4        BUFG (Prop_bufg_I_O)         0.085     3.373 r  sys_clk_IBUF_BUFG_inst/O
                         net (fo=186, routed)         1.435     4.808    u_pl/u_k2/sys_clk_IBUF_BUFG
    SLICE_X82Y76         FDRE                                         r  u_pl/u_k2/cnt_reg[15]/C
  -------------------------------------------------------------------    -------------------
    SLICE_X82Y76         FDRE (Prop_fdre_C_Q)         0.398     5.206 r  u_pl/u_k2/cnt_reg[15]/Q
                         net (fo=3, routed)           1.166     6.372    u_pl/u_k2/cnt[15]
    SLICE_X84Y75         LUT4 (Prop_lut4_I3_O)        0.232     6.604 r  u_pl/u_k2/cnt[20]_i_6__0/O
                         net (fo=1, routed)           0.690     7.294    u_pl/u_k2/cnt[20]_i_6__0_n_0
    SLICE_X82Y74         LUT6 (Prop_lut6_I0_O)        0.105     7.399 r  u_pl/u_k2/cnt[20]_i_3__0/O
                         net (fo=1, routed)           0.677     8.077    u_pl/u_k2/cnt[20]_i_3__0_n_0
    SLICE_X82Y75         LUT5 (Prop_lut5_I0_O)        0.105     8.182 r  u_pl/u_k2/cnt[20]_i_1/O
                         net (fo=21, routed)          0.425     8.607    u_pl/u_k2/cnt[20]_i_1_n_0
    SLICE_X82Y73         FDRE                                         r  u_pl/u_k2/cnt_reg[1]/CE
  -------------------------------------------------------------------    -------------------

                         (clock sys_clk rise edge)   20.000    20.000 r  
    W17                                               0.000    20.000 r  sys_clk (IN)
                         net (fo=0)                   0.000    20.000    sys_clk
    W17                  IBUF (Prop_ibuf_I_O)         1.349    21.349 r  sys_clk_IBUF_inst/O
                         net (fo=1, routed)           1.701    23.050    sys_clk_IBUF
    BUFGCTRL_X0Y4        BUFG (Prop_bufg_I_O)         0.077    23.127 r  sys_clk_IBUF_BUFG_inst/O
                         net (fo=186, routed)         1.282    24.409    u_pl/u_k2/sys_clk_IBUF_BUFG
    SLICE_X82Y73         FDRE                                         r  u_pl/u_k2/cnt_reg[1]/C
                         clock pessimism              0.342    24.751    
                         clock uncertainty           -0.035    24.716    
    SLICE_X82Y73         FDRE (Setup_fdre_C_CE)      -0.136    24.580    u_pl/u_k2/cnt_reg[1]
  -------------------------------------------------------------------
                         required time                         24.580    
                         arrival time                          -8.607    
  -------------------------------------------------------------------
                         slack                                 15.973    

Slack (MET) :             15.973ns  (required time - arrival time)
  Source:                 u_pl/u_k2/cnt_reg[15]/C
                            (rising edge-triggered cell FDRE clocked by sys_clk  {rise@0.000ns fall@10.000ns period=20.000ns})
  Destination:            u_pl/u_k2/cnt_reg[1]/CE
                            (rising edge-triggered cell FDRE clocked by sys_clk  {rise@0.000ns fall@10.000ns period=20.000ns})
  Path Group:             sys_clk
  Path Type:              Setup (Max at Slow Process Corner)
  Requirement:            20.000ns  (sys_clk rise@20.000ns - sys_clk rise@0.000ns)
  Data Path Delay:        3.799ns  (logic 0.840ns (22.112%)  route 2.959ns (77.888%))
  Logic Levels:           3  (LUT4=1 LUT5=1 LUT6=1)
  Clock Path Skew:        -0.057ns (DCD - SCD + CPR)
    Destination Clock Delay (DCD):    4.409ns = ( 24.409 - 20.000 ) 
    Source Clock Delay      (SCD):    4.808ns
    Clock Pessimism Removal (CPR):    0.342ns
  Clock Uncertainty:      0.035ns  ((TSJ^2 + TIJ^2)^1/2 + DJ) / 2 + PE
    Total System Jitter     (TSJ):    0.071ns
    Total Input Jitter      (TIJ):    0.000ns
    Discrete Jitter          (DJ):    0.000ns
    Phase Error              (PE):    0.000ns

    Location             Delay type                Incr(ns)  Path(ns)    Netlist Resource(s)
  -------------------------------------------------------------------    -------------------
                         (clock sys_clk rise edge)    0.000     0.000 r  
    W17                                               0.000     0.000 r  sys_clk (IN)
                         net (fo=0)                   0.000     0.000    sys_clk
    W17                  IBUF (Prop_ibuf_I_O)         1.415     1.415 r  sys_clk_IBUF_inst/O
                         net (fo=1, routed)           1.873     3.288    sys_clk_IBUF
    BUFGCTRL_X0Y4        BUFG (Prop_bufg_I_O)         0.085     3.373 r  sys_clk_IBUF_BUFG_inst/O
                         net (fo=186, routed)         1.435     4.808    u_pl/u_k2/sys_clk_IBUF_BUFG
    SLICE_X82Y76         FDRE                                         r  u_pl/u_k2/cnt_reg[15]/C
  -------------------------------------------------------------------    -------------------
    SLICE_X82Y76         FDRE (Prop_fdre_C_Q)         0.398     5.206 f  u_pl/u_k2/cnt_reg[15]/Q
                         net (fo=3, routed)           1.166     6.372    u_pl/u_k2/cnt[15]
    SLICE_X84Y75         LUT4 (Prop_lut4_I3_O)        0.232     6.604 f  u_pl/u_k2/cnt[20]_i_6__0/O
                         net (fo=1, routed)           0.690     7.294    u_pl/u_k2/cnt[20]_i_6__0_n_0
    SLICE_X82Y74         LUT6 (Prop_lut6_I0_O)        0.105     7.399 f  u_pl/u_k2/cnt[20]_i_3__0/O
                         net (fo=1, routed)           0.677     8.077    u_pl/u_k2/cnt[20]_i_3__0_n_0
    SLICE_X82Y75         LUT5 (Prop_lut5_I0_O)        0.105     8.182 f  u_pl/u_k2/cnt[20]_i_1/O
                         net (fo=21, routed)          0.425     8.607    u_pl/u_k2/cnt[20]_i_1_n_0
    SLICE_X82Y73         FDRE                                         f  u_pl/u_k2/cnt_reg[1]/CE
  -------------------------------------------------------------------    -------------------

                         (clock sys_clk rise edge)   20.000    20.000 r  
    W17                                               0.000    20.000 r  sys_clk (IN)
                         net (fo=0)                   0.000    20.000    sys_clk
    W17                  IBUF (Prop_ibuf_I_O)         1.349    21.349 r  sys_clk_IBUF_inst/O
                         net (fo=1, routed)           1.701    23.050    sys_clk_IBUF
    BUFGCTRL_X0Y4        BUFG (Prop_bufg_I_O)         0.077    23.127 r  sys_clk_IBUF_BUFG_inst/O
                         net (fo=186, routed)         1.282    24.409    u_pl/u_k2/sys_clk_IBUF_BUFG
    SLICE_X82Y73         FDRE                                         r  u_pl/u_k2/cnt_reg[1]/C
                         clock pessimism              0.342    24.751    
                         clock uncertainty           -0.035    24.716    
    SLICE_X82Y73         FDRE (Setup_fdre_C_CE)      -0.136    24.580    u_pl/u_k2/cnt_reg[1]
  -------------------------------------------------------------------
                         required time                         24.580    
                         arrival time                          -8.607    
  -------------------------------------------------------------------
                         slack                                 15.973    

Slack (MET) :             15.973ns  (required time - arrival time)
  Source:                 u_pl/u_k2/cnt_reg[15]/C
                            (rising edge-triggered cell FDRE clocked by sys_clk  {rise@0.000ns fall@10.000ns period=20.000ns})
  Destination:            u_pl/u_k2/cnt_reg[2]/CE
                            (rising edge-triggered cell FDRE clocked by sys_clk  {rise@0.000ns fall@10.000ns period=20.000ns})
  Path Group:             sys_clk
  Path Type:              Setup (Max at Slow Process Corner)
  Requirement:            20.000ns  (sys_clk rise@20.000ns - sys_clk rise@0.000ns)
  Data Path Delay:        3.799ns  (logic 0.840ns (22.112%)  route 2.959ns (77.888%))
  Logic Levels:           3  (LUT4=1 LUT5=1 LUT6=1)
  Clock Path Skew:        -0.057ns (DCD - SCD + CPR)
    Destination Clock Delay (DCD):    4.409ns = ( 24.409 - 20.000 ) 
    Source Clock Delay      (SCD):    4.808ns
    Clock Pessimism Removal (CPR):    0.342ns
  Clock Uncertainty:      0.035ns  ((TSJ^2 + TIJ^2)^1/2 + DJ) / 2 + PE
    Total System Jitter     (TSJ):    0.071ns
    Total Input Jitter      (TIJ):    0.000ns
    Discrete Jitter          (DJ):    0.000ns
    Phase Error              (PE):    0.000ns

    Location             Delay type                Incr(ns)  Path(ns)    Netlist Resource(s)
  -------------------------------------------------------------------    -------------------
                         (clock sys_clk rise edge)    0.000     0.000 r  
    W17                                               0.000     0.000 r  sys_clk (IN)
                         net (fo=0)                   0.000     0.000    sys_clk
    W17                  IBUF (Prop_ibuf_I_O)         1.415     1.415 r  sys_clk_IBUF_inst/O
                         net (fo=1, routed)           1.873     3.288    sys_clk_IBUF
    BUFGCTRL_X0Y4        BUFG (Prop_bufg_I_O)         0.085     3.373 r  sys_clk_IBUF_BUFG_inst/O
                         net (fo=186, routed)         1.435     4.808    u_pl/u_k2/sys_clk_IBUF_BUFG
    SLICE_X82Y76         FDRE                                         r  u_pl/u_k2/cnt_reg[15]/C
  -------------------------------------------------------------------    -------------------
    SLICE_X82Y76         FDRE (Prop_fdre_C_Q)         0.398     5.206 r  u_pl/u_k2/cnt_reg[15]/Q
                         net (fo=3, routed)           1.166     6.372    u_pl/u_k2/cnt[15]
    SLICE_X84Y75         LUT4 (Prop_lut4_I3_O)        0.232     6.604 r  u_pl/u_k2/cnt[20]_i_6__0/O
                         net (fo=1, routed)           0.690     7.294    u_pl/u_k2/cnt[20]_i_6__0_n_0
    SLICE_X82Y74         LUT6 (Prop_lut6_I0_O)        0.105     7.399 r  u_pl/u_k2/cnt[20]_i_3__0/O
                         net (fo=1, routed)           0.677     8.077    u_pl/u_k2/cnt[20]_i_3__0_n_0
    SLICE_X82Y75         LUT5 (Prop_lut5_I0_O)        0.105     8.182 r  u_pl/u_k2/cnt[20]_i_1/O
                         net (fo=21, routed)          0.425     8.607    u_pl/u_k2/cnt[20]_i_1_n_0
    SLICE_X82Y73         FDRE                                         r  u_pl/u_k2/cnt_reg[2]/CE
  -------------------------------------------------------------------    -------------------

                         (clock sys_clk rise edge)   20.000    20.000 r  
    W17                                               0.000    20.000 r  sys_clk (IN)
                         net (fo=0)                   0.000    20.000    sys_clk
    W17                  IBUF (Prop_ibuf_I_O)         1.349    21.349 r  sys_clk_IBUF_inst/O
                         net (fo=1, routed)           1.701    23.050    sys_clk_IBUF
    BUFGCTRL_X0Y4        BUFG (Prop_bufg_I_O)         0.077    23.127 r  sys_clk_IBUF_BUFG_inst/O
                         net (fo=186, routed)         1.282    24.409    u_pl/u_k2/sys_clk_IBUF_BUFG
    SLICE_X82Y73         FDRE                                         r  u_pl/u_k2/cnt_reg[2]/C
                         clock pessimism              0.342    24.751    
                         clock uncertainty           -0.035    24.716    
    SLICE_X82Y73         FDRE (Setup_fdre_C_CE)      -0.136    24.580    u_pl/u_k2/cnt_reg[2]
  -------------------------------------------------------------------
                         required time                         24.580    
                         arrival time                          -8.607    
  -------------------------------------------------------------------
                         slack                                 15.973    

Slack (MET) :             15.973ns  (required time - arrival time)
  Source:                 u_pl/u_k2/cnt_reg[15]/C
                            (rising edge-triggered cell FDRE clocked by sys_clk  {rise@0.000ns fall@10.000ns period=20.000ns})
  Destination:            u_pl/u_k2/cnt_reg[2]/CE
                            (rising edge-triggered cell FDRE clocked by sys_clk  {rise@0.000ns fall@10.000ns period=20.000ns})
  Path Group:             sys_clk
  Path Type:              Setup (Max at Slow Process Corner)
  Requirement:            20.000ns  (sys_clk rise@20.000ns - sys_clk rise@0.000ns)
  Data Path Delay:        3.799ns  (logic 0.840ns (22.112%)  route 2.959ns (77.888%))
  Logic Levels:           3  (LUT4=1 LUT5=1 LUT6=1)
  Clock Path Skew:        -0.057ns (DCD - SCD + CPR)
    Destination Clock Delay (DCD):    4.409ns = ( 24.409 - 20.000 ) 
    Source Clock Delay      (SCD):    4.808ns
    Clock Pessimism Removal (CPR):    0.342ns
  Clock Uncertainty:      0.035ns  ((TSJ^2 + TIJ^2)^1/2 + DJ) / 2 + PE
    Total System Jitter     (TSJ):    0.071ns
    Total Input Jitter      (TIJ):    0.000ns
    Discrete Jitter          (DJ):    0.000ns
    Phase Error              (PE):    0.000ns

    Location             Delay type                Incr(ns)  Path(ns)    Netlist Resource(s)
  -------------------------------------------------------------------    -------------------
                         (clock sys_clk rise edge)    0.000     0.000 r  
    W17                                               0.000     0.000 r  sys_clk (IN)
                         net (fo=0)                   0.000     0.000    sys_clk
    W17                  IBUF (Prop_ibuf_I_O)         1.415     1.415 r  sys_clk_IBUF_inst/O
                         net (fo=1, routed)           1.873     3.288    sys_clk_IBUF
    BUFGCTRL_X0Y4        BUFG (Prop_bufg_I_O)         0.085     3.373 r  sys_clk_IBUF_BUFG_inst/O
                         net (fo=186, routed)         1.435     4.808    u_pl/u_k2/sys_clk_IBUF_BUFG
    SLICE_X82Y76         FDRE                                         r  u_pl/u_k2/cnt_reg[15]/C
  -------------------------------------------------------------------    -------------------
    SLICE_X82Y76         FDRE (Prop_fdre_C_Q)         0.398     5.206 f  u_pl/u_k2/cnt_reg[15]/Q
                         net (fo=3, routed)           1.166     6.372    u_pl/u_k2/cnt[15]
    SLICE_X84Y75         LUT4 (Prop_lut4_I3_O)        0.232     6.604 f  u_pl/u_k2/cnt[20]_i_6__0/O
                         net (fo=1, routed)           0.690     7.294    u_pl/u_k2/cnt[20]_i_6__0_n_0
    SLICE_X82Y74         LUT6 (Prop_lut6_I0_O)        0.105     7.399 f  u_pl/u_k2/cnt[20]_i_3__0/O
                         net (fo=1, routed)           0.677     8.077    u_pl/u_k2/cnt[20]_i_3__0_n_0
    SLICE_X82Y75         LUT5 (Prop_lut5_I0_O)        0.105     8.182 f  u_pl/u_k2/cnt[20]_i_1/O
                         net (fo=21, routed)          0.425     8.607    u_pl/u_k2/cnt[20]_i_1_n_0
    SLICE_X82Y73         FDRE                                         f  u_pl/u_k2/cnt_reg[2]/CE
  -------------------------------------------------------------------    -------------------

                         (clock sys_clk rise edge)   20.000    20.000 r  
    W17                                               0.000    20.000 r  sys_clk (IN)
                         net (fo=0)                   0.000    20.000    sys_clk
    W17                  IBUF (Prop_ibuf_I_O)         1.349    21.349 r  sys_clk_IBUF_inst/O
                         net (fo=1, routed)           1.701    23.050    sys_clk_IBUF
    BUFGCTRL_X0Y4        BUFG (Prop_bufg_I_O)         0.077    23.127 r  sys_clk_IBUF_BUFG_inst/O
                         net (fo=186, routed)         1.282    24.409    u_pl/u_k2/sys_clk_IBUF_BUFG
    SLICE_X82Y73         FDRE                                         r  u_pl/u_k2/cnt_reg[2]/C
                         clock pessimism              0.342    24.751    
                         clock uncertainty           -0.035    24.716    
    SLICE_X82Y73         FDRE (Setup_fdre_C_CE)      -0.136    24.580    u_pl/u_k2/cnt_reg[2]
  -------------------------------------------------------------------
                         required time                         24.580    
                         arrival time                          -8.607    
  -------------------------------------------------------------------
                         slack                                 15.973    

Slack (MET) :             15.973ns  (required time - arrival time)
  Source:                 u_pl/u_k2/cnt_reg[15]/C
                            (rising edge-triggered cell FDRE clocked by sys_clk  {rise@0.000ns fall@10.000ns period=20.000ns})
  Destination:            u_pl/u_k2/cnt_reg[3]/CE
                            (rising edge-triggered cell FDRE clocked by sys_clk  {rise@0.000ns fall@10.000ns period=20.000ns})
  Path Group:             sys_clk
  Path Type:              Setup (Max at Slow Process Corner)
  Requirement:            20.000ns  (sys_clk rise@20.000ns - sys_clk rise@0.000ns)
  Data Path Delay:        3.799ns  (logic 0.840ns (22.112%)  route 2.959ns (77.888%))
  Logic Levels:           3  (LUT4=1 LUT5=1 LUT6=1)
  Clock Path Skew:        -0.057ns (DCD - SCD + CPR)
    Destination Clock Delay (DCD):    4.409ns = ( 24.409 - 20.000 ) 
    Source Clock Delay      (SCD):    4.808ns
    Clock Pessimism Removal (CPR):    0.342ns
  Clock Uncertainty:      0.035ns  ((TSJ^2 + TIJ^2)^1/2 + DJ) / 2 + PE
    Total System Jitter     (TSJ):    0.071ns
    Total Input Jitter      (TIJ):    0.000ns
    Discrete Jitter          (DJ):    0.000ns
    Phase Error              (PE):    0.000ns

    Location             Delay type                Incr(ns)  Path(ns)    Netlist Resource(s)
  -------------------------------------------------------------------    -------------------
                         (clock sys_clk rise edge)    0.000     0.000 r  
    W17                                               0.000     0.000 r  sys_clk (IN)
                         net (fo=0)                   0.000     0.000    sys_clk
    W17                  IBUF (Prop_ibuf_I_O)         1.415     1.415 r  sys_clk_IBUF_inst/O
                         net (fo=1, routed)           1.873     3.288    sys_clk_IBUF
    BUFGCTRL_X0Y4        BUFG (Prop_bufg_I_O)         0.085     3.373 r  sys_clk_IBUF_BUFG_inst/O
                         net (fo=186, routed)         1.435     4.808    u_pl/u_k2/sys_clk_IBUF_BUFG
    SLICE_X82Y76         FDRE                                         r  u_pl/u_k2/cnt_reg[15]/C
  -------------------------------------------------------------------    -------------------
    SLICE_X82Y76         FDRE (Prop_fdre_C_Q)         0.398     5.206 r  u_pl/u_k2/cnt_reg[15]/Q
                         net (fo=3, routed)           1.166     6.372    u_pl/u_k2/cnt[15]
    SLICE_X84Y75         LUT4 (Prop_lut4_I3_O)        0.232     6.604 r  u_pl/u_k2/cnt[20]_i_6__0/O
                         net (fo=1, routed)           0.690     7.294    u_pl/u_k2/cnt[20]_i_6__0_n_0
    SLICE_X82Y74         LUT6 (Prop_lut6_I0_O)        0.105     7.399 r  u_pl/u_k2/cnt[20]_i_3__0/O
                         net (fo=1, routed)           0.677     8.077    u_pl/u_k2/cnt[20]_i_3__0_n_0
    SLICE_X82Y75         LUT5 (Prop_lut5_I0_O)        0.105     8.182 r  u_pl/u_k2/cnt[20]_i_1/O
                         net (fo=21, routed)          0.425     8.607    u_pl/u_k2/cnt[20]_i_1_n_0
    SLICE_X82Y73         FDRE                                         r  u_pl/u_k2/cnt_reg[3]/CE
  -------------------------------------------------------------------    -------------------

                         (clock sys_clk rise edge)   20.000    20.000 r  
    W17                                               0.000    20.000 r  sys_clk (IN)
                         net (fo=0)                   0.000    20.000    sys_clk
    W17                  IBUF (Prop_ibuf_I_O)         1.349    21.349 r  sys_clk_IBUF_inst/O
                         net (fo=1, routed)           1.701    23.050    sys_clk_IBUF
    BUFGCTRL_X0Y4        BUFG (Prop_bufg_I_O)         0.077    23.127 r  sys_clk_IBUF_BUFG_inst/O
                         net (fo=186, routed)         1.282    24.409    u_pl/u_k2/sys_clk_IBUF_BUFG
    SLICE_X82Y73         FDRE                                         r  u_pl/u_k2/cnt_reg[3]/C
                         clock pessimism              0.342    24.751    
                         clock uncertainty           -0.035    24.716    
    SLICE_X82Y73         FDRE (Setup_fdre_C_CE)      -0.136    24.580    u_pl/u_k2/cnt_reg[3]
  -------------------------------------------------------------------
                         required time                         24.580    
                         arrival time                          -8.607    
  -------------------------------------------------------------------
                         slack                                 15.973    

Slack (MET) :             15.973ns  (required time - arrival time)
  Source:                 u_pl/u_k2/cnt_reg[15]/C
                            (rising edge-triggered cell FDRE clocked by sys_clk  {rise@0.000ns fall@10.000ns period=20.000ns})
  Destination:            u_pl/u_k2/cnt_reg[3]/CE
                            (rising edge-triggered cell FDRE clocked by sys_clk  {rise@0.000ns fall@10.000ns period=20.000ns})
  Path Group:             sys_clk
  Path Type:              Setup (Max at Slow Process Corner)
  Requirement:            20.000ns  (sys_clk rise@20.000ns - sys_clk rise@0.000ns)
  Data Path Delay:        3.799ns  (logic 0.840ns (22.112%)  route 2.959ns (77.888%))
  Logic Levels:           3  (LUT4=1 LUT5=1 LUT6=1)
  Clock Path Skew:        -0.057ns (DCD - SCD + CPR)
    Destination Clock Delay (DCD):    4.409ns = ( 24.409 - 20.000 ) 
    Source Clock Delay      (SCD):    4.808ns
    Clock Pessimism Removal (CPR):    0.342ns
  Clock Uncertainty:      0.035ns  ((TSJ^2 + TIJ^2)^1/2 + DJ) / 2 + PE
    Total System Jitter     (TSJ):    0.071ns
    Total Input Jitter      (TIJ):    0.000ns
    Discrete Jitter          (DJ):    0.000ns
    Phase Error              (PE):    0.000ns

    Location             Delay type                Incr(ns)  Path(ns)    Netlist Resource(s)
  -------------------------------------------------------------------    -------------------
                         (clock sys_clk rise edge)    0.000     0.000 r  
    W17                                               0.000     0.000 r  sys_clk (IN)
                         net (fo=0)                   0.000     0.000    sys_clk
    W17                  IBUF (Prop_ibuf_I_O)         1.415     1.415 r  sys_clk_IBUF_inst/O
                         net (fo=1, routed)           1.873     3.288    sys_clk_IBUF
    BUFGCTRL_X0Y4        BUFG (Prop_bufg_I_O)         0.085     3.373 r  sys_clk_IBUF_BUFG_inst/O
                         net (fo=186, routed)         1.435     4.808    u_pl/u_k2/sys_clk_IBUF_BUFG
    SLICE_X82Y76         FDRE                                         r  u_pl/u_k2/cnt_reg[15]/C
  -------------------------------------------------------------------    -------------------
    SLICE_X82Y76         FDRE (Prop_fdre_C_Q)         0.398     5.206 f  u_pl/u_k2/cnt_reg[15]/Q
                         net (fo=3, routed)           1.166     6.372    u_pl/u_k2/cnt[15]
    SLICE_X84Y75         LUT4 (Prop_lut4_I3_O)        0.232     6.604 f  u_pl/u_k2/cnt[20]_i_6__0/O
                         net (fo=1, routed)           0.690     7.294    u_pl/u_k2/cnt[20]_i_6__0_n_0
    SLICE_X82Y74         LUT6 (Prop_lut6_I0_O)        0.105     7.399 f  u_pl/u_k2/cnt[20]_i_3__0/O
                         net (fo=1, routed)           0.677     8.077    u_pl/u_k2/cnt[20]_i_3__0_n_0
    SLICE_X82Y75         LUT5 (Prop_lut5_I0_O)        0.105     8.182 f  u_pl/u_k2/cnt[20]_i_1/O
                         net (fo=21, routed)          0.425     8.607    u_pl/u_k2/cnt[20]_i_1_n_0
    SLICE_X82Y73         FDRE                                         f  u_pl/u_k2/cnt_reg[3]/CE
  -------------------------------------------------------------------    -------------------

                         (clock sys_clk rise edge)   20.000    20.000 r  
    W17                                               0.000    20.000 r  sys_clk (IN)
                         net (fo=0)                   0.000    20.000    sys_clk
    W17                  IBUF (Prop_ibuf_I_O)         1.349    21.349 r  sys_clk_IBUF_inst/O
                         net (fo=1, routed)           1.701    23.050    sys_clk_IBUF
    BUFGCTRL_X0Y4        BUFG (Prop_bufg_I_O)         0.077    23.127 r  sys_clk_IBUF_BUFG_inst/O
                         net (fo=186, routed)         1.282    24.409    u_pl/u_k2/sys_clk_IBUF_BUFG
    SLICE_X82Y73         FDRE                                         r  u_pl/u_k2/cnt_reg[3]/C
                         clock pessimism              0.342    24.751    
                         clock uncertainty           -0.035    24.716    
    SLICE_X82Y73         FDRE (Setup_fdre_C_CE)      -0.136    24.580    u_pl/u_k2/cnt_reg[3]
  -------------------------------------------------------------------
                         required time                         24.580    
                         arrival time                          -8.607    
  -------------------------------------------------------------------
                         slack                                 15.973    

Slack (MET) :             15.973ns  (required time - arrival time)
  Source:                 u_pl/u_k2/cnt_reg[15]/C
                            (rising edge-triggered cell FDRE clocked by sys_clk  {rise@0.000ns fall@10.000ns period=20.000ns})
  Destination:            u_pl/u_k2/cnt_reg[4]/CE
                            (rising edge-triggered cell FDRE clocked by sys_clk  {rise@0.000ns fall@10.000ns period=20.000ns})
  Path Group:             sys_clk
  Path Type:              Setup (Max at Slow Process Corner)
  Requirement:            20.000ns  (sys_clk rise@20.000ns - sys_clk rise@0.000ns)
  Data Path Delay:        3.799ns  (logic 0.840ns (22.112%)  route 2.959ns (77.888%))
  Logic Levels:           3  (LUT4=1 LUT5=1 LUT6=1)
  Clock Path Skew:        -0.057ns (DCD - SCD + CPR)
    Destination Clock Delay (DCD):    4.409ns = ( 24.409 - 20.000 ) 
    Source Clock Delay      (SCD):    4.808ns
    Clock Pessimism Removal (CPR):    0.342ns
  Clock Uncertainty:      0.035ns  ((TSJ^2 + TIJ^2)^1/2 + DJ) / 2 + PE
    Total System Jitter     (TSJ):    0.071ns
    Total Input Jitter      (TIJ):    0.000ns
    Discrete Jitter          (DJ):    0.000ns
    Phase Error              (PE):    0.000ns

    Location             Delay type                Incr(ns)  Path(ns)    Netlist Resource(s)
  -------------------------------------------------------------------    -------------------
                         (clock sys_clk rise edge)    0.000     0.000 r  
    W17                                               0.000     0.000 r  sys_clk (IN)
                         net (fo=0)                   0.000     0.000    sys_clk
    W17                  IBUF (Prop_ibuf_I_O)         1.415     1.415 r  sys_clk_IBUF_inst/O
                         net (fo=1, routed)           1.873     3.288    sys_clk_IBUF
    BUFGCTRL_X0Y4        BUFG (Prop_bufg_I_O)         0.085     3.373 r  sys_clk_IBUF_BUFG_inst/O
                         net (fo=186, routed)         1.435     4.808    u_pl/u_k2/sys_clk_IBUF_BUFG
    SLICE_X82Y76         FDRE                                         r  u_pl/u_k2/cnt_reg[15]/C
  -------------------------------------------------------------------    -------------------
    SLICE_X82Y76         FDRE (Prop_fdre_C_Q)         0.398     5.206 r  u_pl/u_k2/cnt_reg[15]/Q
                         net (fo=3, routed)           1.166     6.372    u_pl/u_k2/cnt[15]
    SLICE_X84Y75         LUT4 (Prop_lut4_I3_O)        0.232     6.604 r  u_pl/u_k2/cnt[20]_i_6__0/O
                         net (fo=1, routed)           0.690     7.294    u_pl/u_k2/cnt[20]_i_6__0_n_0
    SLICE_X82Y74         LUT6 (Prop_lut6_I0_O)        0.105     7.399 r  u_pl/u_k2/cnt[20]_i_3__0/O
                         net (fo=1, routed)           0.677     8.077    u_pl/u_k2/cnt[20]_i_3__0_n_0
    SLICE_X82Y75         LUT5 (Prop_lut5_I0_O)        0.105     8.182 r  u_pl/u_k2/cnt[20]_i_1/O
                         net (fo=21, routed)          0.425     8.607    u_pl/u_k2/cnt[20]_i_1_n_0
    SLICE_X82Y73         FDRE                                         r  u_pl/u_k2/cnt_reg[4]/CE
  -------------------------------------------------------------------    -------------------

                         (clock sys_clk rise edge)   20.000    20.000 r  
    W17                                               0.000    20.000 r  sys_clk (IN)
                         net (fo=0)                   0.000    20.000    sys_clk
    W17                  IBUF (Prop_ibuf_I_O)         1.349    21.349 r  sys_clk_IBUF_inst/O
                         net (fo=1, routed)           1.701    23.050    sys_clk_IBUF
    BUFGCTRL_X0Y4        BUFG (Prop_bufg_I_O)         0.077    23.127 r  sys_clk_IBUF_BUFG_inst/O
                         net (fo=186, routed)         1.282    24.409    u_pl/u_k2/sys_clk_IBUF_BUFG
    SLICE_X82Y73         FDRE                                         r  u_pl/u_k2/cnt_reg[4]/C
                         clock pessimism              0.342    24.751    
                         clock uncertainty           -0.035    24.716    
    SLICE_X82Y73         FDRE (Setup_fdre_C_CE)      -0.136    24.580    u_pl/u_k2/cnt_reg[4]
  -------------------------------------------------------------------
                         required time                         24.580    
                         arrival time                          -8.607    
  -------------------------------------------------------------------
                         slack                                 15.973    

Slack (MET) :             15.973ns  (required time - arrival time)
  Source:                 u_pl/u_k2/cnt_reg[15]/C
                            (rising edge-triggered cell FDRE clocked by sys_clk  {rise@0.000ns fall@10.000ns period=20.000ns})
  Destination:            u_pl/u_k2/cnt_reg[4]/CE
                            (rising edge-triggered cell FDRE clocked by sys_clk  {rise@0.000ns fall@10.000ns period=20.000ns})
  Path Group:             sys_clk
  Path Type:              Setup (Max at Slow Process Corner)
  Requirement:            20.000ns  (sys_clk rise@20.000ns - sys_clk rise@0.000ns)
  Data Path Delay:        3.799ns  (logic 0.840ns (22.112%)  route 2.959ns (77.888%))
  Logic Levels:           3  (LUT4=1 LUT5=1 LUT6=1)
  Clock Path Skew:        -0.057ns (DCD - SCD + CPR)
    Destination Clock Delay (DCD):    4.409ns = ( 24.409 - 20.000 ) 
    Source Clock Delay      (SCD):    4.808ns
    Clock Pessimism Removal (CPR):    0.342ns
  Clock Uncertainty:      0.035ns  ((TSJ^2 + TIJ^2)^1/2 + DJ) / 2 + PE
    Total System Jitter     (TSJ):    0.071ns
    Total Input Jitter      (TIJ):    0.000ns
    Discrete Jitter          (DJ):    0.000ns
    Phase Error              (PE):    0.000ns

    Location             Delay type                Incr(ns)  Path(ns)    Netlist Resource(s)
  -------------------------------------------------------------------    -------------------
                         (clock sys_clk rise edge)    0.000     0.000 r  
    W17                                               0.000     0.000 r  sys_clk (IN)
                         net (fo=0)                   0.000     0.000    sys_clk
    W17                  IBUF (Prop_ibuf_I_O)         1.415     1.415 r  sys_clk_IBUF_inst/O
                         net (fo=1, routed)           1.873     3.288    sys_clk_IBUF
    BUFGCTRL_X0Y4        BUFG (Prop_bufg_I_O)         0.085     3.373 r  sys_clk_IBUF_BUFG_inst/O
                         net (fo=186, routed)         1.435     4.808    u_pl/u_k2/sys_clk_IBUF_BUFG
    SLICE_X82Y76         FDRE                                         r  u_pl/u_k2/cnt_reg[15]/C
  -------------------------------------------------------------------    -------------------
    SLICE_X82Y76         FDRE (Prop_fdre_C_Q)         0.398     5.206 f  u_pl/u_k2/cnt_reg[15]/Q
                         net (fo=3, routed)           1.166     6.372    u_pl/u_k2/cnt[15]
    SLICE_X84Y75         LUT4 (Prop_lut4_I3_O)        0.232     6.604 f  u_pl/u_k2/cnt[20]_i_6__0/O
                         net (fo=1, routed)           0.690     7.294    u_pl/u_k2/cnt[20]_i_6__0_n_0
    SLICE_X82Y74         LUT6 (Prop_lut6_I0_O)        0.105     7.399 f  u_pl/u_k2/cnt[20]_i_3__0/O
                         net (fo=1, routed)           0.677     8.077    u_pl/u_k2/cnt[20]_i_3__0_n_0
    SLICE_X82Y75         LUT5 (Prop_lut5_I0_O)        0.105     8.182 f  u_pl/u_k2/cnt[20]_i_1/O
                         net (fo=21, routed)          0.425     8.607    u_pl/u_k2/cnt[20]_i_1_n_0
    SLICE_X82Y73         FDRE                                         f  u_pl/u_k2/cnt_reg[4]/CE
  -------------------------------------------------------------------    -------------------

                         (clock sys_clk rise edge)   20.000    20.000 r  
    W17                                               0.000    20.000 r  sys_clk (IN)
                         net (fo=0)                   0.000    20.000    sys_clk
    W17                  IBUF (Prop_ibuf_I_O)         1.349    21.349 r  sys_clk_IBUF_inst/O
                         net (fo=1, routed)           1.701    23.050    sys_clk_IBUF
    BUFGCTRL_X0Y4        BUFG (Prop_bufg_I_O)         0.077    23.127 r  sys_clk_IBUF_BUFG_inst/O
                         net (fo=186, routed)         1.282    24.409    u_pl/u_k2/sys_clk_IBUF_BUFG
    SLICE_X82Y73         FDRE                                         r  u_pl/u_k2/cnt_reg[4]/C
                         clock pessimism              0.342    24.751    
                         clock uncertainty           -0.035    24.716    
    SLICE_X82Y73         FDRE (Setup_fdre_C_CE)      -0.136    24.580    u_pl/u_k2/cnt_reg[4]
  -------------------------------------------------------------------
                         required time                         24.580    
                         arrival time                          -8.607    
  -------------------------------------------------------------------
                         slack                                 15.973    

Slack (MET) :             16.031ns  (required time - arrival time)
  Source:                 u_pl/u_k2/cnt_reg[15]/C
                            (rising edge-triggered cell FDRE clocked by sys_clk  {rise@0.000ns fall@10.000ns period=20.000ns})
  Destination:            u_pl/u_k2/cnt_reg[13]/CE
                            (rising edge-triggered cell FDRE clocked by sys_clk  {rise@0.000ns fall@10.000ns period=20.000ns})
  Path Group:             sys_clk
  Path Type:              Setup (Max at Slow Process Corner)
  Requirement:            20.000ns  (sys_clk rise@20.000ns - sys_clk rise@0.000ns)
  Data Path Delay:        3.798ns  (logic 0.840ns (22.117%)  route 2.958ns (77.883%))
  Logic Levels:           3  (LUT4=1 LUT5=1 LUT6=1)
  Clock Path Skew:        0.000ns (DCD - SCD + CPR)
    Destination Clock Delay (DCD):    4.409ns = ( 24.409 - 20.000 ) 
    Source Clock Delay      (SCD):    4.808ns
    Clock Pessimism Removal (CPR):    0.399ns
  Clock Uncertainty:      0.035ns  ((TSJ^2 + TIJ^2)^1/2 + DJ) / 2 + PE
    Total System Jitter     (TSJ):    0.071ns
    Total Input Jitter      (TIJ):    0.000ns
    Discrete Jitter          (DJ):    0.000ns
    Phase Error              (PE):    0.000ns

    Location             Delay type                Incr(ns)  Path(ns)    Netlist Resource(s)
  -------------------------------------------------------------------    -------------------
                         (clock sys_clk rise edge)    0.000     0.000 r  
    W17                                               0.000     0.000 r  sys_clk (IN)
                         net (fo=0)                   0.000     0.000    sys_clk
    W17                  IBUF (Prop_ibuf_I_O)         1.415     1.415 r  sys_clk_IBUF_inst/O
                         net (fo=1, routed)           1.873     3.288    sys_clk_IBUF
    BUFGCTRL_X0Y4        BUFG (Prop_bufg_I_O)         0.085     3.373 r  sys_clk_IBUF_BUFG_inst/O
                         net (fo=186, routed)         1.435     4.808    u_pl/u_k2/sys_clk_IBUF_BUFG
    SLICE_X82Y76         FDRE                                         r  u_pl/u_k2/cnt_reg[15]/C
  -------------------------------------------------------------------    -------------------
    SLICE_X82Y76         FDRE (Prop_fdre_C_Q)         0.398     5.206 r  u_pl/u_k2/cnt_reg[15]/Q
                         net (fo=3, routed)           1.166     6.372    u_pl/u_k2/cnt[15]
    SLICE_X84Y75         LUT4 (Prop_lut4_I3_O)        0.232     6.604 r  u_pl/u_k2/cnt[20]_i_6__0/O
                         net (fo=1, routed)           0.690     7.294    u_pl/u_k2/cnt[20]_i_6__0_n_0
    SLICE_X82Y74         LUT6 (Prop_lut6_I0_O)        0.105     7.399 r  u_pl/u_k2/cnt[20]_i_3__0/O
                         net (fo=1, routed)           0.677     8.077    u_pl/u_k2/cnt[20]_i_3__0_n_0
    SLICE_X82Y75         LUT5 (Prop_lut5_I0_O)        0.105     8.182 r  u_pl/u_k2/cnt[20]_i_1/O
                         net (fo=21, routed)          0.424     8.606    u_pl/u_k2/cnt[20]_i_1_n_0
    SLICE_X82Y76         FDRE                                         r  u_pl/u_k2/cnt_reg[13]/CE
  -------------------------------------------------------------------    -------------------

                         (clock sys_clk rise edge)   20.000    20.000 r  
    W17                                               0.000    20.000 r  sys_clk (IN)
                         net (fo=0)                   0.000    20.000    sys_clk
    W17                  IBUF (Prop_ibuf_I_O)         1.349    21.349 r  sys_clk_IBUF_inst/O
                         net (fo=1, routed)           1.701    23.050    sys_clk_IBUF
    BUFGCTRL_X0Y4        BUFG (Prop_bufg_I_O)         0.077    23.127 r  sys_clk_IBUF_BUFG_inst/O
                         net (fo=186, routed)         1.282    24.409    u_pl/u_k2/sys_clk_IBUF_BUFG
    SLICE_X82Y76         FDRE                                         r  u_pl/u_k2/cnt_reg[13]/C
                         clock pessimism              0.399    24.808    
                         clock uncertainty           -0.035    24.773    
    SLICE_X82Y76         FDRE (Setup_fdre_C_CE)      -0.136    24.637    u_pl/u_k2/cnt_reg[13]
  -------------------------------------------------------------------
                         required time                         24.637    
                         arrival time                          -8.606    
  -------------------------------------------------------------------
                         slack                                 16.031    

Slack (MET) :             16.031ns  (required time - arrival time)
  Source:                 u_pl/u_k2/cnt_reg[15]/C
                            (rising edge-triggered cell FDRE clocked by sys_clk  {rise@0.000ns fall@10.000ns period=20.000ns})
  Destination:            u_pl/u_k2/cnt_reg[13]/CE
                            (rising edge-triggered cell FDRE clocked by sys_clk  {rise@0.000ns fall@10.000ns period=20.000ns})
  Path Group:             sys_clk
  Path Type:              Setup (Max at Slow Process Corner)
  Requirement:            20.000ns  (sys_clk rise@20.000ns - sys_clk rise@0.000ns)
  Data Path Delay:        3.798ns  (logic 0.840ns (22.117%)  route 2.958ns (77.883%))
  Logic Levels:           3  (LUT4=1 LUT5=1 LUT6=1)
  Clock Path Skew:        0.000ns (DCD - SCD + CPR)
    Destination Clock Delay (DCD):    4.409ns = ( 24.409 - 20.000 ) 
    Source Clock Delay      (SCD):    4.808ns
    Clock Pessimism Removal (CPR):    0.399ns
  Clock Uncertainty:      0.035ns  ((TSJ^2 + TIJ^2)^1/2 + DJ) / 2 + PE
    Total System Jitter     (TSJ):    0.071ns
    Total Input Jitter      (TIJ):    0.000ns
    Discrete Jitter          (DJ):    0.000ns
    Phase Error              (PE):    0.000ns

    Location             Delay type                Incr(ns)  Path(ns)    Netlist Resource(s)
  -------------------------------------------------------------------    -------------------
                         (clock sys_clk rise edge)    0.000     0.000 r  
    W17                                               0.000     0.000 r  sys_clk (IN)
                         net (fo=0)                   0.000     0.000    sys_clk
    W17                  IBUF (Prop_ibuf_I_O)         1.415     1.415 r  sys_clk_IBUF_inst/O
                         net (fo=1, routed)           1.873     3.288    sys_clk_IBUF
    BUFGCTRL_X0Y4        BUFG (Prop_bufg_I_O)         0.085     3.373 r  sys_clk_IBUF_BUFG_inst/O
                         net (fo=186, routed)         1.435     4.808    u_pl/u_k2/sys_clk_IBUF_BUFG
    SLICE_X82Y76         FDRE                                         r  u_pl/u_k2/cnt_reg[15]/C
  -------------------------------------------------------------------    -------------------
    SLICE_X82Y76         FDRE (Prop_fdre_C_Q)         0.398     5.206 f  u_pl/u_k2/cnt_reg[15]/Q
                         net (fo=3, routed)           1.166     6.372    u_pl/u_k2/cnt[15]
    SLICE_X84Y75         LUT4 (Prop_lut4_I3_O)        0.232     6.604 f  u_pl/u_k2/cnt[20]_i_6__0/O
                         net (fo=1, routed)           0.690     7.294    u_pl/u_k2/cnt[20]_i_6__0_n_0
    SLICE_X82Y74         LUT6 (Prop_lut6_I0_O)        0.105     7.399 f  u_pl/u_k2/cnt[20]_i_3__0/O
                         net (fo=1, routed)           0.677     8.077    u_pl/u_k2/cnt[20]_i_3__0_n_0
    SLICE_X82Y75         LUT5 (Prop_lut5_I0_O)        0.105     8.182 f  u_pl/u_k2/cnt[20]_i_1/O
                         net (fo=21, routed)          0.424     8.606    u_pl/u_k2/cnt[20]_i_1_n_0
    SLICE_X82Y76         FDRE                                         f  u_pl/u_k2/cnt_reg[13]/CE
  -------------------------------------------------------------------    -------------------

                         (clock sys_clk rise edge)   20.000    20.000 r  
    W17                                               0.000    20.000 r  sys_clk (IN)
                         net (fo=0)                   0.000    20.000    sys_clk
    W17                  IBUF (Prop_ibuf_I_O)         1.349    21.349 r  sys_clk_IBUF_inst/O
                         net (fo=1, routed)           1.701    23.050    sys_clk_IBUF
    BUFGCTRL_X0Y4        BUFG (Prop_bufg_I_O)         0.077    23.127 r  sys_clk_IBUF_BUFG_inst/O
                         net (fo=186, routed)         1.282    24.409    u_pl/u_k2/sys_clk_IBUF_BUFG
    SLICE_X82Y76         FDRE                                         r  u_pl/u_k2/cnt_reg[13]/C
                         clock pessimism              0.399    24.808    
                         clock uncertainty           -0.035    24.773    
    SLICE_X82Y76         FDRE (Setup_fdre_C_CE)      -0.136    24.637    u_pl/u_k2/cnt_reg[13]
  -------------------------------------------------------------------
                         required time                         24.637    
                         arrival time                          -8.606    
  -------------------------------------------------------------------
                         slack                                 16.031    

Slack (MET) :             16.031ns  (required time - arrival time)
  Source:                 u_pl/u_k2/cnt_reg[15]/C
                            (rising edge-triggered cell FDRE clocked by sys_clk  {rise@0.000ns fall@10.000ns period=20.000ns})
  Destination:            u_pl/u_k2/cnt_reg[14]/CE
                            (rising edge-triggered cell FDRE clocked by sys_clk  {rise@0.000ns fall@10.000ns period=20.000ns})
  Path Group:             sys_clk
  Path Type:              Setup (Max at Slow Process Corner)
  Requirement:            20.000ns  (sys_clk rise@20.000ns - sys_clk rise@0.000ns)
  Data Path Delay:        3.798ns  (logic 0.840ns (22.117%)  route 2.958ns (77.883%))
  Logic Levels:           3  (LUT4=1 LUT5=1 LUT6=1)
  Clock Path Skew:        0.000ns (DCD - SCD + CPR)
    Destination Clock Delay (DCD):    4.409ns = ( 24.409 - 20.000 ) 
    Source Clock Delay      (SCD):    4.808ns
    Clock Pessimism Removal (CPR):    0.399ns
  Clock Uncertainty:      0.035ns  ((TSJ^2 + TIJ^2)^1/2 + DJ) / 2 + PE
    Total System Jitter     (TSJ):    0.071ns
    Total Input Jitter      (TIJ):    0.000ns
    Discrete Jitter          (DJ):    0.000ns
    Phase Error              (PE):    0.000ns

    Location             Delay type                Incr(ns)  Path(ns)    Netlist Resource(s)
  -------------------------------------------------------------------    -------------------
                         (clock sys_clk rise edge)    0.000     0.000 r  
    W17                                               0.000     0.000 r  sys_clk (IN)
                         net (fo=0)                   0.000     0.000    sys_clk
    W17                  IBUF (Prop_ibuf_I_O)         1.415     1.415 r  sys_clk_IBUF_inst/O
                         net (fo=1, routed)           1.873     3.288    sys_clk_IBUF
    BUFGCTRL_X0Y4        BUFG (Prop_bufg_I_O)         0.085     3.373 r  sys_clk_IBUF_BUFG_inst/O
                         net (fo=186, routed)         1.435     4.808    u_pl/u_k2/sys_clk_IBUF_BUFG
    SLICE_X82Y76         FDRE                                         r  u_pl/u_k2/cnt_reg[15]/C
  -------------------------------------------------------------------    -------------------
    SLICE_X82Y76         FDRE (Prop_fdre_C_Q)         0.398     5.206 r  u_pl/u_k2/cnt_reg[15]/Q
                         net (fo=3, routed)           1.166     6.372    u_pl/u_k2/cnt[15]
    SLICE_X84Y75         LUT4 (Prop_lut4_I3_O)        0.232     6.604 r  u_pl/u_k2/cnt[20]_i_6__0/O
                         net (fo=1, routed)           0.690     7.294    u_pl/u_k2/cnt[20]_i_6__0_n_0
    SLICE_X82Y74         LUT6 (Prop_lut6_I0_O)        0.105     7.399 r  u_pl/u_k2/cnt[20]_i_3__0/O
                         net (fo=1, routed)           0.677     8.077    u_pl/u_k2/cnt[20]_i_3__0_n_0
    SLICE_X82Y75         LUT5 (Prop_lut5_I0_O)        0.105     8.182 r  u_pl/u_k2/cnt[20]_i_1/O
                         net (fo=21, routed)          0.424     8.606    u_pl/u_k2/cnt[20]_i_1_n_0
    SLICE_X82Y76         FDRE                                         r  u_pl/u_k2/cnt_reg[14]/CE
  -------------------------------------------------------------------    -------------------

                         (clock sys_clk rise edge)   20.000    20.000 r  
    W17                                               0.000    20.000 r  sys_clk (IN)
                         net (fo=0)                   0.000    20.000    sys_clk
    W17                  IBUF (Prop_ibuf_I_O)         1.349    21.349 r  sys_clk_IBUF_inst/O
                         net (fo=1, routed)           1.701    23.050    sys_clk_IBUF
    BUFGCTRL_X0Y4        BUFG (Prop_bufg_I_O)         0.077    23.127 r  sys_clk_IBUF_BUFG_inst/O
                         net (fo=186, routed)         1.282    24.409    u_pl/u_k2/sys_clk_IBUF_BUFG
    SLICE_X82Y76         FDRE                                         r  u_pl/u_k2/cnt_reg[14]/C
                         clock pessimism              0.399    24.808    
                         clock uncertainty           -0.035    24.773    
    SLICE_X82Y76         FDRE (Setup_fdre_C_CE)      -0.136    24.637    u_pl/u_k2/cnt_reg[14]
  -------------------------------------------------------------------
                         required time                         24.637    
                         arrival time                          -8.606    
  -------------------------------------------------------------------
                         slack                                 16.031    

Slack (MET) :             16.031ns  (required time - arrival time)
  Source:                 u_pl/u_k2/cnt_reg[15]/C
                            (rising edge-triggered cell FDRE clocked by sys_clk  {rise@0.000ns fall@10.000ns period=20.000ns})
  Destination:            u_pl/u_k2/cnt_reg[14]/CE
                            (rising edge-triggered cell FDRE clocked by sys_clk  {rise@0.000ns fall@10.000ns period=20.000ns})
  Path Group:             sys_clk
  Path Type:              Setup (Max at Slow Process Corner)
  Requirement:            20.000ns  (sys_clk rise@20.000ns - sys_clk rise@0.000ns)
  Data Path Delay:        3.798ns  (logic 0.840ns (22.117%)  route 2.958ns (77.883%))
  Logic Levels:           3  (LUT4=1 LUT5=1 LUT6=1)
  Clock Path Skew:        0.000ns (DCD - SCD + CPR)
    Destination Clock Delay (DCD):    4.409ns = ( 24.409 - 20.000 ) 
    Source Clock Delay      (SCD):    4.808ns
    Clock Pessimism Removal (CPR):    0.399ns
  Clock Uncertainty:      0.035ns  ((TSJ^2 + TIJ^2)^1/2 + DJ) / 2 + PE
    Total System Jitter     (TSJ):    0.071ns
    Total Input Jitter      (TIJ):    0.000ns
    Discrete Jitter          (DJ):    0.000ns
    Phase Error              (PE):    0.000ns

    Location             Delay type                Incr(ns)  Path(ns)    Netlist Resource(s)
  -------------------------------------------------------------------    -------------------
                         (clock sys_clk rise edge)    0.000     0.000 r  
    W17                                               0.000     0.000 r  sys_clk (IN)
                         net (fo=0)                   0.000     0.000    sys_clk
    W17                  IBUF (Prop_ibuf_I_O)         1.415     1.415 r  sys_clk_IBUF_inst/O
                         net (fo=1, routed)           1.873     3.288    sys_clk_IBUF
    BUFGCTRL_X0Y4        BUFG (Prop_bufg_I_O)         0.085     3.373 r  sys_clk_IBUF_BUFG_inst/O
                         net (fo=186, routed)         1.435     4.808    u_pl/u_k2/sys_clk_IBUF_BUFG
    SLICE_X82Y76         FDRE                                         r  u_pl/u_k2/cnt_reg[15]/C
  -------------------------------------------------------------------    -------------------
    SLICE_X82Y76         FDRE (Prop_fdre_C_Q)         0.398     5.206 f  u_pl/u_k2/cnt_reg[15]/Q
                         net (fo=3, routed)           1.166     6.372    u_pl/u_k2/cnt[15]
    SLICE_X84Y75         LUT4 (Prop_lut4_I3_O)        0.232     6.604 f  u_pl/u_k2/cnt[20]_i_6__0/O
                         net (fo=1, routed)           0.690     7.294    u_pl/u_k2/cnt[20]_i_6__0_n_0
    SLICE_X82Y74         LUT6 (Prop_lut6_I0_O)        0.105     7.399 f  u_pl/u_k2/cnt[20]_i_3__0/O
                         net (fo=1, routed)           0.677     8.077    u_pl/u_k2/cnt[20]_i_3__0_n_0
    SLICE_X82Y75         LUT5 (Prop_lut5_I0_O)        0.105     8.182 f  u_pl/u_k2/cnt[20]_i_1/O
                         net (fo=21, routed)          0.424     8.606    u_pl/u_k2/cnt[20]_i_1_n_0
    SLICE_X82Y76         FDRE                                         f  u_pl/u_k2/cnt_reg[14]/CE
  -------------------------------------------------------------------    -------------------

                         (clock sys_clk rise edge)   20.000    20.000 r  
    W17                                               0.000    20.000 r  sys_clk (IN)
                         net (fo=0)                   0.000    20.000    sys_clk
    W17                  IBUF (Prop_ibuf_I_O)         1.349    21.349 r  sys_clk_IBUF_inst/O
                         net (fo=1, routed)           1.701    23.050    sys_clk_IBUF
    BUFGCTRL_X0Y4        BUFG (Prop_bufg_I_O)         0.077    23.127 r  sys_clk_IBUF_BUFG_inst/O
                         net (fo=186, routed)         1.282    24.409    u_pl/u_k2/sys_clk_IBUF_BUFG
    SLICE_X82Y76         FDRE                                         r  u_pl/u_k2/cnt_reg[14]/C
                         clock pessimism              0.399    24.808    
                         clock uncertainty           -0.035    24.773    
    SLICE_X82Y76         FDRE (Setup_fdre_C_CE)      -0.136    24.637    u_pl/u_k2/cnt_reg[14]
  -------------------------------------------------------------------
                         required time                         24.637    
                         arrival time                          -8.606    
  -------------------------------------------------------------------
                         slack                                 16.031    

Slack (MET) :             16.031ns  (required time - arrival time)
  Source:                 u_pl/u_k2/cnt_reg[15]/C
                            (rising edge-triggered cell FDRE clocked by sys_clk  {rise@0.000ns fall@10.000ns period=20.000ns})
  Destination:            u_pl/u_k2/cnt_reg[15]/CE
                            (rising edge-triggered cell FDRE clocked by sys_clk  {rise@0.000ns fall@10.000ns period=20.000ns})
  Path Group:             sys_clk
  Path Type:              Setup (Max at Slow Process Corner)
  Requirement:            20.000ns  (sys_clk rise@20.000ns - sys_clk rise@0.000ns)
  Data Path Delay:        3.798ns  (logic 0.840ns (22.117%)  route 2.958ns (77.883%))
  Logic Levels:           3  (LUT4=1 LUT5=1 LUT6=1)
  Clock Path Skew:        0.000ns (DCD - SCD + CPR)
    Destination Clock Delay (DCD):    4.409ns = ( 24.409 - 20.000 ) 
    Source Clock Delay      (SCD):    4.808ns
    Clock Pessimism Removal (CPR):    0.399ns
  Clock Uncertainty:      0.035ns  ((TSJ^2 + TIJ^2)^1/2 + DJ) / 2 + PE
    Total System Jitter     (TSJ):    0.071ns
    Total Input Jitter      (TIJ):    0.000ns
    Discrete Jitter          (DJ):    0.000ns
    Phase Error              (PE):    0.000ns

    Location             Delay type                Incr(ns)  Path(ns)    Netlist Resource(s)
  -------------------------------------------------------------------    -------------------
                         (clock sys_clk rise edge)    0.000     0.000 r  
    W17                                               0.000     0.000 r  sys_clk (IN)
                         net (fo=0)                   0.000     0.000    sys_clk
    W17                  IBUF (Prop_ibuf_I_O)         1.415     1.415 r  sys_clk_IBUF_inst/O
                         net (fo=1, routed)           1.873     3.288    sys_clk_IBUF
    BUFGCTRL_X0Y4        BUFG (Prop_bufg_I_O)         0.085     3.373 r  sys_clk_IBUF_BUFG_inst/O
                         net (fo=186, routed)         1.435     4.808    u_pl/u_k2/sys_clk_IBUF_BUFG
    SLICE_X82Y76         FDRE                                         r  u_pl/u_k2/cnt_reg[15]/C
  -------------------------------------------------------------------    -------------------
    SLICE_X82Y76         FDRE (Prop_fdre_C_Q)         0.398     5.206 r  u_pl/u_k2/cnt_reg[15]/Q
                         net (fo=3, routed)           1.166     6.372    u_pl/u_k2/cnt[15]
    SLICE_X84Y75         LUT4 (Prop_lut4_I3_O)        0.232     6.604 r  u_pl/u_k2/cnt[20]_i_6__0/O
                         net (fo=1, routed)           0.690     7.294    u_pl/u_k2/cnt[20]_i_6__0_n_0
    SLICE_X82Y74         LUT6 (Prop_lut6_I0_O)        0.105     7.399 r  u_pl/u_k2/cnt[20]_i_3__0/O
                         net (fo=1, routed)           0.677     8.077    u_pl/u_k2/cnt[20]_i_3__0_n_0
    SLICE_X82Y75         LUT5 (Prop_lut5_I0_O)        0.105     8.182 r  u_pl/u_k2/cnt[20]_i_1/O
                         net (fo=21, routed)          0.424     8.606    u_pl/u_k2/cnt[20]_i_1_n_0
    SLICE_X82Y76         FDRE                                         r  u_pl/u_k2/cnt_reg[15]/CE
  -------------------------------------------------------------------    -------------------

                         (clock sys_clk rise edge)   20.000    20.000 r  
    W17                                               0.000    20.000 r  sys_clk (IN)
                         net (fo=0)                   0.000    20.000    sys_clk
    W17                  IBUF (Prop_ibuf_I_O)         1.349    21.349 r  sys_clk_IBUF_inst/O
                         net (fo=1, routed)           1.701    23.050    sys_clk_IBUF
    BUFGCTRL_X0Y4        BUFG (Prop_bufg_I_O)         0.077    23.127 r  sys_clk_IBUF_BUFG_inst/O
                         net (fo=186, routed)         1.282    24.409    u_pl/u_k2/sys_clk_IBUF_BUFG
    SLICE_X82Y76         FDRE                                         r  u_pl/u_k2/cnt_reg[15]/C
                         clock pessimism              0.399    24.808    
                         clock uncertainty           -0.035    24.773    
    SLICE_X82Y76         FDRE (Setup_fdre_C_CE)      -0.136    24.637    u_pl/u_k2/cnt_reg[15]
  -------------------------------------------------------------------
                         required time                         24.637    
                         arrival time                          -8.606    
  -------------------------------------------------------------------
                         slack                                 16.031    

Slack (MET) :             16.031ns  (required time - arrival time)
  Source:                 u_pl/u_k2/cnt_reg[15]/C
                            (rising edge-triggered cell FDRE clocked by sys_clk  {rise@0.000ns fall@10.000ns period=20.000ns})
  Destination:            u_pl/u_k2/cnt_reg[15]/CE
                            (rising edge-triggered cell FDRE clocked by sys_clk  {rise@0.000ns fall@10.000ns period=20.000ns})
  Path Group:             sys_clk
  Path Type:              Setup (Max at Slow Process Corner)
  Requirement:            20.000ns  (sys_clk rise@20.000ns - sys_clk rise@0.000ns)
  Data Path Delay:        3.798ns  (logic 0.840ns (22.117%)  route 2.958ns (77.883%))
  Logic Levels:           3  (LUT4=1 LUT5=1 LUT6=1)
  Clock Path Skew:        0.000ns (DCD - SCD + CPR)
    Destination Clock Delay (DCD):    4.409ns = ( 24.409 - 20.000 ) 
    Source Clock Delay      (SCD):    4.808ns
    Clock Pessimism Removal (CPR):    0.399ns
  Clock Uncertainty:      0.035ns  ((TSJ^2 + TIJ^2)^1/2 + DJ) / 2 + PE
    Total System Jitter     (TSJ):    0.071ns
    Total Input Jitter      (TIJ):    0.000ns
    Discrete Jitter          (DJ):    0.000ns
    Phase Error              (PE):    0.000ns

    Location             Delay type                Incr(ns)  Path(ns)    Netlist Resource(s)
  -------------------------------------------------------------------    -------------------
                         (clock sys_clk rise edge)    0.000     0.000 r  
    W17                                               0.000     0.000 r  sys_clk (IN)
                         net (fo=0)                   0.000     0.000    sys_clk
    W17                  IBUF (Prop_ibuf_I_O)         1.415     1.415 r  sys_clk_IBUF_inst/O
                         net (fo=1, routed)           1.873     3.288    sys_clk_IBUF
    BUFGCTRL_X0Y4        BUFG (Prop_bufg_I_O)         0.085     3.373 r  sys_clk_IBUF_BUFG_inst/O
                         net (fo=186, routed)         1.435     4.808    u_pl/u_k2/sys_clk_IBUF_BUFG
    SLICE_X82Y76         FDRE                                         r  u_pl/u_k2/cnt_reg[15]/C
  -------------------------------------------------------------------    -------------------
    SLICE_X82Y76         FDRE (Prop_fdre_C_Q)         0.398     5.206 f  u_pl/u_k2/cnt_reg[15]/Q
                         net (fo=3, routed)           1.166     6.372    u_pl/u_k2/cnt[15]
    SLICE_X84Y75         LUT4 (Prop_lut4_I3_O)        0.232     6.604 f  u_pl/u_k2/cnt[20]_i_6__0/O
                         net (fo=1, routed)           0.690     7.294    u_pl/u_k2/cnt[20]_i_6__0_n_0
    SLICE_X82Y74         LUT6 (Prop_lut6_I0_O)        0.105     7.399 f  u_pl/u_k2/cnt[20]_i_3__0/O
                         net (fo=1, routed)           0.677     8.077    u_pl/u_k2/cnt[20]_i_3__0_n_0
    SLICE_X82Y75         LUT5 (Prop_lut5_I0_O)        0.105     8.182 f  u_pl/u_k2/cnt[20]_i_1/O
                         net (fo=21, routed)          0.424     8.606    u_pl/u_k2/cnt[20]_i_1_n_0
    SLICE_X82Y76         FDRE                                         f  u_pl/u_k2/cnt_reg[15]/CE
  -------------------------------------------------------------------    -------------------

                         (clock sys_clk rise edge)   20.000    20.000 r  
    W17                                               0.000    20.000 r  sys_clk (IN)
                         net (fo=0)                   0.000    20.000    sys_clk
    W17                  IBUF (Prop_ibuf_I_O)         1.349    21.349 r  sys_clk_IBUF_inst/O
                         net (fo=1, routed)           1.701    23.050    sys_clk_IBUF
    BUFGCTRL_X0Y4        BUFG (Prop_bufg_I_O)         0.077    23.127 r  sys_clk_IBUF_BUFG_inst/O
                         net (fo=186, routed)         1.282    24.409    u_pl/u_k2/sys_clk_IBUF_BUFG
    SLICE_X82Y76         FDRE                                         r  u_pl/u_k2/cnt_reg[15]/C
                         clock pessimism              0.399    24.808    
                         clock uncertainty           -0.035    24.773    
    SLICE_X82Y76         FDRE (Setup_fdre_C_CE)      -0.136    24.637    u_pl/u_k2/cnt_reg[15]
  -------------------------------------------------------------------
                         required time                         24.637    
                         arrival time                          -8.606    
  -------------------------------------------------------------------
                         slack                                 16.031    

Slack (MET) :             16.031ns  (required time - arrival time)
  Source:                 u_pl/u_k2/cnt_reg[15]/C
                            (rising edge-triggered cell FDRE clocked by sys_clk  {rise@0.000ns fall@10.000ns period=20.000ns})
  Destination:            u_pl/u_k2/cnt_reg[16]/CE
                            (rising edge-triggered cell FDRE clocked by sys_clk  {rise@0.000ns fall@10.000ns period=20.000ns})
  Path Group:             sys_clk
  Path Type:              Setup (Max at Slow Process Corner)
  Requirement:            20.000ns  (sys_clk rise@20.000ns - sys_clk rise@0.000ns)
  Data Path Delay:        3.798ns  (logic 0.840ns (22.117%)  route 2.958ns (77.883%))
  Logic Levels:           3  (LUT4=1 LUT5=1 LUT6=1)
  Clock Path Skew:        0.000ns (DCD - SCD + CPR)
    Destination Clock Delay (DCD):    4.409ns = ( 24.409 - 20.000 ) 
    Source Clock Delay      (SCD):    4.808ns
    Clock Pessimism Removal (CPR):    0.399ns
  Clock Uncertainty:      0.035ns  ((TSJ^2 + TIJ^2)^1/2 + DJ) / 2 + PE
    Total System Jitter     (TSJ):    0.071ns
    Total Input Jitter      (TIJ):    0.000ns
    Discrete Jitter          (DJ):    0.000ns
    Phase Error              (PE):    0.000ns

    Location             Delay type                Incr(ns)  Path(ns)    Netlist Resource(s)
  -------------------------------------------------------------------    -------------------
                         (clock sys_clk rise edge)    0.000     0.000 r  
    W17                                               0.000     0.000 r  sys_clk (IN)
                         net (fo=0)                   0.000     0.000    sys_clk
    W17                  IBUF (Prop_ibuf_I_O)         1.415     1.415 r  sys_clk_IBUF_inst/O
                         net (fo=1, routed)           1.873     3.288    sys_clk_IBUF
    BUFGCTRL_X0Y4        BUFG (Prop_bufg_I_O)         0.085     3.373 r  sys_clk_IBUF_BUFG_inst/O
                         net (fo=186, routed)         1.435     4.808    u_pl/u_k2/sys_clk_IBUF_BUFG
    SLICE_X82Y76         FDRE                                         r  u_pl/u_k2/cnt_reg[15]/C
  -------------------------------------------------------------------    -------------------
    SLICE_X82Y76         FDRE (Prop_fdre_C_Q)         0.398     5.206 r  u_pl/u_k2/cnt_reg[15]/Q
                         net (fo=3, routed)           1.166     6.372    u_pl/u_k2/cnt[15]
    SLICE_X84Y75         LUT4 (Prop_lut4_I3_O)        0.232     6.604 r  u_pl/u_k2/cnt[20]_i_6__0/O
                         net (fo=1, routed)           0.690     7.294    u_pl/u_k2/cnt[20]_i_6__0_n_0
    SLICE_X82Y74         LUT6 (Prop_lut6_I0_O)        0.105     7.399 r  u_pl/u_k2/cnt[20]_i_3__0/O
                         net (fo=1, routed)           0.677     8.077    u_pl/u_k2/cnt[20]_i_3__0_n_0
    SLICE_X82Y75         LUT5 (Prop_lut5_I0_O)        0.105     8.182 r  u_pl/u_k2/cnt[20]_i_1/O
                         net (fo=21, routed)          0.424     8.606    u_pl/u_k2/cnt[20]_i_1_n_0
    SLICE_X82Y76         FDRE                                         r  u_pl/u_k2/cnt_reg[16]/CE
  -------------------------------------------------------------------    -------------------

                         (clock sys_clk rise edge)   20.000    20.000 r  
    W17                                               0.000    20.000 r  sys_clk (IN)
                         net (fo=0)                   0.000    20.000    sys_clk
    W17                  IBUF (Prop_ibuf_I_O)         1.349    21.349 r  sys_clk_IBUF_inst/O
                         net (fo=1, routed)           1.701    23.050    sys_clk_IBUF
    BUFGCTRL_X0Y4        BUFG (Prop_bufg_I_O)         0.077    23.127 r  sys_clk_IBUF_BUFG_inst/O
                         net (fo=186, routed)         1.282    24.409    u_pl/u_k2/sys_clk_IBUF_BUFG
    SLICE_X82Y76         FDRE                                         r  u_pl/u_k2/cnt_reg[16]/C
                         clock pessimism              0.399    24.808    
                         clock uncertainty           -0.035    24.773    
    SLICE_X82Y76         FDRE (Setup_fdre_C_CE)      -0.136    24.637    u_pl/u_k2/cnt_reg[16]
  -------------------------------------------------------------------
                         required time                         24.637    
                         arrival time                          -8.606    
  -------------------------------------------------------------------
                         slack                                 16.031    

Slack (MET) :             16.031ns  (required time - arrival time)
  Source:                 u_pl/u_k2/cnt_reg[15]/C
                            (rising edge-triggered cell FDRE clocked by sys_clk  {rise@0.000ns fall@10.000ns period=20.000ns})
  Destination:            u_pl/u_k2/cnt_reg[16]/CE
                            (rising edge-triggered cell FDRE clocked by sys_clk  {rise@0.000ns fall@10.000ns period=20.000ns})
  Path Group:             sys_clk
  Path Type:              Setup (Max at Slow Process Corner)
  Requirement:            20.000ns  (sys_clk rise@20.000ns - sys_clk rise@0.000ns)
  Data Path Delay:        3.798ns  (logic 0.840ns (22.117%)  route 2.958ns (77.883%))
  Logic Levels:           3  (LUT4=1 LUT5=1 LUT6=1)
  Clock Path Skew:        0.000ns (DCD - SCD + CPR)
    Destination Clock Delay (DCD):    4.409ns = ( 24.409 - 20.000 ) 
    Source Clock Delay      (SCD):    4.808ns
    Clock Pessimism Removal (CPR):    0.399ns
  Clock Uncertainty:      0.035ns  ((TSJ^2 + TIJ^2)^1/2 + DJ) / 2 + PE
    Total System Jitter     (TSJ):    0.071ns
    Total Input Jitter      (TIJ):    0.000ns
    Discrete Jitter          (DJ):    0.000ns
    Phase Error              (PE):    0.000ns

    Location             Delay type                Incr(ns)  Path(ns)    Netlist Resource(s)
  -------------------------------------------------------------------    -------------------
                         (clock sys_clk rise edge)    0.000     0.000 r  
    W17                                               0.000     0.000 r  sys_clk (IN)
                         net (fo=0)                   0.000     0.000    sys_clk
    W17                  IBUF (Prop_ibuf_I_O)         1.415     1.415 r  sys_clk_IBUF_inst/O
                         net (fo=1, routed)           1.873     3.288    sys_clk_IBUF
    BUFGCTRL_X0Y4        BUFG (Prop_bufg_I_O)         0.085     3.373 r  sys_clk_IBUF_BUFG_inst/O
                         net (fo=186, routed)         1.435     4.808    u_pl/u_k2/sys_clk_IBUF_BUFG
    SLICE_X82Y76         FDRE                                         r  u_pl/u_k2/cnt_reg[15]/C
  -------------------------------------------------------------------    -------------------
    SLICE_X82Y76         FDRE (Prop_fdre_C_Q)         0.398     5.206 f  u_pl/u_k2/cnt_reg[15]/Q
                         net (fo=3, routed)           1.166     6.372    u_pl/u_k2/cnt[15]
    SLICE_X84Y75         LUT4 (Prop_lut4_I3_O)        0.232     6.604 f  u_pl/u_k2/cnt[20]_i_6__0/O
                         net (fo=1, routed)           0.690     7.294    u_pl/u_k2/cnt[20]_i_6__0_n_0
    SLICE_X82Y74         LUT6 (Prop_lut6_I0_O)        0.105     7.399 f  u_pl/u_k2/cnt[20]_i_3__0/O
                         net (fo=1, routed)           0.677     8.077    u_pl/u_k2/cnt[20]_i_3__0_n_0
    SLICE_X82Y75         LUT5 (Prop_lut5_I0_O)        0.105     8.182 f  u_pl/u_k2/cnt[20]_i_1/O
                         net (fo=21, routed)          0.424     8.606    u_pl/u_k2/cnt[20]_i_1_n_0
    SLICE_X82Y76         FDRE                                         f  u_pl/u_k2/cnt_reg[16]/CE
  -------------------------------------------------------------------    -------------------

                         (clock sys_clk rise edge)   20.000    20.000 r  
    W17                                               0.000    20.000 r  sys_clk (IN)
                         net (fo=0)                   0.000    20.000    sys_clk
    W17                  IBUF (Prop_ibuf_I_O)         1.349    21.349 r  sys_clk_IBUF_inst/O
                         net (fo=1, routed)           1.701    23.050    sys_clk_IBUF
    BUFGCTRL_X0Y4        BUFG (Prop_bufg_I_O)         0.077    23.127 r  sys_clk_IBUF_BUFG_inst/O
                         net (fo=186, routed)         1.282    24.409    u_pl/u_k2/sys_clk_IBUF_BUFG
    SLICE_X82Y76         FDRE                                         r  u_pl/u_k2/cnt_reg[16]/C
                         clock pessimism              0.399    24.808    
                         clock uncertainty           -0.035    24.773    
    SLICE_X82Y76         FDRE (Setup_fdre_C_CE)      -0.136    24.637    u_pl/u_k2/cnt_reg[16]
  -------------------------------------------------------------------
                         required time                         24.637    
                         arrival time                          -8.606    
  -------------------------------------------------------------------
                         slack                                 16.031    

Slack (MET) :             16.080ns  (required time - arrival time)
  Source:                 u_pl/u_k2/cnt_reg[15]/C
                            (rising edge-triggered cell FDRE clocked by sys_clk  {rise@0.000ns fall@10.000ns period=20.000ns})
  Destination:            u_pl/u_k2/cnt_reg[5]/CE
                            (rising edge-triggered cell FDRE clocked by sys_clk  {rise@0.000ns fall@10.000ns period=20.000ns})
  Path Group:             sys_clk
  Path Type:              Setup (Max at Slow Process Corner)
  Requirement:            20.000ns  (sys_clk rise@20.000ns - sys_clk rise@0.000ns)
  Data Path Delay:        3.691ns  (logic 0.840ns (22.758%)  route 2.851ns (77.242%))
  Logic Levels:           3  (LUT4=1 LUT5=1 LUT6=1)
  Clock Path Skew:        -0.058ns (DCD - SCD + CPR)
    Destination Clock Delay (DCD):    4.408ns = ( 24.408 - 20.000 ) 
    Source Clock Delay      (SCD):    4.808ns
    Clock Pessimism Removal (CPR):    0.342ns
  Clock Uncertainty:      0.035ns  ((TSJ^2 + TIJ^2)^1/2 + DJ) / 2 + PE
    Total System Jitter     (TSJ):    0.071ns
    Total Input Jitter      (TIJ):    0.000ns
    Discrete Jitter          (DJ):    0.000ns
    Phase Error              (PE):    0.000ns

    Location             Delay type                Incr(ns)  Path(ns)    Netlist Resource(s)
  -------------------------------------------------------------------    -------------------
                         (clock sys_clk rise edge)    0.000     0.000 r  
    W17                                               0.000     0.000 r  sys_clk (IN)
                         net (fo=0)                   0.000     0.000    sys_clk
    W17                  IBUF (Prop_ibuf_I_O)         1.415     1.415 r  sys_clk_IBUF_inst/O
                         net (fo=1, routed)           1.873     3.288    sys_clk_IBUF
    BUFGCTRL_X0Y4        BUFG (Prop_bufg_I_O)         0.085     3.373 r  sys_clk_IBUF_BUFG_inst/O
                         net (fo=186, routed)         1.435     4.808    u_pl/u_k2/sys_clk_IBUF_BUFG
    SLICE_X82Y76         FDRE                                         r  u_pl/u_k2/cnt_reg[15]/C
  -------------------------------------------------------------------    -------------------
    SLICE_X82Y76         FDRE (Prop_fdre_C_Q)         0.398     5.206 r  u_pl/u_k2/cnt_reg[15]/Q
                         net (fo=3, routed)           1.166     6.372    u_pl/u_k2/cnt[15]
    SLICE_X84Y75         LUT4 (Prop_lut4_I3_O)        0.232     6.604 r  u_pl/u_k2/cnt[20]_i_6__0/O
                         net (fo=1, routed)           0.690     7.294    u_pl/u_k2/cnt[20]_i_6__0_n_0
    SLICE_X82Y74         LUT6 (Prop_lut6_I0_O)        0.105     7.399 r  u_pl/u_k2/cnt[20]_i_3__0/O
                         net (fo=1, routed)           0.677     8.077    u_pl/u_k2/cnt[20]_i_3__0_n_0
    SLICE_X82Y75         LUT5 (Prop_lut5_I0_O)        0.105     8.182 r  u_pl/u_k2/cnt[20]_i_1/O
                         net (fo=21, routed)          0.317     8.499    u_pl/u_k2/cnt[20]_i_1_n_0
    SLICE_X82Y74         FDRE                                         r  u_pl/u_k2/cnt_reg[5]/CE
  -------------------------------------------------------------------    -------------------

                         (clock sys_clk rise edge)   20.000    20.000 r  
    W17                                               0.000    20.000 r  sys_clk (IN)
                         net (fo=0)                   0.000    20.000    sys_clk
    W17                  IBUF (Prop_ibuf_I_O)         1.349    21.349 r  sys_clk_IBUF_inst/O
                         net (fo=1, routed)           1.701    23.050    sys_clk_IBUF
    BUFGCTRL_X0Y4        BUFG (Prop_bufg_I_O)         0.077    23.127 r  sys_clk_IBUF_BUFG_inst/O
                         net (fo=186, routed)         1.281    24.408    u_pl/u_k2/sys_clk_IBUF_BUFG
    SLICE_X82Y74         FDRE                                         r  u_pl/u_k2/cnt_reg[5]/C
                         clock pessimism              0.342    24.750    
                         clock uncertainty           -0.035    24.715    
    SLICE_X82Y74         FDRE (Setup_fdre_C_CE)      -0.136    24.579    u_pl/u_k2/cnt_reg[5]
  -------------------------------------------------------------------
                         required time                         24.579    
                         arrival time                          -8.499    
  -------------------------------------------------------------------
                         slack                                 16.080    

Slack (MET) :             16.080ns  (required time - arrival time)
  Source:                 u_pl/u_k2/cnt_reg[15]/C
                            (rising edge-triggered cell FDRE clocked by sys_clk  {rise@0.000ns fall@10.000ns period=20.000ns})
  Destination:            u_pl/u_k2/cnt_reg[5]/CE
                            (rising edge-triggered cell FDRE clocked by sys_clk  {rise@0.000ns fall@10.000ns period=20.000ns})
  Path Group:             sys_clk
  Path Type:              Setup (Max at Slow Process Corner)
  Requirement:            20.000ns  (sys_clk rise@20.000ns - sys_clk rise@0.000ns)
  Data Path Delay:        3.691ns  (logic 0.840ns (22.758%)  route 2.851ns (77.242%))
  Logic Levels:           3  (LUT4=1 LUT5=1 LUT6=1)
  Clock Path Skew:        -0.058ns (DCD - SCD + CPR)
    Destination Clock Delay (DCD):    4.408ns = ( 24.408 - 20.000 ) 
    Source Clock Delay      (SCD):    4.808ns
    Clock Pessimism Removal (CPR):    0.342ns
  Clock Uncertainty:      0.035ns  ((TSJ^2 + TIJ^2)^1/2 + DJ) / 2 + PE
    Total System Jitter     (TSJ):    0.071ns
    Total Input Jitter      (TIJ):    0.000ns
    Discrete Jitter          (DJ):    0.000ns
    Phase Error              (PE):    0.000ns

    Location             Delay type                Incr(ns)  Path(ns)    Netlist Resource(s)
  -------------------------------------------------------------------    -------------------
                         (clock sys_clk rise edge)    0.000     0.000 r  
    W17                                               0.000     0.000 r  sys_clk (IN)
                         net (fo=0)                   0.000     0.000    sys_clk
    W17                  IBUF (Prop_ibuf_I_O)         1.415     1.415 r  sys_clk_IBUF_inst/O
                         net (fo=1, routed)           1.873     3.288    sys_clk_IBUF
    BUFGCTRL_X0Y4        BUFG (Prop_bufg_I_O)         0.085     3.373 r  sys_clk_IBUF_BUFG_inst/O
                         net (fo=186, routed)         1.435     4.808    u_pl/u_k2/sys_clk_IBUF_BUFG
    SLICE_X82Y76         FDRE                                         r  u_pl/u_k2/cnt_reg[15]/C
  -------------------------------------------------------------------    -------------------
    SLICE_X82Y76         FDRE (Prop_fdre_C_Q)         0.398     5.206 f  u_pl/u_k2/cnt_reg[15]/Q
                         net (fo=3, routed)           1.166     6.372    u_pl/u_k2/cnt[15]
    SLICE_X84Y75         LUT4 (Prop_lut4_I3_O)        0.232     6.604 f  u_pl/u_k2/cnt[20]_i_6__0/O
                         net (fo=1, routed)           0.690     7.294    u_pl/u_k2/cnt[20]_i_6__0_n_0
    SLICE_X82Y74         LUT6 (Prop_lut6_I0_O)        0.105     7.399 f  u_pl/u_k2/cnt[20]_i_3__0/O
                         net (fo=1, routed)           0.677     8.077    u_pl/u_k2/cnt[20]_i_3__0_n_0
    SLICE_X82Y75         LUT5 (Prop_lut5_I0_O)        0.105     8.182 f  u_pl/u_k2/cnt[20]_i_1/O
                         net (fo=21, routed)          0.317     8.499    u_pl/u_k2/cnt[20]_i_1_n_0
    SLICE_X82Y74         FDRE                                         f  u_pl/u_k2/cnt_reg[5]/CE
  -------------------------------------------------------------------    -------------------

                         (clock sys_clk rise edge)   20.000    20.000 r  
    W17                                               0.000    20.000 r  sys_clk (IN)
                         net (fo=0)                   0.000    20.000    sys_clk
    W17                  IBUF (Prop_ibuf_I_O)         1.349    21.349 r  sys_clk_IBUF_inst/O
                         net (fo=1, routed)           1.701    23.050    sys_clk_IBUF
    BUFGCTRL_X0Y4        BUFG (Prop_bufg_I_O)         0.077    23.127 r  sys_clk_IBUF_BUFG_inst/O
                         net (fo=186, routed)         1.281    24.408    u_pl/u_k2/sys_clk_IBUF_BUFG
    SLICE_X82Y74         FDRE                                         r  u_pl/u_k2/cnt_reg[5]/C
                         clock pessimism              0.342    24.750    
                         clock uncertainty           -0.035    24.715    
    SLICE_X82Y74         FDRE (Setup_fdre_C_CE)      -0.136    24.579    u_pl/u_k2/cnt_reg[5]
  -------------------------------------------------------------------
                         required time                         24.579    
                         arrival time                          -8.499    
  -------------------------------------------------------------------
                         slack                                 16.080    

Slack (MET) :             16.080ns  (required time - arrival time)
  Source:                 u_pl/u_k2/cnt_reg[15]/C
                            (rising edge-triggered cell FDRE clocked by sys_clk  {rise@0.000ns fall@10.000ns period=20.000ns})
  Destination:            u_pl/u_k2/cnt_reg[6]/CE
                            (rising edge-triggered cell FDRE clocked by sys_clk  {rise@0.000ns fall@10.000ns period=20.000ns})
  Path Group:             sys_clk
  Path Type:              Setup (Max at Slow Process Corner)
  Requirement:            20.000ns  (sys_clk rise@20.000ns - sys_clk rise@0.000ns)
  Data Path Delay:        3.691ns  (logic 0.840ns (22.758%)  route 2.851ns (77.242%))
  Logic Levels:           3  (LUT4=1 LUT5=1 LUT6=1)
  Clock Path Skew:        -0.058ns (DCD - SCD + CPR)
    Destination Clock Delay (DCD):    4.408ns = ( 24.408 - 20.000 ) 
    Source Clock Delay      (SCD):    4.808ns
    Clock Pessimism Removal (CPR):    0.342ns
  Clock Uncertainty:      0.035ns  ((TSJ^2 + TIJ^2)^1/2 + DJ) / 2 + PE
    Total System Jitter     (TSJ):    0.071ns
    Total Input Jitter      (TIJ):    0.000ns
    Discrete Jitter          (DJ):    0.000ns
    Phase Error              (PE):    0.000ns

    Location             Delay type                Incr(ns)  Path(ns)    Netlist Resource(s)
  -------------------------------------------------------------------    -------------------
                         (clock sys_clk rise edge)    0.000     0.000 r  
    W17                                               0.000     0.000 r  sys_clk (IN)
                         net (fo=0)                   0.000     0.000    sys_clk
    W17                  IBUF (Prop_ibuf_I_O)         1.415     1.415 r  sys_clk_IBUF_inst/O
                         net (fo=1, routed)           1.873     3.288    sys_clk_IBUF
    BUFGCTRL_X0Y4        BUFG (Prop_bufg_I_O)         0.085     3.373 r  sys_clk_IBUF_BUFG_inst/O
                         net (fo=186, routed)         1.435     4.808    u_pl/u_k2/sys_clk_IBUF_BUFG
    SLICE_X82Y76         FDRE                                         r  u_pl/u_k2/cnt_reg[15]/C
  -------------------------------------------------------------------    -------------------
    SLICE_X82Y76         FDRE (Prop_fdre_C_Q)         0.398     5.206 r  u_pl/u_k2/cnt_reg[15]/Q
                         net (fo=3, routed)           1.166     6.372    u_pl/u_k2/cnt[15]
    SLICE_X84Y75         LUT4 (Prop_lut4_I3_O)        0.232     6.604 r  u_pl/u_k2/cnt[20]_i_6__0/O
                         net (fo=1, routed)           0.690     7.294    u_pl/u_k2/cnt[20]_i_6__0_n_0
    SLICE_X82Y74         LUT6 (Prop_lut6_I0_O)        0.105     7.399 r  u_pl/u_k2/cnt[20]_i_3__0/O
                         net (fo=1, routed)           0.677     8.077    u_pl/u_k2/cnt[20]_i_3__0_n_0
    SLICE_X82Y75         LUT5 (Prop_lut5_I0_O)        0.105     8.182 r  u_pl/u_k2/cnt[20]_i_1/O
                         net (fo=21, routed)          0.317     8.499    u_pl/u_k2/cnt[20]_i_1_n_0
    SLICE_X82Y74         FDRE                                         r  u_pl/u_k2/cnt_reg[6]/CE
  -------------------------------------------------------------------    -------------------

                         (clock sys_clk rise edge)   20.000    20.000 r  
    W17                                               0.000    20.000 r  sys_clk (IN)
                         net (fo=0)                   0.000    20.000    sys_clk
    W17                  IBUF (Prop_ibuf_I_O)         1.349    21.349 r  sys_clk_IBUF_inst/O
                         net (fo=1, routed)           1.701    23.050    sys_clk_IBUF
    BUFGCTRL_X0Y4        BUFG (Prop_bufg_I_O)         0.077    23.127 r  sys_clk_IBUF_BUFG_inst/O
                         net (fo=186, routed)         1.281    24.408    u_pl/u_k2/sys_clk_IBUF_BUFG
    SLICE_X82Y74         FDRE                                         r  u_pl/u_k2/cnt_reg[6]/C
                         clock pessimism              0.342    24.750    
                         clock uncertainty           -0.035    24.715    
    SLICE_X82Y74         FDRE (Setup_fdre_C_CE)      -0.136    24.579    u_pl/u_k2/cnt_reg[6]
  -------------------------------------------------------------------
                         required time                         24.579    
                         arrival time                          -8.499    
  -------------------------------------------------------------------
                         slack                                 16.080    

Slack (MET) :             16.080ns  (required time - arrival time)
  Source:                 u_pl/u_k2/cnt_reg[15]/C
                            (rising edge-triggered cell FDRE clocked by sys_clk  {rise@0.000ns fall@10.000ns period=20.000ns})
  Destination:            u_pl/u_k2/cnt_reg[6]/CE
                            (rising edge-triggered cell FDRE clocked by sys_clk  {rise@0.000ns fall@10.000ns period=20.000ns})
  Path Group:             sys_clk
  Path Type:              Setup (Max at Slow Process Corner)
  Requirement:            20.000ns  (sys_clk rise@20.000ns - sys_clk rise@0.000ns)
  Data Path Delay:        3.691ns  (logic 0.840ns (22.758%)  route 2.851ns (77.242%))
  Logic Levels:           3  (LUT4=1 LUT5=1 LUT6=1)
  Clock Path Skew:        -0.058ns (DCD - SCD + CPR)
    Destination Clock Delay (DCD):    4.408ns = ( 24.408 - 20.000 ) 
    Source Clock Delay      (SCD):    4.808ns
    Clock Pessimism Removal (CPR):    0.342ns
  Clock Uncertainty:      0.035ns  ((TSJ^2 + TIJ^2)^1/2 + DJ) / 2 + PE
    Total System Jitter     (TSJ):    0.071ns
    Total Input Jitter      (TIJ):    0.000ns
    Discrete Jitter          (DJ):    0.000ns
    Phase Error              (PE):    0.000ns

    Location             Delay type                Incr(ns)  Path(ns)    Netlist Resource(s)
  -------------------------------------------------------------------    -------------------
                         (clock sys_clk rise edge)    0.000     0.000 r  
    W17                                               0.000     0.000 r  sys_clk (IN)
                         net (fo=0)                   0.000     0.000    sys_clk
    W17                  IBUF (Prop_ibuf_I_O)         1.415     1.415 r  sys_clk_IBUF_inst/O
                         net (fo=1, routed)           1.873     3.288    sys_clk_IBUF
    BUFGCTRL_X0Y4        BUFG (Prop_bufg_I_O)         0.085     3.373 r  sys_clk_IBUF_BUFG_inst/O
                         net (fo=186, routed)         1.435     4.808    u_pl/u_k2/sys_clk_IBUF_BUFG
    SLICE_X82Y76         FDRE                                         r  u_pl/u_k2/cnt_reg[15]/C
  -------------------------------------------------------------------    -------------------
    SLICE_X82Y76         FDRE (Prop_fdre_C_Q)         0.398     5.206 f  u_pl/u_k2/cnt_reg[15]/Q
                         net (fo=3, routed)           1.166     6.372    u_pl/u_k2/cnt[15]
    SLICE_X84Y75         LUT4 (Prop_lut4_I3_O)        0.232     6.604 f  u_pl/u_k2/cnt[20]_i_6__0/O
                         net (fo=1, routed)           0.690     7.294    u_pl/u_k2/cnt[20]_i_6__0_n_0
    SLICE_X82Y74         LUT6 (Prop_lut6_I0_O)        0.105     7.399 f  u_pl/u_k2/cnt[20]_i_3__0/O
                         net (fo=1, routed)           0.677     8.077    u_pl/u_k2/cnt[20]_i_3__0_n_0
    SLICE_X82Y75         LUT5 (Prop_lut5_I0_O)        0.105     8.182 f  u_pl/u_k2/cnt[20]_i_1/O
                         net (fo=21, routed)          0.317     8.499    u_pl/u_k2/cnt[20]_i_1_n_0
    SLICE_X82Y74         FDRE                                         f  u_pl/u_k2/cnt_reg[6]/CE
  -------------------------------------------------------------------    -------------------

                         (clock sys_clk rise edge)   20.000    20.000 r  
    W17                                               0.000    20.000 r  sys_clk (IN)
                         net (fo=0)                   0.000    20.000    sys_clk
    W17                  IBUF (Prop_ibuf_I_O)         1.349    21.349 r  sys_clk_IBUF_inst/O
                         net (fo=1, routed)           1.701    23.050    sys_clk_IBUF
    BUFGCTRL_X0Y4        BUFG (Prop_bufg_I_O)         0.077    23.127 r  sys_clk_IBUF_BUFG_inst/O
                         net (fo=186, routed)         1.281    24.408    u_pl/u_k2/sys_clk_IBUF_BUFG
    SLICE_X82Y74         FDRE                                         r  u_pl/u_k2/cnt_reg[6]/C
                         clock pessimism              0.342    24.750    
                         clock uncertainty           -0.035    24.715    
    SLICE_X82Y74         FDRE (Setup_fdre_C_CE)      -0.136    24.579    u_pl/u_k2/cnt_reg[6]
  -------------------------------------------------------------------
                         required time                         24.579    
                         arrival time                          -8.499    
  -------------------------------------------------------------------
                         slack                                 16.080    

Slack (MET) :             16.080ns  (required time - arrival time)
  Source:                 u_pl/u_k2/cnt_reg[15]/C
                            (rising edge-triggered cell FDRE clocked by sys_clk  {rise@0.000ns fall@10.000ns period=20.000ns})
  Destination:            u_pl/u_k2/cnt_reg[7]/CE
                            (rising edge-triggered cell FDRE clocked by sys_clk  {rise@0.000ns fall@10.000ns period=20.000ns})
  Path Group:             sys_clk
  Path Type:              Setup (Max at Slow Process Corner)
  Requirement:            20.000ns  (sys_clk rise@20.000ns - sys_clk rise@0.000ns)
  Data Path Delay:        3.691ns  (logic 0.840ns (22.758%)  route 2.851ns (77.242%))
  Logic Levels:           3  (LUT4=1 LUT5=1 LUT6=1)
  Clock Path Skew:        -0.058ns (DCD - SCD + CPR)
    Destination Clock Delay (DCD):    4.408ns = ( 24.408 - 20.000 ) 
    Source Clock Delay      (SCD):    4.808ns
    Clock Pessimism Removal (CPR):    0.342ns
  Clock Uncertainty:      0.035ns  ((TSJ^2 + TIJ^2)^1/2 + DJ) / 2 + PE
    Total System Jitter     (TSJ):    0.071ns
    Total Input Jitter      (TIJ):    0.000ns
    Discrete Jitter          (DJ):    0.000ns
    Phase Error              (PE):    0.000ns

    Location             Delay type                Incr(ns)  Path(ns)    Netlist Resource(s)
  -------------------------------------------------------------------    -------------------
                         (clock sys_clk rise edge)    0.000     0.000 r  
    W17                                               0.000     0.000 r  sys_clk (IN)
                         net (fo=0)                   0.000     0.000    sys_clk
    W17                  IBUF (Prop_ibuf_I_O)         1.415     1.415 r  sys_clk_IBUF_inst/O
                         net (fo=1, routed)           1.873     3.288    sys_clk_IBUF
    BUFGCTRL_X0Y4        BUFG (Prop_bufg_I_O)         0.085     3.373 r  sys_clk_IBUF_BUFG_inst/O
                         net (fo=186, routed)         1.435     4.808    u_pl/u_k2/sys_clk_IBUF_BUFG
    SLICE_X82Y76         FDRE                                         r  u_pl/u_k2/cnt_reg[15]/C
  -------------------------------------------------------------------    -------------------
    SLICE_X82Y76         FDRE (Prop_fdre_C_Q)         0.398     5.206 r  u_pl/u_k2/cnt_reg[15]/Q
                         net (fo=3, routed)           1.166     6.372    u_pl/u_k2/cnt[15]
    SLICE_X84Y75         LUT4 (Prop_lut4_I3_O)        0.232     6.604 r  u_pl/u_k2/cnt[20]_i_6__0/O
                         net (fo=1, routed)           0.690     7.294    u_pl/u_k2/cnt[20]_i_6__0_n_0
    SLICE_X82Y74         LUT6 (Prop_lut6_I0_O)        0.105     7.399 r  u_pl/u_k2/cnt[20]_i_3__0/O
                         net (fo=1, routed)           0.677     8.077    u_pl/u_k2/cnt[20]_i_3__0_n_0
    SLICE_X82Y75         LUT5 (Prop_lut5_I0_O)        0.105     8.182 r  u_pl/u_k2/cnt[20]_i_1/O
                         net (fo=21, routed)          0.317     8.499    u_pl/u_k2/cnt[20]_i_1_n_0
    SLICE_X82Y74         FDRE                                         r  u_pl/u_k2/cnt_reg[7]/CE
  -------------------------------------------------------------------    -------------------

                         (clock sys_clk rise edge)   20.000    20.000 r  
    W17                                               0.000    20.000 r  sys_clk (IN)
                         net (fo=0)                   0.000    20.000    sys_clk
    W17                  IBUF (Prop_ibuf_I_O)         1.349    21.349 r  sys_clk_IBUF_inst/O
                         net (fo=1, routed)           1.701    23.050    sys_clk_IBUF
    BUFGCTRL_X0Y4        BUFG (Prop_bufg_I_O)         0.077    23.127 r  sys_clk_IBUF_BUFG_inst/O
                         net (fo=186, routed)         1.281    24.408    u_pl/u_k2/sys_clk_IBUF_BUFG
    SLICE_X82Y74         FDRE                                         r  u_pl/u_k2/cnt_reg[7]/C
                         clock pessimism              0.342    24.750    
                         clock uncertainty           -0.035    24.715    
    SLICE_X82Y74         FDRE (Setup_fdre_C_CE)      -0.136    24.579    u_pl/u_k2/cnt_reg[7]
  -------------------------------------------------------------------
                         required time                         24.579    
                         arrival time                          -8.499    
  -------------------------------------------------------------------
                         slack                                 16.080    




